/*
SQLyog Professional v12.09 (64 bit)
MySQL - 5.7.16 : Database - hap_dev
*********************************************************************
*/

/*!40101 SET NAMES utf8 */;

/*!40101 SET SQL_MODE=''*/;

/*!40014 SET @OLD_UNIQUE_CHECKS=@@UNIQUE_CHECKS, UNIQUE_CHECKS=0 */;
/*!40014 SET @OLD_FOREIGN_KEY_CHECKS=@@FOREIGN_KEY_CHECKS, FOREIGN_KEY_CHECKS=0 */;
/*!40101 SET @OLD_SQL_MODE=@@SQL_MODE, SQL_MODE='NO_AUTO_VALUE_ON_ZERO' */;
/*!40111 SET @OLD_SQL_NOTES=@@SQL_NOTES, SQL_NOTES=0 */;
CREATE DATABASE /*!32312 IF NOT EXISTS*/`hap_dev` /*!40100 DEFAULT CHARACTER SET utf8 */;

USE `hap_dev`;

/*Table structure for table `act_evt_log` */

DROP TABLE IF EXISTS `act_evt_log`;

CREATE TABLE `act_evt_log` (
  `LOG_NR_` bigint(20) NOT NULL AUTO_INCREMENT,
  `TYPE_` varchar(64) COLLATE utf8_bin DEFAULT NULL,
  `PROC_DEF_ID_` varchar(64) COLLATE utf8_bin DEFAULT NULL,
  `PROC_INST_ID_` varchar(64) COLLATE utf8_bin DEFAULT NULL,
  `EXECUTION_ID_` varchar(64) COLLATE utf8_bin DEFAULT NULL,
  `TASK_ID_` varchar(64) COLLATE utf8_bin DEFAULT NULL,
  `TIME_STAMP_` timestamp(3) NOT NULL DEFAULT CURRENT_TIMESTAMP(3) ON UPDATE CURRENT_TIMESTAMP(3),
  `USER_ID_` varchar(255) COLLATE utf8_bin DEFAULT NULL,
  `DATA_` longblob,
  `LOCK_OWNER_` varchar(255) COLLATE utf8_bin DEFAULT NULL,
  `LOCK_TIME_` timestamp(3) NULL DEFAULT NULL,
  `IS_PROCESSED_` tinyint(4) DEFAULT '0',
  PRIMARY KEY (`LOG_NR_`)
) ENGINE=InnoDB DEFAULT CHARSET=utf8 COLLATE=utf8_bin;

/*Data for the table `act_evt_log` */

/*Table structure for table `act_ge_bytearray` */

DROP TABLE IF EXISTS `act_ge_bytearray`;

CREATE TABLE `act_ge_bytearray` (
  `ID_` varchar(64) COLLATE utf8_bin NOT NULL,
  `REV_` int(11) DEFAULT NULL,
  `NAME_` varchar(255) COLLATE utf8_bin DEFAULT NULL,
  `DEPLOYMENT_ID_` varchar(64) COLLATE utf8_bin DEFAULT NULL,
  `BYTES_` longblob,
  `GENERATED_` tinyint(4) DEFAULT NULL,
  PRIMARY KEY (`ID_`),
  KEY `ACT_FK_BYTEARR_DEPL` (`DEPLOYMENT_ID_`),
  CONSTRAINT `ACT_FK_BYTEARR_DEPL` FOREIGN KEY (`DEPLOYMENT_ID_`) REFERENCES `act_re_deployment` (`ID_`)
) ENGINE=InnoDB DEFAULT CHARSET=utf8 COLLATE=utf8_bin;

/*Data for the table `act_ge_bytearray` */

/*Table structure for table `act_ge_property` */

DROP TABLE IF EXISTS `act_ge_property`;

CREATE TABLE `act_ge_property` (
  `NAME_` varchar(64) COLLATE utf8_bin NOT NULL,
  `VALUE_` varchar(300) COLLATE utf8_bin DEFAULT NULL,
  `REV_` int(11) DEFAULT NULL,
  PRIMARY KEY (`NAME_`)
) ENGINE=InnoDB DEFAULT CHARSET=utf8 COLLATE=utf8_bin;

/*Data for the table `act_ge_property` */

insert  into `act_ge_property`(`NAME_`,`VALUE_`,`REV_`) values ('cfg.execution-related-entities-count','false',1),('next.dbid','1',1),('schema.history','create(6.0.0.3)',1),('schema.version','6.0.0.3',1);

/*Table structure for table `act_hi_actinst` */

DROP TABLE IF EXISTS `act_hi_actinst`;

CREATE TABLE `act_hi_actinst` (
  `ID_` varchar(64) COLLATE utf8_bin NOT NULL,
  `PROC_DEF_ID_` varchar(64) COLLATE utf8_bin NOT NULL,
  `PROC_INST_ID_` varchar(64) COLLATE utf8_bin NOT NULL,
  `EXECUTION_ID_` varchar(64) COLLATE utf8_bin NOT NULL,
  `ACT_ID_` varchar(255) COLLATE utf8_bin NOT NULL,
  `TASK_ID_` varchar(64) COLLATE utf8_bin DEFAULT NULL,
  `CALL_PROC_INST_ID_` varchar(64) COLLATE utf8_bin DEFAULT NULL,
  `ACT_NAME_` varchar(255) COLLATE utf8_bin DEFAULT NULL,
  `ACT_TYPE_` varchar(255) COLLATE utf8_bin NOT NULL,
  `ASSIGNEE_` varchar(255) COLLATE utf8_bin DEFAULT NULL,
  `START_TIME_` datetime(3) NOT NULL,
  `END_TIME_` datetime(3) DEFAULT NULL,
  `DURATION_` bigint(20) DEFAULT NULL,
  `DELETE_REASON_` varchar(4000) COLLATE utf8_bin DEFAULT NULL,
  `TENANT_ID_` varchar(255) COLLATE utf8_bin DEFAULT '',
  PRIMARY KEY (`ID_`),
  KEY `ACT_IDX_HI_ACT_INST_START` (`START_TIME_`),
  KEY `ACT_IDX_HI_ACT_INST_END` (`END_TIME_`),
  KEY `ACT_IDX_HI_ACT_INST_PROCINST` (`PROC_INST_ID_`,`ACT_ID_`),
  KEY `ACT_IDX_HI_ACT_INST_EXEC` (`EXECUTION_ID_`,`ACT_ID_`)
) ENGINE=InnoDB DEFAULT CHARSET=utf8 COLLATE=utf8_bin;

/*Data for the table `act_hi_actinst` */

/*Table structure for table `act_hi_attachment` */

DROP TABLE IF EXISTS `act_hi_attachment`;

CREATE TABLE `act_hi_attachment` (
  `ID_` varchar(64) COLLATE utf8_bin NOT NULL,
  `REV_` int(11) DEFAULT NULL,
  `USER_ID_` varchar(255) COLLATE utf8_bin DEFAULT NULL,
  `NAME_` varchar(255) COLLATE utf8_bin DEFAULT NULL,
  `DESCRIPTION_` varchar(4000) COLLATE utf8_bin DEFAULT NULL,
  `TYPE_` varchar(255) COLLATE utf8_bin DEFAULT NULL,
  `TASK_ID_` varchar(64) COLLATE utf8_bin DEFAULT NULL,
  `PROC_INST_ID_` varchar(64) COLLATE utf8_bin DEFAULT NULL,
  `URL_` varchar(4000) COLLATE utf8_bin DEFAULT NULL,
  `CONTENT_ID_` varchar(64) COLLATE utf8_bin DEFAULT NULL,
  `TIME_` datetime(3) DEFAULT NULL,
  PRIMARY KEY (`ID_`)
) ENGINE=InnoDB DEFAULT CHARSET=utf8 COLLATE=utf8_bin;

/*Data for the table `act_hi_attachment` */

/*Table structure for table `act_hi_comment` */

DROP TABLE IF EXISTS `act_hi_comment`;

CREATE TABLE `act_hi_comment` (
  `ID_` varchar(64) COLLATE utf8_bin NOT NULL,
  `TYPE_` varchar(255) COLLATE utf8_bin DEFAULT NULL,
  `TIME_` datetime(3) NOT NULL,
  `USER_ID_` varchar(255) COLLATE utf8_bin DEFAULT NULL,
  `TASK_ID_` varchar(64) COLLATE utf8_bin DEFAULT NULL,
  `PROC_INST_ID_` varchar(64) COLLATE utf8_bin DEFAULT NULL,
  `ACTION_` varchar(255) COLLATE utf8_bin DEFAULT NULL,
  `MESSAGE_` varchar(4000) COLLATE utf8_bin DEFAULT NULL,
  `FULL_MSG_` longblob,
  PRIMARY KEY (`ID_`)
) ENGINE=InnoDB DEFAULT CHARSET=utf8 COLLATE=utf8_bin;

/*Data for the table `act_hi_comment` */

/*Table structure for table `act_hi_detail` */

DROP TABLE IF EXISTS `act_hi_detail`;

CREATE TABLE `act_hi_detail` (
  `ID_` varchar(64) COLLATE utf8_bin NOT NULL,
  `TYPE_` varchar(255) COLLATE utf8_bin NOT NULL,
  `PROC_INST_ID_` varchar(64) COLLATE utf8_bin DEFAULT NULL,
  `EXECUTION_ID_` varchar(64) COLLATE utf8_bin DEFAULT NULL,
  `TASK_ID_` varchar(64) COLLATE utf8_bin DEFAULT NULL,
  `ACT_INST_ID_` varchar(64) COLLATE utf8_bin DEFAULT NULL,
  `NAME_` varchar(255) COLLATE utf8_bin NOT NULL,
  `VAR_TYPE_` varchar(255) COLLATE utf8_bin DEFAULT NULL,
  `REV_` int(11) DEFAULT NULL,
  `TIME_` datetime(3) NOT NULL,
  `BYTEARRAY_ID_` varchar(64) COLLATE utf8_bin DEFAULT NULL,
  `DOUBLE_` double DEFAULT NULL,
  `LONG_` bigint(20) DEFAULT NULL,
  `TEXT_` varchar(4000) COLLATE utf8_bin DEFAULT NULL,
  `TEXT2_` varchar(4000) COLLATE utf8_bin DEFAULT NULL,
  PRIMARY KEY (`ID_`),
  KEY `ACT_IDX_HI_DETAIL_PROC_INST` (`PROC_INST_ID_`),
  KEY `ACT_IDX_HI_DETAIL_ACT_INST` (`ACT_INST_ID_`),
  KEY `ACT_IDX_HI_DETAIL_TIME` (`TIME_`),
  KEY `ACT_IDX_HI_DETAIL_NAME` (`NAME_`),
  KEY `ACT_IDX_HI_DETAIL_TASK_ID` (`TASK_ID_`)
) ENGINE=InnoDB DEFAULT CHARSET=utf8 COLLATE=utf8_bin;

/*Data for the table `act_hi_detail` */

/*Table structure for table `act_hi_identitylink` */

DROP TABLE IF EXISTS `act_hi_identitylink`;

CREATE TABLE `act_hi_identitylink` (
  `ID_` varchar(64) COLLATE utf8_bin NOT NULL,
  `GROUP_ID_` varchar(255) COLLATE utf8_bin DEFAULT NULL,
  `TYPE_` varchar(255) COLLATE utf8_bin DEFAULT NULL,
  `USER_ID_` varchar(255) COLLATE utf8_bin DEFAULT NULL,
  `TASK_ID_` varchar(64) COLLATE utf8_bin DEFAULT NULL,
  `PROC_INST_ID_` varchar(64) COLLATE utf8_bin DEFAULT NULL,
  PRIMARY KEY (`ID_`),
  KEY `ACT_IDX_HI_IDENT_LNK_USER` (`USER_ID_`),
  KEY `ACT_IDX_HI_IDENT_LNK_TASK` (`TASK_ID_`),
  KEY `ACT_IDX_HI_IDENT_LNK_PROCINST` (`PROC_INST_ID_`)
) ENGINE=InnoDB DEFAULT CHARSET=utf8 COLLATE=utf8_bin;

/*Data for the table `act_hi_identitylink` */

/*Table structure for table `act_hi_procinst` */

DROP TABLE IF EXISTS `act_hi_procinst`;

CREATE TABLE `act_hi_procinst` (
  `ID_` varchar(64) COLLATE utf8_bin NOT NULL,
  `PROC_INST_ID_` varchar(64) COLLATE utf8_bin NOT NULL,
  `BUSINESS_KEY_` varchar(255) COLLATE utf8_bin DEFAULT NULL,
  `PROC_DEF_ID_` varchar(64) COLLATE utf8_bin NOT NULL,
  `START_TIME_` datetime(3) NOT NULL,
  `END_TIME_` datetime(3) DEFAULT NULL,
  `DURATION_` bigint(20) DEFAULT NULL,
  `START_USER_ID_` varchar(255) COLLATE utf8_bin DEFAULT NULL,
  `START_ACT_ID_` varchar(255) COLLATE utf8_bin DEFAULT NULL,
  `END_ACT_ID_` varchar(255) COLLATE utf8_bin DEFAULT NULL,
  `SUPER_PROCESS_INSTANCE_ID_` varchar(64) COLLATE utf8_bin DEFAULT NULL,
  `DELETE_REASON_` varchar(4000) COLLATE utf8_bin DEFAULT NULL,
  `TENANT_ID_` varchar(255) COLLATE utf8_bin DEFAULT '',
  `NAME_` varchar(255) COLLATE utf8_bin DEFAULT NULL,
  PRIMARY KEY (`ID_`),
  UNIQUE KEY `PROC_INST_ID_` (`PROC_INST_ID_`),
  KEY `ACT_IDX_HI_PRO_INST_END` (`END_TIME_`),
  KEY `ACT_IDX_HI_PRO_I_BUSKEY` (`BUSINESS_KEY_`)
) ENGINE=InnoDB DEFAULT CHARSET=utf8 COLLATE=utf8_bin;

/*Data for the table `act_hi_procinst` */

/*Table structure for table `act_hi_taskinst` */

DROP TABLE IF EXISTS `act_hi_taskinst`;

CREATE TABLE `act_hi_taskinst` (
  `ID_` varchar(64) COLLATE utf8_bin NOT NULL,
  `PROC_DEF_ID_` varchar(64) COLLATE utf8_bin DEFAULT NULL,
  `TASK_DEF_KEY_` varchar(255) COLLATE utf8_bin DEFAULT NULL,
  `PROC_INST_ID_` varchar(64) COLLATE utf8_bin DEFAULT NULL,
  `EXECUTION_ID_` varchar(64) COLLATE utf8_bin DEFAULT NULL,
  `NAME_` varchar(255) COLLATE utf8_bin DEFAULT NULL,
  `PARENT_TASK_ID_` varchar(64) COLLATE utf8_bin DEFAULT NULL,
  `DESCRIPTION_` varchar(4000) COLLATE utf8_bin DEFAULT NULL,
  `OWNER_` varchar(255) COLLATE utf8_bin DEFAULT NULL,
  `ASSIGNEE_` varchar(255) COLLATE utf8_bin DEFAULT NULL,
  `START_TIME_` datetime(3) NOT NULL,
  `CLAIM_TIME_` datetime(3) DEFAULT NULL,
  `END_TIME_` datetime(3) DEFAULT NULL,
  `DURATION_` bigint(20) DEFAULT NULL,
  `DELETE_REASON_` varchar(4000) COLLATE utf8_bin DEFAULT NULL,
  `PRIORITY_` int(11) DEFAULT NULL,
  `DUE_DATE_` datetime(3) DEFAULT NULL,
  `FORM_KEY_` varchar(255) COLLATE utf8_bin DEFAULT NULL,
  `CATEGORY_` varchar(255) COLLATE utf8_bin DEFAULT NULL,
  `TENANT_ID_` varchar(255) COLLATE utf8_bin DEFAULT '',
  PRIMARY KEY (`ID_`),
  KEY `ACT_IDX_HI_TASK_INST_PROCINST` (`PROC_INST_ID_`)
) ENGINE=InnoDB DEFAULT CHARSET=utf8 COLLATE=utf8_bin;

/*Data for the table `act_hi_taskinst` */

/*Table structure for table `act_hi_varinst` */

DROP TABLE IF EXISTS `act_hi_varinst`;

CREATE TABLE `act_hi_varinst` (
  `ID_` varchar(64) COLLATE utf8_bin NOT NULL,
  `PROC_INST_ID_` varchar(64) COLLATE utf8_bin DEFAULT NULL,
  `EXECUTION_ID_` varchar(64) COLLATE utf8_bin DEFAULT NULL,
  `TASK_ID_` varchar(64) COLLATE utf8_bin DEFAULT NULL,
  `NAME_` varchar(255) COLLATE utf8_bin NOT NULL,
  `VAR_TYPE_` varchar(100) COLLATE utf8_bin DEFAULT NULL,
  `REV_` int(11) DEFAULT NULL,
  `BYTEARRAY_ID_` varchar(64) COLLATE utf8_bin DEFAULT NULL,
  `DOUBLE_` double DEFAULT NULL,
  `LONG_` bigint(20) DEFAULT NULL,
  `TEXT_` varchar(4000) COLLATE utf8_bin DEFAULT NULL,
  `TEXT2_` varchar(4000) COLLATE utf8_bin DEFAULT NULL,
  `CREATE_TIME_` datetime(3) DEFAULT NULL,
  `LAST_UPDATED_TIME_` datetime(3) DEFAULT NULL,
  PRIMARY KEY (`ID_`),
  KEY `ACT_IDX_HI_PROCVAR_PROC_INST` (`PROC_INST_ID_`),
  KEY `ACT_IDX_HI_PROCVAR_NAME_TYPE` (`NAME_`,`VAR_TYPE_`),
  KEY `ACT_IDX_HI_PROCVAR_TASK_ID` (`TASK_ID_`)
) ENGINE=InnoDB DEFAULT CHARSET=utf8 COLLATE=utf8_bin;

/*Data for the table `act_hi_varinst` */

/*Table structure for table `act_id_group` */

DROP TABLE IF EXISTS `act_id_group`;

CREATE TABLE `act_id_group` (
  `ID_` varchar(64) COLLATE utf8_bin NOT NULL,
  `REV_` int(11) DEFAULT NULL,
  `NAME_` varchar(255) COLLATE utf8_bin DEFAULT NULL,
  `TYPE_` varchar(255) COLLATE utf8_bin DEFAULT NULL,
  PRIMARY KEY (`ID_`)
) ENGINE=InnoDB DEFAULT CHARSET=utf8 COLLATE=utf8_bin;

/*Data for the table `act_id_group` */

/*Table structure for table `act_id_info` */

DROP TABLE IF EXISTS `act_id_info`;

CREATE TABLE `act_id_info` (
  `ID_` varchar(64) COLLATE utf8_bin NOT NULL,
  `REV_` int(11) DEFAULT NULL,
  `USER_ID_` varchar(64) COLLATE utf8_bin DEFAULT NULL,
  `TYPE_` varchar(64) COLLATE utf8_bin DEFAULT NULL,
  `KEY_` varchar(255) COLLATE utf8_bin DEFAULT NULL,
  `VALUE_` varchar(255) COLLATE utf8_bin DEFAULT NULL,
  `PASSWORD_` longblob,
  `PARENT_ID_` varchar(255) COLLATE utf8_bin DEFAULT NULL,
  PRIMARY KEY (`ID_`)
) ENGINE=InnoDB DEFAULT CHARSET=utf8 COLLATE=utf8_bin;

/*Data for the table `act_id_info` */

/*Table structure for table `act_id_membership` */

DROP TABLE IF EXISTS `act_id_membership`;

CREATE TABLE `act_id_membership` (
  `USER_ID_` varchar(64) COLLATE utf8_bin NOT NULL,
  `GROUP_ID_` varchar(64) COLLATE utf8_bin NOT NULL,
  PRIMARY KEY (`USER_ID_`,`GROUP_ID_`),
  KEY `ACT_FK_MEMB_GROUP` (`GROUP_ID_`),
  CONSTRAINT `ACT_FK_MEMB_GROUP` FOREIGN KEY (`GROUP_ID_`) REFERENCES `act_id_group` (`ID_`),
  CONSTRAINT `ACT_FK_MEMB_USER` FOREIGN KEY (`USER_ID_`) REFERENCES `act_id_user` (`ID_`)
) ENGINE=InnoDB DEFAULT CHARSET=utf8 COLLATE=utf8_bin;

/*Data for the table `act_id_membership` */

/*Table structure for table `act_id_user` */

DROP TABLE IF EXISTS `act_id_user`;

CREATE TABLE `act_id_user` (
  `ID_` varchar(64) COLLATE utf8_bin NOT NULL,
  `REV_` int(11) DEFAULT NULL,
  `FIRST_` varchar(255) COLLATE utf8_bin DEFAULT NULL,
  `LAST_` varchar(255) COLLATE utf8_bin DEFAULT NULL,
  `EMAIL_` varchar(255) COLLATE utf8_bin DEFAULT NULL,
  `PWD_` varchar(255) COLLATE utf8_bin DEFAULT NULL,
  `PICTURE_ID_` varchar(64) COLLATE utf8_bin DEFAULT NULL,
  PRIMARY KEY (`ID_`)
) ENGINE=InnoDB DEFAULT CHARSET=utf8 COLLATE=utf8_bin;

/*Data for the table `act_id_user` */

/*Table structure for table `act_procdef_info` */

DROP TABLE IF EXISTS `act_procdef_info`;

CREATE TABLE `act_procdef_info` (
  `ID_` varchar(64) COLLATE utf8_bin NOT NULL,
  `PROC_DEF_ID_` varchar(64) COLLATE utf8_bin NOT NULL,
  `REV_` int(11) DEFAULT NULL,
  `INFO_JSON_ID_` varchar(64) COLLATE utf8_bin DEFAULT NULL,
  PRIMARY KEY (`ID_`),
  UNIQUE KEY `ACT_UNIQ_INFO_PROCDEF` (`PROC_DEF_ID_`),
  KEY `ACT_IDX_INFO_PROCDEF` (`PROC_DEF_ID_`),
  KEY `ACT_FK_INFO_JSON_BA` (`INFO_JSON_ID_`),
  CONSTRAINT `ACT_FK_INFO_JSON_BA` FOREIGN KEY (`INFO_JSON_ID_`) REFERENCES `act_ge_bytearray` (`ID_`),
  CONSTRAINT `ACT_FK_INFO_PROCDEF` FOREIGN KEY (`PROC_DEF_ID_`) REFERENCES `act_re_procdef` (`ID_`)
) ENGINE=InnoDB DEFAULT CHARSET=utf8 COLLATE=utf8_bin;

/*Data for the table `act_procdef_info` */

/*Table structure for table `act_re_deployment` */

DROP TABLE IF EXISTS `act_re_deployment`;

CREATE TABLE `act_re_deployment` (
  `ID_` varchar(64) COLLATE utf8_bin NOT NULL,
  `NAME_` varchar(255) COLLATE utf8_bin DEFAULT NULL,
  `CATEGORY_` varchar(255) COLLATE utf8_bin DEFAULT NULL,
  `KEY_` varchar(255) COLLATE utf8_bin DEFAULT NULL,
  `TENANT_ID_` varchar(255) COLLATE utf8_bin DEFAULT '',
  `DEPLOY_TIME_` timestamp(3) NULL DEFAULT NULL,
  `ENGINE_VERSION_` varchar(255) COLLATE utf8_bin DEFAULT NULL,
  PRIMARY KEY (`ID_`)
) ENGINE=InnoDB DEFAULT CHARSET=utf8 COLLATE=utf8_bin;

/*Data for the table `act_re_deployment` */

/*Table structure for table `act_re_model` */

DROP TABLE IF EXISTS `act_re_model`;

CREATE TABLE `act_re_model` (
  `ID_` varchar(64) COLLATE utf8_bin NOT NULL,
  `REV_` int(11) DEFAULT NULL,
  `NAME_` varchar(255) COLLATE utf8_bin DEFAULT NULL,
  `KEY_` varchar(255) COLLATE utf8_bin DEFAULT NULL,
  `CATEGORY_` varchar(255) COLLATE utf8_bin DEFAULT NULL,
  `CREATE_TIME_` timestamp(3) NULL DEFAULT NULL,
  `LAST_UPDATE_TIME_` timestamp(3) NULL DEFAULT NULL,
  `VERSION_` int(11) DEFAULT NULL,
  `META_INFO_` varchar(4000) COLLATE utf8_bin DEFAULT NULL,
  `DEPLOYMENT_ID_` varchar(64) COLLATE utf8_bin DEFAULT NULL,
  `EDITOR_SOURCE_VALUE_ID_` varchar(64) COLLATE utf8_bin DEFAULT NULL,
  `EDITOR_SOURCE_EXTRA_VALUE_ID_` varchar(64) COLLATE utf8_bin DEFAULT NULL,
  `TENANT_ID_` varchar(255) COLLATE utf8_bin DEFAULT '',
  PRIMARY KEY (`ID_`),
  KEY `ACT_FK_MODEL_SOURCE` (`EDITOR_SOURCE_VALUE_ID_`),
  KEY `ACT_FK_MODEL_SOURCE_EXTRA` (`EDITOR_SOURCE_EXTRA_VALUE_ID_`),
  KEY `ACT_FK_MODEL_DEPLOYMENT` (`DEPLOYMENT_ID_`),
  CONSTRAINT `ACT_FK_MODEL_DEPLOYMENT` FOREIGN KEY (`DEPLOYMENT_ID_`) REFERENCES `act_re_deployment` (`ID_`),
  CONSTRAINT `ACT_FK_MODEL_SOURCE` FOREIGN KEY (`EDITOR_SOURCE_VALUE_ID_`) REFERENCES `act_ge_bytearray` (`ID_`),
  CONSTRAINT `ACT_FK_MODEL_SOURCE_EXTRA` FOREIGN KEY (`EDITOR_SOURCE_EXTRA_VALUE_ID_`) REFERENCES `act_ge_bytearray` (`ID_`)
) ENGINE=InnoDB DEFAULT CHARSET=utf8 COLLATE=utf8_bin;

/*Data for the table `act_re_model` */

/*Table structure for table `act_re_procdef` */

DROP TABLE IF EXISTS `act_re_procdef`;

CREATE TABLE `act_re_procdef` (
  `ID_` varchar(64) COLLATE utf8_bin NOT NULL,
  `REV_` int(11) DEFAULT NULL,
  `CATEGORY_` varchar(255) COLLATE utf8_bin DEFAULT NULL,
  `NAME_` varchar(255) COLLATE utf8_bin DEFAULT NULL,
  `KEY_` varchar(255) COLLATE utf8_bin NOT NULL,
  `VERSION_` int(11) NOT NULL,
  `DEPLOYMENT_ID_` varchar(64) COLLATE utf8_bin DEFAULT NULL,
  `RESOURCE_NAME_` varchar(4000) COLLATE utf8_bin DEFAULT NULL,
  `DGRM_RESOURCE_NAME_` varchar(4000) COLLATE utf8_bin DEFAULT NULL,
  `DESCRIPTION_` varchar(4000) COLLATE utf8_bin DEFAULT NULL,
  `HAS_START_FORM_KEY_` tinyint(4) DEFAULT NULL,
  `HAS_GRAPHICAL_NOTATION_` tinyint(4) DEFAULT NULL,
  `SUSPENSION_STATE_` int(11) DEFAULT NULL,
  `TENANT_ID_` varchar(255) COLLATE utf8_bin DEFAULT '',
  `ENGINE_VERSION_` varchar(255) COLLATE utf8_bin DEFAULT NULL,
  PRIMARY KEY (`ID_`),
  UNIQUE KEY `ACT_UNIQ_PROCDEF` (`KEY_`,`VERSION_`,`TENANT_ID_`)
) ENGINE=InnoDB DEFAULT CHARSET=utf8 COLLATE=utf8_bin;

/*Data for the table `act_re_procdef` */

/*Table structure for table `act_ru_deadletter_job` */

DROP TABLE IF EXISTS `act_ru_deadletter_job`;

CREATE TABLE `act_ru_deadletter_job` (
  `ID_` varchar(64) COLLATE utf8_bin NOT NULL,
  `REV_` int(11) DEFAULT NULL,
  `TYPE_` varchar(255) COLLATE utf8_bin NOT NULL,
  `EXCLUSIVE_` tinyint(1) DEFAULT NULL,
  `EXECUTION_ID_` varchar(64) COLLATE utf8_bin DEFAULT NULL,
  `PROCESS_INSTANCE_ID_` varchar(64) COLLATE utf8_bin DEFAULT NULL,
  `PROC_DEF_ID_` varchar(64) COLLATE utf8_bin DEFAULT NULL,
  `EXCEPTION_STACK_ID_` varchar(64) COLLATE utf8_bin DEFAULT NULL,
  `EXCEPTION_MSG_` varchar(4000) COLLATE utf8_bin DEFAULT NULL,
  `DUEDATE_` timestamp(3) NULL DEFAULT NULL,
  `REPEAT_` varchar(255) COLLATE utf8_bin DEFAULT NULL,
  `HANDLER_TYPE_` varchar(255) COLLATE utf8_bin DEFAULT NULL,
  `HANDLER_CFG_` varchar(4000) COLLATE utf8_bin DEFAULT NULL,
  `TENANT_ID_` varchar(255) COLLATE utf8_bin DEFAULT '',
  PRIMARY KEY (`ID_`),
  KEY `ACT_FK_DEADLETTER_JOB_EXECUTION` (`EXECUTION_ID_`),
  KEY `ACT_FK_DEADLETTER_JOB_PROCESS_INSTANCE` (`PROCESS_INSTANCE_ID_`),
  KEY `ACT_FK_DEADLETTER_JOB_PROC_DEF` (`PROC_DEF_ID_`),
  KEY `ACT_FK_DEADLETTER_JOB_EXCEPTION` (`EXCEPTION_STACK_ID_`),
  CONSTRAINT `ACT_FK_DEADLETTER_JOB_EXCEPTION` FOREIGN KEY (`EXCEPTION_STACK_ID_`) REFERENCES `act_ge_bytearray` (`ID_`),
  CONSTRAINT `ACT_FK_DEADLETTER_JOB_EXECUTION` FOREIGN KEY (`EXECUTION_ID_`) REFERENCES `act_ru_execution` (`ID_`),
  CONSTRAINT `ACT_FK_DEADLETTER_JOB_PROCESS_INSTANCE` FOREIGN KEY (`PROCESS_INSTANCE_ID_`) REFERENCES `act_ru_execution` (`ID_`),
  CONSTRAINT `ACT_FK_DEADLETTER_JOB_PROC_DEF` FOREIGN KEY (`PROC_DEF_ID_`) REFERENCES `act_re_procdef` (`ID_`)
) ENGINE=InnoDB DEFAULT CHARSET=utf8 COLLATE=utf8_bin;

/*Data for the table `act_ru_deadletter_job` */

/*Table structure for table `act_ru_event_subscr` */

DROP TABLE IF EXISTS `act_ru_event_subscr`;

CREATE TABLE `act_ru_event_subscr` (
  `ID_` varchar(64) COLLATE utf8_bin NOT NULL,
  `REV_` int(11) DEFAULT NULL,
  `EVENT_TYPE_` varchar(255) COLLATE utf8_bin NOT NULL,
  `EVENT_NAME_` varchar(255) COLLATE utf8_bin DEFAULT NULL,
  `EXECUTION_ID_` varchar(64) COLLATE utf8_bin DEFAULT NULL,
  `PROC_INST_ID_` varchar(64) COLLATE utf8_bin DEFAULT NULL,
  `ACTIVITY_ID_` varchar(64) COLLATE utf8_bin DEFAULT NULL,
  `CONFIGURATION_` varchar(255) COLLATE utf8_bin DEFAULT NULL,
  `CREATED_` timestamp(3) NOT NULL DEFAULT CURRENT_TIMESTAMP(3),
  `PROC_DEF_ID_` varchar(64) COLLATE utf8_bin DEFAULT NULL,
  `TENANT_ID_` varchar(255) COLLATE utf8_bin DEFAULT '',
  PRIMARY KEY (`ID_`),
  KEY `ACT_IDX_EVENT_SUBSCR_CONFIG_` (`CONFIGURATION_`),
  KEY `ACT_FK_EVENT_EXEC` (`EXECUTION_ID_`),
  CONSTRAINT `ACT_FK_EVENT_EXEC` FOREIGN KEY (`EXECUTION_ID_`) REFERENCES `act_ru_execution` (`ID_`)
) ENGINE=InnoDB DEFAULT CHARSET=utf8 COLLATE=utf8_bin;

/*Data for the table `act_ru_event_subscr` */

/*Table structure for table `act_ru_execution` */

DROP TABLE IF EXISTS `act_ru_execution`;

CREATE TABLE `act_ru_execution` (
  `ID_` varchar(64) COLLATE utf8_bin NOT NULL,
  `REV_` int(11) DEFAULT NULL,
  `PROC_INST_ID_` varchar(64) COLLATE utf8_bin DEFAULT NULL,
  `BUSINESS_KEY_` varchar(255) COLLATE utf8_bin DEFAULT NULL,
  `PARENT_ID_` varchar(64) COLLATE utf8_bin DEFAULT NULL,
  `PROC_DEF_ID_` varchar(64) COLLATE utf8_bin DEFAULT NULL,
  `SUPER_EXEC_` varchar(64) COLLATE utf8_bin DEFAULT NULL,
  `ROOT_PROC_INST_ID_` varchar(64) COLLATE utf8_bin DEFAULT NULL,
  `ACT_ID_` varchar(255) COLLATE utf8_bin DEFAULT NULL,
  `IS_ACTIVE_` tinyint(4) DEFAULT NULL,
  `IS_CONCURRENT_` tinyint(4) DEFAULT NULL,
  `IS_SCOPE_` tinyint(4) DEFAULT NULL,
  `IS_EVENT_SCOPE_` tinyint(4) DEFAULT NULL,
  `IS_MI_ROOT_` tinyint(4) DEFAULT NULL,
  `SUSPENSION_STATE_` int(11) DEFAULT NULL,
  `CACHED_ENT_STATE_` int(11) DEFAULT NULL,
  `TENANT_ID_` varchar(255) COLLATE utf8_bin DEFAULT '',
  `NAME_` varchar(255) COLLATE utf8_bin DEFAULT NULL,
  `START_TIME_` datetime(3) DEFAULT NULL,
  `START_USER_ID_` varchar(255) COLLATE utf8_bin DEFAULT NULL,
  `LOCK_TIME_` timestamp(3) NULL DEFAULT NULL,
  `IS_COUNT_ENABLED_` tinyint(4) DEFAULT NULL,
  `EVT_SUBSCR_COUNT_` int(11) DEFAULT NULL,
  `TASK_COUNT_` int(11) DEFAULT NULL,
  `JOB_COUNT_` int(11) DEFAULT NULL,
  `TIMER_JOB_COUNT_` int(11) DEFAULT NULL,
  `SUSP_JOB_COUNT_` int(11) DEFAULT NULL,
  `DEADLETTER_JOB_COUNT_` int(11) DEFAULT NULL,
  `VAR_COUNT_` int(11) DEFAULT NULL,
  `ID_LINK_COUNT_` int(11) DEFAULT NULL,
  PRIMARY KEY (`ID_`),
  KEY `ACT_IDX_EXEC_BUSKEY` (`BUSINESS_KEY_`),
  KEY `ACT_IDC_EXEC_ROOT` (`ROOT_PROC_INST_ID_`),
  KEY `ACT_FK_EXE_PROCINST` (`PROC_INST_ID_`),
  KEY `ACT_FK_EXE_PARENT` (`PARENT_ID_`),
  KEY `ACT_FK_EXE_SUPER` (`SUPER_EXEC_`),
  KEY `ACT_FK_EXE_PROCDEF` (`PROC_DEF_ID_`),
  CONSTRAINT `ACT_FK_EXE_PARENT` FOREIGN KEY (`PARENT_ID_`) REFERENCES `act_ru_execution` (`ID_`) ON DELETE CASCADE,
  CONSTRAINT `ACT_FK_EXE_PROCDEF` FOREIGN KEY (`PROC_DEF_ID_`) REFERENCES `act_re_procdef` (`ID_`),
  CONSTRAINT `ACT_FK_EXE_PROCINST` FOREIGN KEY (`PROC_INST_ID_`) REFERENCES `act_ru_execution` (`ID_`) ON DELETE CASCADE ON UPDATE CASCADE,
  CONSTRAINT `ACT_FK_EXE_SUPER` FOREIGN KEY (`SUPER_EXEC_`) REFERENCES `act_ru_execution` (`ID_`) ON DELETE CASCADE
) ENGINE=InnoDB DEFAULT CHARSET=utf8 COLLATE=utf8_bin;

/*Data for the table `act_ru_execution` */

/*Table structure for table `act_ru_identitylink` */

DROP TABLE IF EXISTS `act_ru_identitylink`;

CREATE TABLE `act_ru_identitylink` (
  `ID_` varchar(64) COLLATE utf8_bin NOT NULL,
  `REV_` int(11) DEFAULT NULL,
  `GROUP_ID_` varchar(255) COLLATE utf8_bin DEFAULT NULL,
  `TYPE_` varchar(255) COLLATE utf8_bin DEFAULT NULL,
  `USER_ID_` varchar(255) COLLATE utf8_bin DEFAULT NULL,
  `TASK_ID_` varchar(64) COLLATE utf8_bin DEFAULT NULL,
  `PROC_INST_ID_` varchar(64) COLLATE utf8_bin DEFAULT NULL,
  `PROC_DEF_ID_` varchar(64) COLLATE utf8_bin DEFAULT NULL,
  PRIMARY KEY (`ID_`),
  KEY `ACT_IDX_IDENT_LNK_USER` (`USER_ID_`),
  KEY `ACT_IDX_IDENT_LNK_GROUP` (`GROUP_ID_`),
  KEY `ACT_IDX_ATHRZ_PROCEDEF` (`PROC_DEF_ID_`),
  KEY `ACT_FK_TSKASS_TASK` (`TASK_ID_`),
  KEY `ACT_FK_IDL_PROCINST` (`PROC_INST_ID_`),
  CONSTRAINT `ACT_FK_ATHRZ_PROCEDEF` FOREIGN KEY (`PROC_DEF_ID_`) REFERENCES `act_re_procdef` (`ID_`),
  CONSTRAINT `ACT_FK_IDL_PROCINST` FOREIGN KEY (`PROC_INST_ID_`) REFERENCES `act_ru_execution` (`ID_`),
  CONSTRAINT `ACT_FK_TSKASS_TASK` FOREIGN KEY (`TASK_ID_`) REFERENCES `act_ru_task` (`ID_`)
) ENGINE=InnoDB DEFAULT CHARSET=utf8 COLLATE=utf8_bin;

/*Data for the table `act_ru_identitylink` */

/*Table structure for table `act_ru_job` */

DROP TABLE IF EXISTS `act_ru_job`;

CREATE TABLE `act_ru_job` (
  `ID_` varchar(64) COLLATE utf8_bin NOT NULL,
  `REV_` int(11) DEFAULT NULL,
  `TYPE_` varchar(255) COLLATE utf8_bin NOT NULL,
  `LOCK_EXP_TIME_` timestamp(3) NULL DEFAULT NULL,
  `LOCK_OWNER_` varchar(255) COLLATE utf8_bin DEFAULT NULL,
  `EXCLUSIVE_` tinyint(1) DEFAULT NULL,
  `EXECUTION_ID_` varchar(64) COLLATE utf8_bin DEFAULT NULL,
  `PROCESS_INSTANCE_ID_` varchar(64) COLLATE utf8_bin DEFAULT NULL,
  `PROC_DEF_ID_` varchar(64) COLLATE utf8_bin DEFAULT NULL,
  `RETRIES_` int(11) DEFAULT NULL,
  `EXCEPTION_STACK_ID_` varchar(64) COLLATE utf8_bin DEFAULT NULL,
  `EXCEPTION_MSG_` varchar(4000) COLLATE utf8_bin DEFAULT NULL,
  `DUEDATE_` timestamp(3) NULL DEFAULT NULL,
  `REPEAT_` varchar(255) COLLATE utf8_bin DEFAULT NULL,
  `HANDLER_TYPE_` varchar(255) COLLATE utf8_bin DEFAULT NULL,
  `HANDLER_CFG_` varchar(4000) COLLATE utf8_bin DEFAULT NULL,
  `TENANT_ID_` varchar(255) COLLATE utf8_bin DEFAULT '',
  PRIMARY KEY (`ID_`),
  KEY `ACT_FK_JOB_EXECUTION` (`EXECUTION_ID_`),
  KEY `ACT_FK_JOB_PROCESS_INSTANCE` (`PROCESS_INSTANCE_ID_`),
  KEY `ACT_FK_JOB_PROC_DEF` (`PROC_DEF_ID_`),
  KEY `ACT_FK_JOB_EXCEPTION` (`EXCEPTION_STACK_ID_`),
  CONSTRAINT `ACT_FK_JOB_EXCEPTION` FOREIGN KEY (`EXCEPTION_STACK_ID_`) REFERENCES `act_ge_bytearray` (`ID_`),
  CONSTRAINT `ACT_FK_JOB_EXECUTION` FOREIGN KEY (`EXECUTION_ID_`) REFERENCES `act_ru_execution` (`ID_`),
  CONSTRAINT `ACT_FK_JOB_PROCESS_INSTANCE` FOREIGN KEY (`PROCESS_INSTANCE_ID_`) REFERENCES `act_ru_execution` (`ID_`),
  CONSTRAINT `ACT_FK_JOB_PROC_DEF` FOREIGN KEY (`PROC_DEF_ID_`) REFERENCES `act_re_procdef` (`ID_`)
) ENGINE=InnoDB DEFAULT CHARSET=utf8 COLLATE=utf8_bin;

/*Data for the table `act_ru_job` */

/*Table structure for table `act_ru_suspended_job` */

DROP TABLE IF EXISTS `act_ru_suspended_job`;

CREATE TABLE `act_ru_suspended_job` (
  `ID_` varchar(64) COLLATE utf8_bin NOT NULL,
  `REV_` int(11) DEFAULT NULL,
  `TYPE_` varchar(255) COLLATE utf8_bin NOT NULL,
  `EXCLUSIVE_` tinyint(1) DEFAULT NULL,
  `EXECUTION_ID_` varchar(64) COLLATE utf8_bin DEFAULT NULL,
  `PROCESS_INSTANCE_ID_` varchar(64) COLLATE utf8_bin DEFAULT NULL,
  `PROC_DEF_ID_` varchar(64) COLLATE utf8_bin DEFAULT NULL,
  `RETRIES_` int(11) DEFAULT NULL,
  `EXCEPTION_STACK_ID_` varchar(64) COLLATE utf8_bin DEFAULT NULL,
  `EXCEPTION_MSG_` varchar(4000) COLLATE utf8_bin DEFAULT NULL,
  `DUEDATE_` timestamp(3) NULL DEFAULT NULL,
  `REPEAT_` varchar(255) COLLATE utf8_bin DEFAULT NULL,
  `HANDLER_TYPE_` varchar(255) COLLATE utf8_bin DEFAULT NULL,
  `HANDLER_CFG_` varchar(4000) COLLATE utf8_bin DEFAULT NULL,
  `TENANT_ID_` varchar(255) COLLATE utf8_bin DEFAULT '',
  PRIMARY KEY (`ID_`),
  KEY `ACT_FK_SUSPENDED_JOB_EXECUTION` (`EXECUTION_ID_`),
  KEY `ACT_FK_SUSPENDED_JOB_PROCESS_INSTANCE` (`PROCESS_INSTANCE_ID_`),
  KEY `ACT_FK_SUSPENDED_JOB_PROC_DEF` (`PROC_DEF_ID_`),
  KEY `ACT_FK_SUSPENDED_JOB_EXCEPTION` (`EXCEPTION_STACK_ID_`),
  CONSTRAINT `ACT_FK_SUSPENDED_JOB_EXCEPTION` FOREIGN KEY (`EXCEPTION_STACK_ID_`) REFERENCES `act_ge_bytearray` (`ID_`),
  CONSTRAINT `ACT_FK_SUSPENDED_JOB_EXECUTION` FOREIGN KEY (`EXECUTION_ID_`) REFERENCES `act_ru_execution` (`ID_`),
  CONSTRAINT `ACT_FK_SUSPENDED_JOB_PROCESS_INSTANCE` FOREIGN KEY (`PROCESS_INSTANCE_ID_`) REFERENCES `act_ru_execution` (`ID_`),
  CONSTRAINT `ACT_FK_SUSPENDED_JOB_PROC_DEF` FOREIGN KEY (`PROC_DEF_ID_`) REFERENCES `act_re_procdef` (`ID_`)
) ENGINE=InnoDB DEFAULT CHARSET=utf8 COLLATE=utf8_bin;

/*Data for the table `act_ru_suspended_job` */

/*Table structure for table `act_ru_task` */

DROP TABLE IF EXISTS `act_ru_task`;

CREATE TABLE `act_ru_task` (
  `ID_` varchar(64) COLLATE utf8_bin NOT NULL,
  `REV_` int(11) DEFAULT NULL,
  `EXECUTION_ID_` varchar(64) COLLATE utf8_bin DEFAULT NULL,
  `PROC_INST_ID_` varchar(64) COLLATE utf8_bin DEFAULT NULL,
  `PROC_DEF_ID_` varchar(64) COLLATE utf8_bin DEFAULT NULL,
  `NAME_` varchar(255) COLLATE utf8_bin DEFAULT NULL,
  `PARENT_TASK_ID_` varchar(64) COLLATE utf8_bin DEFAULT NULL,
  `DESCRIPTION_` varchar(4000) COLLATE utf8_bin DEFAULT NULL,
  `TASK_DEF_KEY_` varchar(255) COLLATE utf8_bin DEFAULT NULL,
  `OWNER_` varchar(255) COLLATE utf8_bin DEFAULT NULL,
  `ASSIGNEE_` varchar(255) COLLATE utf8_bin DEFAULT NULL,
  `DELEGATION_` varchar(64) COLLATE utf8_bin DEFAULT NULL,
  `PRIORITY_` int(11) DEFAULT NULL,
  `CREATE_TIME_` timestamp(3) NULL DEFAULT NULL,
  `DUE_DATE_` datetime(3) DEFAULT NULL,
  `CATEGORY_` varchar(255) COLLATE utf8_bin DEFAULT NULL,
  `SUSPENSION_STATE_` int(11) DEFAULT NULL,
  `TENANT_ID_` varchar(255) COLLATE utf8_bin DEFAULT '',
  `FORM_KEY_` varchar(255) COLLATE utf8_bin DEFAULT NULL,
  `CLAIM_TIME_` datetime(3) DEFAULT NULL,
  PRIMARY KEY (`ID_`),
  KEY `ACT_IDX_TASK_CREATE` (`CREATE_TIME_`),
  KEY `ACT_FK_TASK_EXE` (`EXECUTION_ID_`),
  KEY `ACT_FK_TASK_PROCINST` (`PROC_INST_ID_`),
  KEY `ACT_FK_TASK_PROCDEF` (`PROC_DEF_ID_`),
  CONSTRAINT `ACT_FK_TASK_EXE` FOREIGN KEY (`EXECUTION_ID_`) REFERENCES `act_ru_execution` (`ID_`),
  CONSTRAINT `ACT_FK_TASK_PROCDEF` FOREIGN KEY (`PROC_DEF_ID_`) REFERENCES `act_re_procdef` (`ID_`),
  CONSTRAINT `ACT_FK_TASK_PROCINST` FOREIGN KEY (`PROC_INST_ID_`) REFERENCES `act_ru_execution` (`ID_`)
) ENGINE=InnoDB DEFAULT CHARSET=utf8 COLLATE=utf8_bin;

/*Data for the table `act_ru_task` */

/*Table structure for table `act_ru_timer_job` */

DROP TABLE IF EXISTS `act_ru_timer_job`;

CREATE TABLE `act_ru_timer_job` (
  `ID_` varchar(64) COLLATE utf8_bin NOT NULL,
  `REV_` int(11) DEFAULT NULL,
  `TYPE_` varchar(255) COLLATE utf8_bin NOT NULL,
  `LOCK_EXP_TIME_` timestamp(3) NULL DEFAULT NULL,
  `LOCK_OWNER_` varchar(255) COLLATE utf8_bin DEFAULT NULL,
  `EXCLUSIVE_` tinyint(1) DEFAULT NULL,
  `EXECUTION_ID_` varchar(64) COLLATE utf8_bin DEFAULT NULL,
  `PROCESS_INSTANCE_ID_` varchar(64) COLLATE utf8_bin DEFAULT NULL,
  `PROC_DEF_ID_` varchar(64) COLLATE utf8_bin DEFAULT NULL,
  `RETRIES_` int(11) DEFAULT NULL,
  `EXCEPTION_STACK_ID_` varchar(64) COLLATE utf8_bin DEFAULT NULL,
  `EXCEPTION_MSG_` varchar(4000) COLLATE utf8_bin DEFAULT NULL,
  `DUEDATE_` timestamp(3) NULL DEFAULT NULL,
  `REPEAT_` varchar(255) COLLATE utf8_bin DEFAULT NULL,
  `HANDLER_TYPE_` varchar(255) COLLATE utf8_bin DEFAULT NULL,
  `HANDLER_CFG_` varchar(4000) COLLATE utf8_bin DEFAULT NULL,
  `TENANT_ID_` varchar(255) COLLATE utf8_bin DEFAULT '',
  PRIMARY KEY (`ID_`),
  KEY `ACT_FK_TIMER_JOB_EXECUTION` (`EXECUTION_ID_`),
  KEY `ACT_FK_TIMER_JOB_PROCESS_INSTANCE` (`PROCESS_INSTANCE_ID_`),
  KEY `ACT_FK_TIMER_JOB_PROC_DEF` (`PROC_DEF_ID_`),
  KEY `ACT_FK_TIMER_JOB_EXCEPTION` (`EXCEPTION_STACK_ID_`),
  CONSTRAINT `ACT_FK_TIMER_JOB_EXCEPTION` FOREIGN KEY (`EXCEPTION_STACK_ID_`) REFERENCES `act_ge_bytearray` (`ID_`),
  CONSTRAINT `ACT_FK_TIMER_JOB_EXECUTION` FOREIGN KEY (`EXECUTION_ID_`) REFERENCES `act_ru_execution` (`ID_`),
  CONSTRAINT `ACT_FK_TIMER_JOB_PROCESS_INSTANCE` FOREIGN KEY (`PROCESS_INSTANCE_ID_`) REFERENCES `act_ru_execution` (`ID_`),
  CONSTRAINT `ACT_FK_TIMER_JOB_PROC_DEF` FOREIGN KEY (`PROC_DEF_ID_`) REFERENCES `act_re_procdef` (`ID_`)
) ENGINE=InnoDB DEFAULT CHARSET=utf8 COLLATE=utf8_bin;

/*Data for the table `act_ru_timer_job` */

/*Table structure for table `act_ru_variable` */

DROP TABLE IF EXISTS `act_ru_variable`;

CREATE TABLE `act_ru_variable` (
  `ID_` varchar(64) COLLATE utf8_bin NOT NULL,
  `REV_` int(11) DEFAULT NULL,
  `TYPE_` varchar(255) COLLATE utf8_bin NOT NULL,
  `NAME_` varchar(255) COLLATE utf8_bin NOT NULL,
  `EXECUTION_ID_` varchar(64) COLLATE utf8_bin DEFAULT NULL,
  `PROC_INST_ID_` varchar(64) COLLATE utf8_bin DEFAULT NULL,
  `TASK_ID_` varchar(64) COLLATE utf8_bin DEFAULT NULL,
  `BYTEARRAY_ID_` varchar(64) COLLATE utf8_bin DEFAULT NULL,
  `DOUBLE_` double DEFAULT NULL,
  `LONG_` bigint(20) DEFAULT NULL,
  `TEXT_` varchar(4000) COLLATE utf8_bin DEFAULT NULL,
  `TEXT2_` varchar(4000) COLLATE utf8_bin DEFAULT NULL,
  PRIMARY KEY (`ID_`),
  KEY `ACT_IDX_VARIABLE_TASK_ID` (`TASK_ID_`),
  KEY `ACT_FK_VAR_EXE` (`EXECUTION_ID_`),
  KEY `ACT_FK_VAR_PROCINST` (`PROC_INST_ID_`),
  KEY `ACT_FK_VAR_BYTEARRAY` (`BYTEARRAY_ID_`),
  CONSTRAINT `ACT_FK_VAR_BYTEARRAY` FOREIGN KEY (`BYTEARRAY_ID_`) REFERENCES `act_ge_bytearray` (`ID_`),
  CONSTRAINT `ACT_FK_VAR_EXE` FOREIGN KEY (`EXECUTION_ID_`) REFERENCES `act_ru_execution` (`ID_`),
  CONSTRAINT `ACT_FK_VAR_PROCINST` FOREIGN KEY (`PROC_INST_ID_`) REFERENCES `act_ru_execution` (`ID_`)
) ENGINE=InnoDB DEFAULT CHARSET=utf8 COLLATE=utf8_bin;

/*Data for the table `act_ru_variable` */

/*Table structure for table `databasechangelog` */

DROP TABLE IF EXISTS `databasechangelog`;

CREATE TABLE `databasechangelog` (
  `ID` varchar(255) NOT NULL,
  `AUTHOR` varchar(255) NOT NULL,
  `FILENAME` varchar(255) NOT NULL,
  `DATEEXECUTED` datetime NOT NULL,
  `ORDEREXECUTED` int(11) NOT NULL,
  `EXECTYPE` varchar(10) NOT NULL,
  `MD5SUM` varchar(35) DEFAULT NULL,
  `DESCRIPTION` varchar(255) DEFAULT NULL,
  `COMMENTS` varchar(255) DEFAULT NULL,
  `TAG` varchar(255) DEFAULT NULL,
  `LIQUIBASE` varchar(20) DEFAULT NULL,
  `CONTEXTS` varchar(255) DEFAULT NULL,
  `LABELS` varchar(255) DEFAULT NULL
) ENGINE=InnoDB DEFAULT CHARSET=utf8;

/*Data for the table `databasechangelog` */

insert  into `databasechangelog`(`ID`,`AUTHOR`,`FILENAME`,`DATEEXECUTED`,`ORDEREXECUTED`,`EXECTYPE`,`MD5SUM`,`DESCRIPTION`,`COMMENTS`,`TAG`,`LIQUIBASE`,`CONTEXTS`,`LABELS`) values ('20160609-hailor-1','hailor','2016-06-09-init-table-migration.groovy','2016-12-26 19:31:01',1,'EXECUTED','7:9cac9c56da25e14795c9ad0fa1436c19','sqlFile','',NULL,'3.4.2',NULL,NULL),('20160609-hailor-2','hailor','2016-06-09-init-table-migration.groovy','2016-12-26 19:31:01',2,'EXECUTED','7:5d560b358c03c9fee1a39da807b02b23','createTable (x2)','',NULL,'3.4.2',NULL,NULL),('20160609-hailor-3','hailor','2016-06-09-init-table-migration.groovy','2016-12-26 19:31:01',3,'EXECUTED','7:9e2fe3457ff81d91b48b534a6459aaa0','createTable, addUniqueConstraint, createTable','',NULL,'3.4.2',NULL,NULL),('20160609-hailor-4','hailor','2016-06-09-init-table-migration.groovy','2016-12-26 19:31:02',4,'EXECUTED','7:551f342eb60fdf566c4d95a61b161363','createTable, createIndex, createTable','',NULL,'3.4.2',NULL,NULL),('20160609-hailor-5','hailor','2016-06-09-init-table-migration.groovy','2016-12-26 19:31:02',5,'EXECUTED','7:7d29d8abcefb7bb07043a9897e31d08d','createTable, addUniqueConstraint','',NULL,'3.4.2',NULL,NULL),('20160609-hailor-6','hailor','2016-06-09-init-table-migration.groovy','2016-12-26 19:31:02',6,'EXECUTED','7:425119fea37700db89b302ec51f02a00','createTable','',NULL,'3.4.2',NULL,NULL),('20160609-hailor-7','hailor','2016-06-09-init-table-migration.groovy','2016-12-26 19:31:02',7,'EXECUTED','7:141374b97762ca54b459b60beba2c040','createTable','',NULL,'3.4.2',NULL,NULL),('20160609-hailor-8','hailor','2016-06-09-init-table-migration.groovy','2016-12-26 19:31:02',8,'EXECUTED','7:9a674f57a67ab46523528c8447b31202','createTable','',NULL,'3.4.2',NULL,NULL),('20160609-hailor-9','hailor','2016-06-09-init-table-migration.groovy','2016-12-26 19:31:02',9,'EXECUTED','7:9f83aa6e28d4f23ee298b99802076e7d','createTable, createIndex','',NULL,'3.4.2',NULL,NULL),('20160609-hailor-10','hailor','2016-06-09-init-table-migration.groovy','2016-12-26 19:31:02',10,'EXECUTED','7:cbc692f7425bc6701f2c567fe508b542','createTable, createIndex','',NULL,'3.4.2',NULL,NULL),('20160609-hailor-11','hailor','2016-06-09-init-table-migration.groovy','2016-12-26 19:31:02',11,'EXECUTED','7:4d8043535ee793e9409b1fea6b934289','createTable','',NULL,'3.4.2',NULL,NULL),('20160609-hailor-12','hailor','2016-06-09-init-table-migration.groovy','2016-12-26 19:31:02',12,'EXECUTED','7:f6ece7f4163ef166c20a2f42424dd9e2','createTable','',NULL,'3.4.2',NULL,NULL),('20160609-hailor-13','hailor','2016-06-09-init-table-migration.groovy','2016-12-26 19:31:03',13,'EXECUTED','7:a49ef97998b9acf74e22cb3a066b8743','createTable, addUniqueConstraint','',NULL,'3.4.2',NULL,NULL),('20160609-hailor-14','hailor','2016-06-09-init-table-migration.groovy','2016-12-26 19:31:03',14,'EXECUTED','7:616e4f25d42a9d13f7259fb497395d3e','createTable, addUniqueConstraint','',NULL,'3.4.2',NULL,NULL),('20160609-hailor-15','hailor','2016-06-09-init-table-migration.groovy','2016-12-26 19:31:03',15,'EXECUTED','7:d84b793422dc1ae60a6ef833796ca8ec','createTable (x2)','',NULL,'3.4.2',NULL,NULL),('20160609-hailor-16','hailor','2016-06-09-init-table-migration.groovy','2016-12-26 19:31:03',16,'EXECUTED','7:7b692fe998f27eb0d4c8992ad8fe98d1','createTable, addUniqueConstraint, createIndex, createTable','',NULL,'3.4.2',NULL,NULL),('20160609-hailor-17','hailor','2016-06-09-init-table-migration.groovy','2016-12-26 19:31:03',17,'EXECUTED','7:113d335667c184c47f7f0e7650eb87e2','createTable (x2)','',NULL,'3.4.2',NULL,NULL),('20160609-hailor-18','hailor','2016-06-09-init-table-migration.groovy','2016-12-26 19:31:04',18,'EXECUTED','7:f9e230001744d362be869c79e52d913b','createTable, addUniqueConstraint','',NULL,'3.4.2',NULL,NULL),('20160609-hailor-19','hailor','2016-06-09-init-table-migration.groovy','2016-12-26 19:31:04',19,'EXECUTED','7:e5283c602c58c0c70ba7c286eae45df7','createTable, addUniqueConstraint, createIndex','',NULL,'3.4.2',NULL,NULL),('20160609-hailor-20','hailor','2016-06-09-init-table-migration.groovy','2016-12-26 19:31:04',20,'EXECUTED','7:31098a41b812119f3dd5ee3322670659','createTable','',NULL,'3.4.2',NULL,NULL),('20160609-hailor-21','hailor','2016-06-09-init-table-migration.groovy','2016-12-26 19:31:04',21,'EXECUTED','7:b32904539b879705d32f2ad4a434ff01','createTable, addUniqueConstraint','',NULL,'3.4.2',NULL,NULL),('20160610-sys-attach-category-1','jessen','2016-06-09-init-table-migration.groovy','2016-12-26 19:31:04',22,'EXECUTED','7:999c5a29fe71bd6a72a54d87537e753e','createTable (x2)','',NULL,'3.4.2',NULL,NULL),('20160610-sys-attachment-1','jessen','2016-06-09-init-table-migration.groovy','2016-12-26 19:31:04',23,'EXECUTED','7:3de8de4f612baa8c57693dfa20d4dac5','createTable, createIndex (x2)','',NULL,'3.4.2',NULL,NULL),('20160610-sys-file-1','jessen','2016-06-09-init-table-migration.groovy','2016-12-26 19:31:04',24,'EXECUTED','7:cba72ad08c077065381aa2a6fe368c62','createTable, createIndex','',NULL,'3.4.2',NULL,NULL),('20160611-sys-message-transaction-1','jessen','2016-06-09-init-table-migration.groovy','2016-12-26 19:31:05',25,'EXECUTED','7:8687ecbd4890bfac4be5c8c847dc2478','createTable, createIndex (x2)','',NULL,'3.4.2',NULL,NULL),('20160611-sys-message-attachment-1','jessen','2016-06-09-init-table-migration.groovy','2016-12-26 19:31:05',26,'EXECUTED','7:5705fdfba5272a56d655a1bffe282801','createTable, createIndex (x2)','',NULL,'3.4.2',NULL,NULL),('20160611-sys-message-email-account-1','jessen','2016-06-09-init-table-migration.groovy','2016-12-26 19:31:05',27,'EXECUTED','7:c96d61576e45aac0862c5219c491d42c','createTable','',NULL,'3.4.2',NULL,NULL),('20160611-sys-message-email-config-1','jessen','2016-06-09-init-table-migration.groovy','2016-12-26 19:31:05',28,'EXECUTED','7:bb29c2927842699262131ba2f1dd60bc','createTable','',NULL,'3.4.2',NULL,NULL),('20160613-sys-message-email-white-lt-1','jessen','2016-06-09-init-table-migration.groovy','2016-12-26 19:31:05',29,'EXECUTED','7:d935ef8ebd2bb4867f2de5e8b1cd4a70','createTable','',NULL,'3.4.2',NULL,NULL),('20160613-sys-message-receiver-1','jessen','2016-06-09-init-table-migration.groovy','2016-12-26 19:31:05',30,'EXECUTED','7:a19fcaa3839cf5d58c5a517c4a6d716f','createTable, createIndex','',NULL,'3.4.2',NULL,NULL),('20160613-sys-message-template-1','jessen','2016-06-09-init-table-migration.groovy','2016-12-26 19:31:05',31,'EXECUTED','7:30d17456a88542cd03ca7c4ebafe28a8','createTable','',NULL,'3.4.2',NULL,NULL),('20160613-sys-preferences-1','jessen','2016-06-09-init-table-migration.groovy','2016-12-26 19:31:06',32,'EXECUTED','7:86dba2866476bb547c66f1a1dca40caa','createTable, addUniqueConstraint','',NULL,'3.4.2',NULL,NULL),('20160613-sys-account-retrieve-1','jessen','2016-06-09-init-table-migration.groovy','2016-12-26 19:31:06',33,'EXECUTED','7:b85978e55ee07971e98e327946d2eff2','createTable','',NULL,'3.4.2',NULL,NULL),('20160922-sys-config-1','xuhailin','2016-06-09-init-table-migration.groovy','2016-12-26 19:31:06',34,'EXECUTED','7:9a086e0e95e6567eda7bd6dbc803318a','createTable','',NULL,'3.4.2',NULL,NULL),('20160926-activiti.create.engine-1','jessen','2016-06-09-init-table-migration.groovy','2016-12-26 19:31:16',35,'EXECUTED','7:db6e32a91292af7bd67a1b554392e055','sqlFile','',NULL,'3.4.2',NULL,NULL),('20160926-activiti.create.history-1','jessen','2016-06-09-init-table-migration.groovy','2016-12-26 19:31:17',36,'EXECUTED','7:5eb0e316ceac016258fe1a8796c5a04b','sqlFile','',NULL,'3.4.2',NULL,NULL),('20160926-activiti.create.identity-1','jessen','2016-06-09-init-table-migration.groovy','2016-12-26 19:31:19',37,'EXECUTED','7:d9ba093bbd73a17a565e45a0a3b1b1dc','sqlFile','',NULL,'3.4.2',NULL,NULL),('2016-10-9-FND_COMPANY','jialongzuo','2016-06-09-init-table-migration.groovy','2016-12-26 19:31:19',38,'EXECUTED','7:5ae91b53baf9301cc0b53cd33913c0f5','createTable (x2)','',NULL,'3.4.2',NULL,NULL),('20161011-sys-userLogin-1','jialongzuo','2016-06-09-init-table-migration.groovy','2016-12-26 19:31:19',39,'EXECUTED','7:4868890d35400bf73b6e6e3390e6cbb2','createTable','',NULL,'3.4.2',NULL,NULL),('20160926-niujiaqing-hr-employee','niujiaqing','2016-09-26-init-migration.groovy','2016-12-26 19:31:19',40,'EXECUTED','7:07c915a5d30d8d22125f508467d49556','createTable','',NULL,'3.4.2',NULL,NULL),('20160926-niujiaqing-hr-org-unit','niujiaqing','2016-09-26-init-migration.groovy','2016-12-26 19:31:19',41,'EXECUTED','7:fd02936bc948ab02489e94072e720030','createTable (x2)','',NULL,'3.4.2',NULL,NULL),('20160926-niujiaqing-hr-org-position','niujiaqing','2016-09-26-init-migration.groovy','2016-12-26 19:31:20',42,'EXECUTED','7:465365db4389d13a1203bac7735d3251','createTable (x2)','',NULL,'3.4.2',NULL,NULL),('20160926-niujiaqing-hr-employee-assign','niujiaqing','2016-09-26-init-migration.groovy','2016-12-26 19:31:20',43,'EXECUTED','7:d0b5a1ca504c1ef36fb410f41c830123','createTable, addUniqueConstraint','',NULL,'3.4.2',NULL,NULL),('20161011-niujiaqing-sys-dashboard','niujiaqing','2016-09-26-init-migration.groovy','2016-12-26 19:31:20',44,'EXECUTED','7:044b40288f4a9e51ce9f5f53ac14a23d','createTable (x2)','',NULL,'3.4.2',NULL,NULL),('20161012-niujiaqing-user-dashboard','niujiaqing','2016-09-26-init-migration.groovy','2016-12-26 19:31:20',45,'EXECUTED','7:15a304a37ab173818db363debca865c6','createTable','',NULL,'3.4.2',NULL,NULL),('20161031-sys-interfaceHeader-1','xiangyuQi','2016-09-26-init-migration.groovy','2016-12-26 19:31:20',46,'EXECUTED','7:773b32780ba1136e5879eb3c733a1afb','createTable (x2)','',NULL,'3.4.2',NULL,NULL),('20161031-sys-interfaceLine-1','xiangyuQi','2016-09-26-init-migration.groovy','2016-12-26 19:31:20',47,'EXECUTED','7:4a0f79c06570442fc3e392aff56adac3','createTable (x2)','',NULL,'3.4.2',NULL,NULL),('20161117-sys-user-demo-1','xuhailin','2016-09-26-init-migration.groovy','2016-12-26 19:31:21',48,'EXECUTED','7:2631f516111601ec396aace8c0401d32','createTable (x2)','',NULL,'3.4.2',NULL,NULL),('20161121-sys-if-invoke-in-1','xiangyuQi','2016-09-26-init-migration.groovy','2016-12-26 19:31:21',49,'EXECUTED','7:adf8895c0b6b018e26fa25ff2d9d0523','createTable, createIndex (x4)','',NULL,'3.4.2',NULL,NULL),('20161121-sys-if-invoke-out-1','xiangyuQi','2016-09-26-init-migration.groovy','2016-12-26 19:31:21',50,'EXECUTED','7:caf8f033968cd31f816dc46077f61d6a','createTable, createIndex (x4)','',NULL,'3.4.2',NULL,NULL),('20161212-sys-resource-customization-1','yangzhizheng','2016-09-26-init-migration.groovy','2016-12-26 19:31:21',51,'EXECUTED','7:ef9ec7483a44c224194b4ed716d5d0f6','createTable, createIndex','',NULL,'3.4.2',NULL,NULL),('20160601-hailor-1','jessen','hbi/core/db/2016-06-01-init-migration.groovy','2016-12-26 19:31:21',52,'EXECUTED','7:db8c28b026c8937eb118a19768efa7c4','createTable','',NULL,'3.4.2',NULL,NULL),('20161009-xiangyuqi-1','xiangyuqi','patch.groovy','2016-12-26 19:31:22',53,'EXECUTED','7:70978c14109fc229144487006afccf91','addColumn','',NULL,'3.4.2',NULL,NULL),('20161025-zhizheng.yang-1','zhizheng.yang','patch.groovy','2016-12-26 19:31:22',54,'EXECUTED','7:c514a1778adc006e19237dbaf9ac7b6f','addColumn','',NULL,'3.4.2',NULL,NULL),('20161104-zhizheng.yang','zhizheng.yang','patch.groovy','2016-12-26 19:31:22',55,'EXECUTED','7:d20c8a541f028fa8876bdb71fafa05f4','addColumn','',NULL,'3.4.2',NULL,NULL),('20161109-xiangyuqi-1','xiangyu.qi','patch.groovy','2016-12-26 19:31:22',56,'EXECUTED','7:e9c2e00a3a580cde9301e67bdaa86513','renameColumn, addUniqueConstraint','',NULL,'3.4.2',NULL,NULL),('20161110-jialongzuo-1','jialong.zuo','patch.groovy','2016-12-26 19:31:22',57,'EXECUTED','7:164ccff8482ca92bc4c91622d34cf2da','addUniqueConstraint','',NULL,'3.4.2',NULL,NULL),('20161129-jialongzuo-1','jialong.zuo','patch.groovy','2016-12-26 19:31:22',58,'EXECUTED','7:91ca2128eff23ef5dc99b6f9ae7ffe41','addColumn','',NULL,'3.4.2',NULL,NULL),('20160613-data-sys-attach-category-1','jessen','2016-06-09-init-data-migration.groovy','2016-12-26 19:31:22',59,'EXECUTED','7:d7254fb792a2581c0c921cda8b90698b','sqlFile','',NULL,'3.4.2',NULL,NULL),('20160613-data-sys-message-email-config-1','jessen','2016-06-09-init-data-migration.groovy','2016-12-26 19:31:22',60,'EXECUTED','7:c39e780093128f2d0aafed24b3109466','sqlFile','',NULL,'3.4.2',NULL,NULL),('20160613-data-sys-message-email-account-1','jessen','2016-06-09-init-data-migration.groovy','2016-12-26 19:31:23',61,'EXECUTED','7:763810fcf72218794f8e4258011bef88','sqlFile','',NULL,'3.4.2',NULL,NULL),('20160613-data-sys-message-email-white-lt-1','jessen','2016-06-09-init-data-migration.groovy','2016-12-26 19:31:23',62,'EXECUTED','7:f5032ab5d66464c5d77ca62f90ca05ad','sqlFile','',NULL,'3.4.2',NULL,NULL),('20160613-data-sys-message-template-1','jessen','2016-06-09-init-data-migration.groovy','2016-12-26 19:31:23',63,'EXECUTED','7:45cef023d3167bf5abed8b84d0c6ee8e','sqlFile','',NULL,'3.4.2',NULL,NULL),('20160930-init-data-xlsx','jessen','2016-06-09-init-data-migration.groovy','2016-12-26 19:31:33',64,'EXECUTED','7:2ba2597531698243f857ac8e4f9c2f64','customChange','',NULL,'3.4.2',NULL,NULL),('20160601-yourname-1','yourname','hbi/core/db/2016-06-01-init-data.groovy','2016-12-26 19:31:33',65,'EXECUTED','7:d41d8cd98f00b204e9800998ecf8427e','Empty','',NULL,'3.4.2',NULL,NULL);

/*Table structure for table `databasechangeloglock` */

DROP TABLE IF EXISTS `databasechangeloglock`;

CREATE TABLE `databasechangeloglock` (
  `ID` int(11) NOT NULL,
  `LOCKED` bit(1) NOT NULL,
  `LOCKGRANTED` datetime DEFAULT NULL,
  `LOCKEDBY` varchar(255) DEFAULT NULL,
  PRIMARY KEY (`ID`)
) ENGINE=InnoDB DEFAULT CHARSET=utf8;

/*Data for the table `databasechangeloglock` */

insert  into `databasechangeloglock`(`ID`,`LOCKED`,`LOCKGRANTED`,`LOCKEDBY`) values (1,'\0',NULL,NULL);

/*Table structure for table `film` */

DROP TABLE IF EXISTS `film`;

CREATE TABLE `film` (
  `film_id` smallint(5) unsigned NOT NULL DEFAULT '0',
  `title` varchar(255) NOT NULL,
  `description` text,
  `release_year` year(4) DEFAULT NULL,
  `language_id` tinyint(3) unsigned NOT NULL,
  `original_language_id` tinyint(3) unsigned DEFAULT NULL,
  `rental_duration` tinyint(3) unsigned NOT NULL DEFAULT '3',
  `rental_rate` decimal(4,2) NOT NULL DEFAULT '4.99',
  `length` smallint(5) unsigned DEFAULT NULL,
  `replacement_cost` decimal(5,2) NOT NULL DEFAULT '19.99',
  `rating` enum('G','PG','PG-13','R','NC-17') DEFAULT 'G',
  `special_features` set('Trailers','Commentaries','Deleted Scenes','Behind the Scenes') DEFAULT NULL,
  `last_update` timestamp NOT NULL DEFAULT CURRENT_TIMESTAMP ON UPDATE CURRENT_TIMESTAMP
) ENGINE=InnoDB DEFAULT CHARSET=utf8;

/*Data for the table `film` */

insert  into `film`(`film_id`,`title`,`description`,`release_year`,`language_id`,`original_language_id`,`rental_duration`,`rental_rate`,`length`,`replacement_cost`,`rating`,`special_features`,`last_update`) values (4,'AFFAIR  IS Nothing','A Touching Saga of a Hunter And a Butler who must Discover a Butler in A Jet Boat',2006,1,NULL,5,'2.99',117,'26.99','G','Commentaries,Behind the Scenes','2016-12-19 17:28:10'),(5,'AFRICAN EGG','A Fast-Paced Documentary of a Pastry Chef And a Dentist who must Pursue a Forensic Psychologist in The Gulf of Mexico',2006,1,NULL,6,'2.99',130,'22.99','G','Deleted Scenes','2006-02-15 05:03:42'),(6,'AGENT TRUMAN','A Intrepid Panorama of a Robot And a Boy who must Escape a Sumo Wrestler in Ancient China',2006,1,NULL,3,'2.99',169,'17.99','PG','Deleted Scenes','2006-02-15 05:03:42'),(7,'AIRPLANE SIERRA','A Touching Saga of a Hunter And a Butler who must Discover a Butler in A Jet Boat',2006,1,NULL,6,'4.99',62,'28.99','PG-13','Trailers,Deleted Scenes','2006-02-15 05:03:42'),(8,'AIRPORT POLLOCK','A Epic Tale of a Moose And a Girl who must Confront a Monkey in Ancient India',2006,1,NULL,6,'4.99',54,'15.99','R','Trailers','2006-02-15 05:03:42'),(10,'ALADDIN CALENDAR','A Action-Packed Tale of a Man And a Lumberjack who must Reach a Feminist in Ancient China',2006,1,NULL,6,'4.99',63,'24.99','NC-17','Trailers,Deleted Scenes','2006-02-15 05:03:42'),(11,'ALAMO VIDEOTAPE','A Boring Epistle of a Butler And a Cat who must Fight a Pastry Chef in A MySQL Convention',2006,1,NULL,6,'0.99',126,'16.99','G','Commentaries,Behind the Scenes','2006-02-15 05:03:42'),(13,'ALI FOREVER','A Action-Packed Drama of a Dentist And a Crocodile who must Battle a Feminist in The Canadian Rockies',2006,1,NULL,4,'4.99',150,'21.99','PG','Deleted Scenes,Behind the Scenes','2006-02-15 05:03:42'),(14,'ALICE FANTASIA','A Emotional Drama of a A Shark And a Database Administrator who must Vanquish a Pioneer in Soviet Georgia',2006,1,NULL,6,'0.99',94,'23.99','NC-17','Trailers,Deleted Scenes,Behind the Scenes','2006-02-15 05:03:42'),(15,'ALIEN CENTER','A Brilliant Drama of a Cat And a Mad Scientist who must Battle a Feminist in A MySQL Convention',2006,1,NULL,5,'2.99',46,'10.99','NC-17','Trailers,Commentaries,Behind the Scenes','2006-02-15 05:03:42'),(16,'ALLEY EVOLUTION','A Fast-Paced Drama of a Robot And a Composer who must Battle a Astronaut in New Orleans',2006,1,NULL,6,'2.99',180,'23.99','NC-17','Trailers,Commentaries','2006-02-15 05:03:42'),(17,'ALONE TRIP','A Fast-Paced Character Study of a Composer And a Dog who must Outgun a Boat in An Abandoned Fun House',2006,1,NULL,3,'0.99',82,'14.99','R','Trailers,Behind the Scenes','2006-02-15 05:03:42'),(18,'ALTER VICTORY','A Thoughtful Drama of a Composer And a Feminist who must Meet a Secret Agent in The Canadian Rockies',2006,1,NULL,6,'0.99',57,'27.99','PG-13','Trailers,Behind the Scenes','2006-02-15 05:03:42'),(19,'AMADEUS HOLY','A Emotional Display of a Pioneer And a Technical Writer who must Battle a Man in A Baloon',2006,1,NULL,6,'0.99',113,'20.99','PG','Commentaries,Deleted Scenes,Behind the Scenes','2006-02-15 05:03:42'),(20,'AMELIE HELLFIGHTERS','A Boring Drama of a Woman And a Squirrel who must Conquer a Student in A Baloon',2006,1,NULL,4,'4.99',79,'23.99','R','Commentaries,Deleted Scenes,Behind the Scenes','2006-02-15 05:03:42'),(21,'AMERICAN CIRCUS','A Insightful Drama of a Girl And a Astronaut who must Face a Database Administrator in A Shark Tank',2006,1,NULL,3,'4.99',129,'17.99','R','Commentaries,Behind the Scenes','2006-02-15 05:03:42'),(22,'AMISTAD MIDSUMMER','A Emotional Character Study of a Dentist And a Crocodile who must Meet a Sumo Wrestler in California',2006,1,NULL,6,'2.99',85,'10.99','G','Commentaries,Behind the Scenes','2006-02-15 05:03:42'),(23,'ANACONDA CONFESSIONS','A Lacklusture Display of a Dentist And a Dentist who must Fight a Girl in Australia',2006,1,NULL,3,'0.99',92,'9.99','R','Trailers,Deleted Scenes','2006-02-15 05:03:42'),(24,'ANALYZE HOOSIERS','A Thoughtful Display of a Explorer And a Pastry Chef who must Overcome a Feminist in The Sahara Desert',2006,1,NULL,6,'2.99',181,'19.99','R','Trailers,Behind the Scenes','2006-02-15 05:03:42'),(25,'ANGELS LIFE','A Thoughtful Display of a Woman And a Astronaut who must Battle a Robot in Berlin',2006,1,NULL,3,'2.99',74,'15.99','G','Trailers','2006-02-15 05:03:42'),(26,'ANNIE IDENTITY','A Amazing Panorama of a Pastry Chef And a Boat who must Escape a Woman in An Abandoned Amusement Park',2006,1,NULL,3,'0.99',86,'15.99','G','Commentaries,Deleted Scenes','2006-02-15 05:03:42'),(27,'ANONYMOUS HUMAN','A Amazing Reflection of a Database Administrator And a Astronaut who must Outrace a Database Administrator in A Shark Tank',2006,1,NULL,7,'0.99',179,'12.99','NC-17','Deleted Scenes,Behind the Scenes','2006-02-15 05:03:42'),(28,'ANTHEM LUKE','A Touching Panorama of a Waitress And a Woman who must Outrace a Dog in An Abandoned Amusement Park',2006,1,NULL,5,'4.99',91,'16.99','PG-13','Deleted Scenes,Behind the Scenes','2006-02-15 05:03:42'),(29,'ANTITRUST TOMATOES','A Fateful Yarn of a Womanizer And a Feminist who must Succumb a Database Administrator in Ancient India',2006,1,NULL,5,'2.99',168,'11.99','NC-17','Trailers,Commentaries,Deleted Scenes','2006-02-15 05:03:42'),(30,'ANYTHING SAVANNAH','A Epic Story of a Pastry Chef And a Woman who must Chase a Feminist in An Abandoned Fun House',2006,1,NULL,4,'2.99',82,'27.99','R','Trailers,Deleted Scenes,Behind the Scenes','2006-02-15 05:03:42'),(31,'APACHE DIVINE','A Awe-Inspiring Reflection of a Pastry Chef And a Teacher who must Overcome a Sumo Wrestler in A U-Boat',2006,1,NULL,5,'4.99',92,'16.99','NC-17','Commentaries,Deleted Scenes,Behind the Scenes','2006-02-15 05:03:42'),(32,'APOCALYPSE FLAMINGOS','A Astounding Story of a Dog And a Squirrel who must Defeat a Woman in An Abandoned Amusement Park',2006,1,NULL,6,'4.99',119,'11.99','R','Trailers,Commentaries','2006-02-15 05:03:42'),(33,'APOLLO TEEN','A Action-Packed Reflection of a Crocodile And a Explorer who must Find a Sumo Wrestler in An Abandoned Mine Shaft',2006,1,NULL,5,'2.99',153,'15.99','PG-13','Trailers,Commentaries,Deleted Scenes,Behind the Scenes','2006-02-15 05:03:42'),(34,'ARABIA DOGMA','A Touching Epistle of a Madman And a Mad Cow who must Defeat a Student in Nigeria',2006,1,NULL,6,'0.99',62,'29.99','NC-17','Commentaries,Deleted Scenes','2006-02-15 05:03:42'),(35,'ARACHNOPHOBIA ROLLERCOASTER','A Action-Packed Reflection of a Pastry Chef And a Composer who must Discover a Mad Scientist in The First Manned Space Station',2006,1,NULL,4,'2.99',147,'24.99','PG-13','Trailers,Deleted Scenes,Behind the Scenes','2006-02-15 05:03:42'),(36,'ARGONAUTS TOWN','A Emotional Epistle of a Forensic Psychologist And a Butler who must Challenge a Waitress in An Abandoned Mine Shaft',2006,1,NULL,7,'0.99',127,'12.99','PG-13','Trailers,Commentaries','2006-02-15 05:03:42'),(37,'ARIZONA BANG','A Brilliant Panorama of a Mad Scientist And a Mad Cow who must Meet a Pioneer in A Monastery',2006,1,NULL,3,'2.99',121,'28.99','PG','Trailers,Deleted Scenes','2006-02-15 05:03:42'),(38,'ARK RIDGEMONT','A Beautiful Yarn of a Pioneer And a Monkey who must Pursue a Explorer in The Sahara Desert',2006,1,NULL,6,'0.99',68,'25.99','NC-17','Trailers,Commentaries,Deleted Scenes,Behind the Scenes','2006-02-15 05:03:42'),(39,'ARMAGEDDON LOST','A Fast-Paced Tale of a Boat And a Teacher who must Succumb a Composer in An Abandoned Mine Shaft',2006,1,NULL,5,'0.99',99,'10.99','G','Trailers','2006-02-15 05:03:42'),(40,'ARMY FLINTSTONES','A Boring Saga of a Database Administrator And a Womanizer who must Battle a Waitress in Nigeria',2006,1,NULL,4,'0.99',148,'22.99','R','Trailers,Commentaries','2006-02-15 05:03:42'),(41,'ARSENIC INDEPENDENCE','A Fanciful Documentary of a Mad Cow And a Womanizer who must Find a Dentist in Berlin',2006,1,NULL,4,'0.99',137,'17.99','PG','Trailers,Deleted Scenes,Behind the Scenes','2006-02-15 05:03:42'),(42,'ARTIST COLDBLOODED','A Stunning Reflection of a Robot And a Moose who must Challenge a Woman in California',2006,1,NULL,5,'2.99',170,'10.99','NC-17','Trailers,Behind the Scenes','2006-02-15 05:03:42'),(43,'ATLANTIS CAUSE','A Thrilling Yarn of a Feminist And a Hunter who must Fight a Technical Writer in A Shark Tank',2006,1,NULL,6,'2.99',170,'15.99','G','Behind the Scenes','2006-02-15 05:03:42'),(44,'ATTACKS HATE','A Fast-Paced Panorama of a Technical Writer And a Mad Scientist who must Find a Feminist in An Abandoned Mine Shaft',2006,1,NULL,5,'4.99',113,'21.99','PG-13','Trailers,Behind the Scenes','2006-02-15 05:03:42'),(45,'ATTRACTION NEWTON','A Astounding Panorama of a Composer And a Frisbee who must Reach a Husband in Ancient Japan',2006,1,NULL,5,'4.99',83,'14.99','PG-13','Trailers,Behind the Scenes','2006-02-15 05:03:42'),(46,'AUTUMN CROW','A Beautiful Tale of a Dentist And a Mad Cow who must Battle a Moose in The Sahara Desert',2006,1,NULL,3,'4.99',108,'13.99','G','Trailers,Commentaries,Deleted Scenes,Behind the Scenes','2006-02-15 05:03:42'),(47,'BABY HALL','A Boring Character Study of a A Shark And a Girl who must Outrace a Feminist in An Abandoned Mine Shaft',2006,1,NULL,5,'4.99',153,'23.99','NC-17','Commentaries','2006-02-15 05:03:42'),(48,'BACKLASH UNDEFEATED','A Stunning Character Study of a Mad Scientist And a Mad Cow who must Kill a Car in A Monastery',2006,1,NULL,3,'4.99',118,'24.99','PG-13','Trailers,Behind the Scenes','2006-02-15 05:03:42'),(49,'BADMAN DAWN','A Emotional Panorama of a Pioneer And a Composer who must Escape a Mad Scientist in A Jet Boat',2006,1,NULL,6,'2.99',162,'22.99','R','Trailers,Commentaries,Behind the Scenes','2006-02-15 05:03:42'),(50,'BAKED CLEOPATRA','A Stunning Drama of a Forensic Psychologist And a Husband who must Overcome a Waitress in A Monastery',2006,1,NULL,3,'2.99',182,'20.99','G','Commentaries,Behind the Scenes','2006-02-15 05:03:42'),(51,'BALLOON HOMEWARD','A Insightful Panorama of a Forensic Psychologist And a Mad Cow who must Build a Mad Scientist in The First Manned Space Station',2006,1,NULL,5,'2.99',75,'10.99','NC-17','Deleted Scenes','2006-02-15 05:03:42'),(52,'BALLROOM MOCKINGBIRD','A Thrilling Documentary of a Composer And a Monkey who must Find a Feminist in California',2006,1,NULL,6,'0.99',173,'29.99','G','Commentaries,Deleted Scenes','2006-02-15 05:03:42'),(53,'BANG KWAI','A Epic Drama of a Madman And a Cat who must Face a A Shark in An Abandoned Amusement Park',2006,1,NULL,5,'2.99',87,'25.99','NC-17','Commentaries,Deleted Scenes,Behind the Scenes','2006-02-15 05:03:42'),(54,'BANGER PINOCCHIO','A Awe-Inspiring Drama of a Car And a Pastry Chef who must Chase a Crocodile in The First Manned Space Station',2006,1,NULL,5,'0.99',113,'15.99','R','Trailers,Commentaries,Deleted Scenes','2006-02-15 05:03:42'),(55,'BARBARELLA STREETCAR','A Awe-Inspiring Story of a Feminist And a Cat who must Conquer a Dog in A Monastery',2006,1,NULL,6,'2.99',65,'27.99','G','Behind the Scenes','2006-02-15 05:03:42'),(56,'BAREFOOT MANCHURIAN','A Intrepid Story of a Cat And a Student who must Vanquish a Girl in An Abandoned Amusement Park',2006,1,NULL,6,'2.99',129,'15.99','G','Trailers,Commentaries','2006-02-15 05:03:42'),(57,'BASIC EASY','A Stunning Epistle of a Man And a Husband who must Reach a Mad Scientist in A Jet Boat',2006,1,NULL,4,'2.99',90,'18.99','PG-13','Deleted Scenes','2006-02-15 05:03:42'),(58,'BEACH HEARTBREAKERS','A Fateful Display of a Womanizer And a Mad Scientist who must Outgun a A Shark in Soviet Georgia',2006,1,NULL,6,'2.99',122,'16.99','G','Deleted Scenes,Behind the Scenes','2006-02-15 05:03:42'),(59,'BEAR GRACELAND','A Astounding Saga of a Dog And a Boy who must Kill a Teacher in The First Manned Space Station',2006,1,NULL,4,'2.99',160,'20.99','R','Deleted Scenes','2006-02-15 05:03:42'),(60,'BEAST HUNCHBACK','A Awe-Inspiring Epistle of a Student And a Squirrel who must Defeat a Boy in Ancient China',2006,1,NULL,3,'4.99',89,'22.99','R','Deleted Scenes,Behind the Scenes','2006-02-15 05:03:42'),(61,'BEAUTY GREASE','A Fast-Paced Display of a Composer And a Moose who must Sink a Robot in An Abandoned Mine Shaft',2006,1,NULL,5,'4.99',175,'28.99','G','Trailers,Commentaries','2006-02-15 05:03:42'),(62,'BED HIGHBALL','A Astounding Panorama of a Lumberjack And a Dog who must Redeem a Woman in An Abandoned Fun House',2006,1,NULL,5,'2.99',106,'23.99','NC-17','Trailers,Commentaries,Deleted Scenes','2006-02-15 05:03:42'),(63,'BEDAZZLED MARRIED','A Astounding Character Study of a Madman And a Robot who must Meet a Mad Scientist in An Abandoned Fun House',2006,1,NULL,6,'0.99',73,'21.99','PG','Trailers,Deleted Scenes,Behind the Scenes','2006-02-15 05:03:42'),(64,'BEETHOVEN EXORCIST','A Epic Display of a Pioneer And a Student who must Challenge a Butler in The Gulf of Mexico',2006,1,NULL,6,'0.99',151,'26.99','PG-13','Commentaries,Behind the Scenes','2006-02-15 05:03:42'),(65,'BEHAVIOR RUNAWAY','A Unbelieveable Drama of a Student And a Husband who must Outrace a Sumo Wrestler in Berlin',2006,1,NULL,3,'4.99',100,'20.99','PG','Trailers,Deleted Scenes,Behind the Scenes','2006-02-15 05:03:42'),(66,'BENEATH RUSH','A Astounding Panorama of a Man And a Monkey who must Discover a Man in The First Manned Space Station',2006,1,NULL,6,'0.99',53,'27.99','NC-17','Commentaries,Deleted Scenes','2006-02-15 05:03:42'),(67,'BERETS AGENT','A Taut Saga of a Crocodile And a Boy who must Overcome a Technical Writer in Ancient China',2006,1,NULL,5,'2.99',77,'24.99','PG-13','Deleted Scenes','2006-02-15 05:03:42'),(68,'BETRAYED REAR','A Emotional Character Study of a Boat And a Pioneer who must Find a Explorer in A Shark Tank',2006,1,NULL,5,'4.99',122,'26.99','NC-17','Commentaries,Deleted Scenes,Behind the Scenes','2006-02-15 05:03:42'),(69,'BEVERLY OUTLAW','A Fanciful Documentary of a Womanizer And a Boat who must Defeat a Madman in The First Manned Space Station',2006,1,NULL,3,'2.99',85,'21.99','R','Trailers','2006-02-15 05:03:42'),(70,'BIKINI BORROWERS','A Astounding Drama of a Astronaut And a Cat who must Discover a Woman in The First Manned Space Station',2006,1,NULL,7,'4.99',142,'26.99','NC-17','Commentaries,Deleted Scenes','2006-02-15 05:03:42'),(71,'BILKO ANONYMOUS','A Emotional Reflection of a Teacher And a Man who must Meet a Cat in The First Manned Space Station',2006,1,NULL,3,'4.99',100,'25.99','PG-13','Commentaries,Deleted Scenes,Behind the Scenes','2006-02-15 05:03:42'),(72,'BILL OTHERS','A Stunning Saga of a Mad Scientist And a Forensic Psychologist who must Challenge a Squirrel in A MySQL Convention',2006,1,NULL,6,'2.99',93,'12.99','PG','Trailers,Commentaries','2006-02-15 05:03:42'),(73,'BINGO TALENTED','A Touching Tale of a Girl And a Crocodile who must Discover a Waitress in Nigeria',2006,1,NULL,5,'2.99',150,'22.99','PG-13','Trailers,Commentaries','2006-02-15 05:03:42'),(74,'BIRCH ANTITRUST','A Fanciful Panorama of a Husband And a Pioneer who must Outgun a Dog in A Baloon',2006,1,NULL,4,'4.99',162,'18.99','PG','Trailers,Commentaries,Deleted Scenes','2006-02-15 05:03:42'),(75,'BIRD INDEPENDENCE','A Thrilling Documentary of a Car And a Student who must Sink a Hunter in The Canadian Rockies',2006,1,NULL,6,'4.99',163,'14.99','G','Commentaries,Behind the Scenes','2006-02-15 05:03:42'),(76,'BIRDCAGE CASPER','A Fast-Paced Saga of a Frisbee And a Astronaut who must Overcome a Feminist in Ancient India',2006,1,NULL,4,'0.99',103,'23.99','NC-17','Commentaries,Deleted Scenes,Behind the Scenes','2006-02-15 05:03:42'),(77,'BIRDS PERDITION','A Boring Story of a Womanizer And a Pioneer who must Face a Dog in California',2006,1,NULL,5,'4.99',61,'15.99','G','Trailers,Behind the Scenes','2006-02-15 05:03:42'),(78,'BLACKOUT PRIVATE','A Intrepid Yarn of a Pastry Chef And a Mad Scientist who must Challenge a Secret Agent in Ancient Japan',2006,1,NULL,7,'2.99',85,'12.99','PG','Trailers,Deleted Scenes','2006-02-15 05:03:42'),(79,'BLADE POLISH','A Thoughtful Character Study of a Frisbee And a Pastry Chef who must Fight a Dentist in The First Manned Space Station',2006,1,NULL,5,'0.99',114,'10.99','PG-13','Trailers,Behind the Scenes','2006-02-15 05:03:42'),(80,'BLANKET BEVERLY','A Emotional Documentary of a Student And a Girl who must Build a Boat in Nigeria',2006,1,NULL,7,'2.99',148,'21.99','G','Trailers','2006-02-15 05:03:42'),(81,'BLINDNESS GUN','A Touching Drama of a Robot And a Dentist who must Meet a Hunter in A Jet Boat',2006,1,NULL,6,'4.99',103,'29.99','PG-13','Trailers,Behind the Scenes','2006-02-15 05:03:42'),(82,'BLOOD ARGONAUTS','A Boring Drama of a Explorer And a Man who must Kill a Lumberjack in A Manhattan Penthouse',2006,1,NULL,3,'0.99',71,'13.99','G','Trailers,Commentaries,Behind the Scenes','2006-02-15 05:03:42'),(83,'BLUES INSTINCT','A Insightful Documentary of a Boat And a Composer who must Meet a Forensic Psychologist in An Abandoned Fun House',2006,1,NULL,5,'2.99',50,'18.99','G','Trailers,Deleted Scenes,Behind the Scenes','2006-02-15 05:03:42'),(84,'BOILED DARES','A Awe-Inspiring Story of a Waitress And a Dog who must Discover a Dentist in Ancient Japan',2006,1,NULL,7,'4.99',102,'13.99','PG','Trailers,Commentaries','2006-02-15 05:03:42'),(85,'BONNIE HOLOCAUST','A Fast-Paced Story of a Crocodile And a Robot who must Find a Moose in Ancient Japan',2006,1,NULL,4,'0.99',63,'29.99','G','Deleted Scenes','2006-02-15 05:03:42'),(86,'BOOGIE AMELIE','A Lacklusture Character Study of a Husband And a Sumo Wrestler who must Succumb a Technical Writer in The Gulf of Mexico',2006,1,NULL,6,'4.99',121,'11.99','R','Commentaries,Behind the Scenes','2006-02-15 05:03:42'),(87,'BOONDOCK BALLROOM','A Fateful Panorama of a Crocodile And a Boy who must Defeat a Monkey in The Gulf of Mexico',2006,1,NULL,7,'0.99',76,'14.99','NC-17','Behind the Scenes','2006-02-15 05:03:42'),(88,'BORN SPINAL','A Touching Epistle of a Frisbee And a Husband who must Pursue a Student in Nigeria',2006,1,NULL,7,'4.99',179,'17.99','PG','Trailers,Commentaries,Deleted Scenes','2006-02-15 05:03:42'),(89,'BORROWERS BEDAZZLED','A Brilliant Epistle of a Teacher And a Sumo Wrestler who must Defeat a Man in An Abandoned Fun House',2006,1,NULL,7,'0.99',63,'22.99','G','Commentaries,Deleted Scenes,Behind the Scenes','2006-02-15 05:03:42'),(90,'BOULEVARD MOB','A Fateful Epistle of a Moose And a Monkey who must Confront a Lumberjack in Ancient China',2006,1,NULL,3,'0.99',63,'11.99','R','Trailers','2006-02-15 05:03:42'),(91,'BOUND CHEAPER','A Thrilling Panorama of a Database Administrator And a Astronaut who must Challenge a Lumberjack in A Baloon',2006,1,NULL,5,'0.99',98,'17.99','PG','Behind the Scenes','2006-02-15 05:03:42'),(92,'BOWFINGER GABLES','A Fast-Paced Yarn of a Waitress And a Composer who must Outgun a Dentist in California',2006,1,NULL,7,'4.99',72,'19.99','NC-17','Trailers,Deleted Scenes','2006-02-15 05:03:42'),(93,'BRANNIGAN SUNRISE','A Amazing Epistle of a Moose And a Crocodile who must Outrace a Dog in Berlin',2006,1,NULL,4,'4.99',121,'27.99','PG','Trailers','2006-02-15 05:03:42'),(94,'BRAVEHEART HUMAN','A Insightful Story of a Dog And a Pastry Chef who must Battle a Girl in Berlin',2006,1,NULL,7,'2.99',176,'14.99','PG-13','Trailers,Deleted Scenes','2006-02-15 05:03:42'),(95,'BREAKFAST GOLDFINGER','A Beautiful Reflection of a Student And a Student who must Fight a Moose in Berlin',2006,1,NULL,5,'4.99',123,'18.99','G','Trailers,Commentaries,Deleted Scenes','2006-02-15 05:03:42'),(96,'BREAKING HOME','A Beautiful Display of a Secret Agent And a Monkey who must Battle a Sumo Wrestler in An Abandoned Mine Shaft',2006,1,NULL,4,'2.99',169,'21.99','PG-13','Trailers,Commentaries','2006-02-15 05:03:42'),(97,'BRIDE INTRIGUE','A Epic Tale of a Robot And a Monkey who must Vanquish a Man in New Orleans',2006,1,NULL,7,'0.99',56,'24.99','G','Trailers,Commentaries,Behind the Scenes','2006-02-15 05:03:42'),(98,'BRIGHT ENCOUNTERS','A Fateful Yarn of a Lumberjack And a Feminist who must Conquer a Student in A Jet Boat',2006,1,NULL,4,'4.99',73,'12.99','PG-13','Trailers','2006-02-15 05:03:42'),(99,'BRINGING HYSTERICAL','A Fateful Saga of a A Shark And a Technical Writer who must Find a Woman in A Jet Boat',2006,1,NULL,7,'2.99',136,'14.99','PG','Trailers','2006-02-15 05:03:42'),(100,'BROOKLYN DESERT','A Beautiful Drama of a Dentist And a Composer who must Battle a Sumo Wrestler in The First Manned Space Station',2006,1,NULL,7,'4.99',161,'21.99','R','Commentaries','2006-02-15 05:03:42'),(101,'BROTHERHOOD BLANKET','A Fateful Character Study of a Butler And a Technical Writer who must Sink a Astronaut in Ancient Japan',2006,1,NULL,3,'0.99',73,'26.99','R','Behind the Scenes','2006-02-15 05:03:42'),(102,'BUBBLE GROSSE','A Awe-Inspiring Panorama of a Crocodile And a Moose who must Confront a Girl in A Baloon',2006,1,NULL,4,'4.99',60,'20.99','R','Trailers,Commentaries,Deleted Scenes,Behind the Scenes','2006-02-15 05:03:42'),(103,'BUCKET BROTHERHOOD','A Amazing Display of a Girl And a Womanizer who must Succumb a Lumberjack in A Baloon Factory',2006,1,NULL,7,'4.99',133,'27.99','PG','Commentaries,Deleted Scenes','2006-02-15 05:03:42'),(104,'BUGSY SONG','A Awe-Inspiring Character Study of a Secret Agent And a Boat who must Find a Squirrel in The First Manned Space Station',2006,1,NULL,4,'2.99',119,'17.99','G','Commentaries','2006-02-15 05:03:42'),(105,'BULL SHAWSHANK','A Fanciful Drama of a Moose And a Squirrel who must Conquer a Pioneer in The Canadian Rockies',2006,1,NULL,6,'0.99',125,'21.99','NC-17','Deleted Scenes','2006-02-15 05:03:42'),(106,'BULWORTH COMMANDMENTS','A Amazing Display of a Mad Cow And a Pioneer who must Redeem a Sumo Wrestler in The Outback',2006,1,NULL,4,'2.99',61,'14.99','G','Trailers','2006-02-15 05:03:42'),(107,'BUNCH MINDS','A Emotional Story of a Feminist And a Feminist who must Escape a Pastry Chef in A MySQL Convention',2006,1,NULL,4,'2.99',63,'13.99','G','Behind the Scenes','2006-02-15 05:03:42'),(108,'BUTCH PANTHER','A Lacklusture Yarn of a Feminist And a Database Administrator who must Face a Hunter in New Orleans',2006,1,NULL,6,'0.99',67,'19.99','PG-13','Trailers,Commentaries,Deleted Scenes','2006-02-15 05:03:42'),(109,'BUTTERFLY CHOCOLAT','A Fateful Story of a Girl And a Composer who must Conquer a Husband in A Shark Tank',2006,1,NULL,3,'0.99',89,'17.99','G','Behind the Scenes','2006-02-15 05:03:42'),(110,'CABIN FLASH','A Stunning Epistle of a Boat And a Man who must Challenge a A Shark in A Baloon Factory',2006,1,NULL,4,'0.99',53,'25.99','NC-17','Commentaries,Deleted Scenes','2006-02-15 05:03:42'),(111,'CADDYSHACK JEDI','A Awe-Inspiring Epistle of a Woman And a Madman who must Fight a Robot in Soviet Georgia',2006,1,NULL,3,'0.99',52,'17.99','NC-17','Commentaries,Deleted Scenes','2006-02-15 05:03:42'),(112,'CALENDAR GUNFIGHT','A Thrilling Drama of a Frisbee And a Lumberjack who must Sink a Man in Nigeria',2006,1,NULL,4,'4.99',120,'22.99','NC-17','Trailers,Commentaries,Behind the Scenes','2006-02-15 05:03:42'),(113,'CALIFORNIA BIRDS','A Thrilling Yarn of a Database Administrator And a Robot who must Battle a Database Administrator in Ancient India',2006,1,NULL,4,'4.99',75,'19.99','NC-17','Trailers,Commentaries,Deleted Scenes','2006-02-15 05:03:42'),(114,'CAMELOT VACATION','A Touching Character Study of a Woman And a Waitress who must Battle a Pastry Chef in A MySQL Convention',2006,1,NULL,3,'0.99',61,'26.99','NC-17','Trailers,Commentaries,Deleted Scenes,Behind the Scenes','2006-02-15 05:03:42'),(115,'CAMPUS REMEMBER','A Astounding Drama of a Crocodile And a Mad Cow who must Build a Robot in A Jet Boat',2006,1,NULL,5,'2.99',167,'27.99','R','Behind the Scenes','2006-02-15 05:03:42'),(116,'CANDIDATE PERDITION','A Brilliant Epistle of a Composer And a Database Administrator who must Vanquish a Mad Scientist in The First Manned Space Station',2006,1,NULL,4,'2.99',70,'10.99','R','Deleted Scenes,Behind the Scenes','2006-02-15 05:03:42'),(117,'CANDLES GRAPES','A Fanciful Character Study of a Monkey And a Explorer who must Build a Astronaut in An Abandoned Fun House',2006,1,NULL,6,'4.99',135,'15.99','NC-17','Trailers,Deleted Scenes','2006-02-15 05:03:42'),(118,'CANYON STOCK','A Thoughtful Reflection of a Waitress And a Feminist who must Escape a Squirrel in A Manhattan Penthouse',2006,1,NULL,7,'0.99',85,'26.99','R','Trailers,Deleted Scenes','2006-02-15 05:03:42'),(119,'CAPER MOTIONS','A Fateful Saga of a Moose And a Car who must Pursue a Woman in A MySQL Convention',2006,1,NULL,6,'0.99',176,'22.99','G','Trailers,Commentaries,Deleted Scenes','2006-02-15 05:03:42'),(120,'CARIBBEAN LIBERTY','A Fanciful Tale of a Pioneer And a Technical Writer who must Outgun a Pioneer in A Shark Tank',2006,1,NULL,3,'4.99',92,'16.99','NC-17','Commentaries,Deleted Scenes','2006-02-15 05:03:42'),(121,'CAROL TEXAS','A Astounding Character Study of a Composer And a Student who must Overcome a Composer in A Monastery',2006,1,NULL,4,'2.99',151,'15.99','PG','Trailers,Behind the Scenes','2006-02-15 05:03:42'),(122,'CARRIE BUNCH','A Amazing Epistle of a Student And a Astronaut who must Discover a Frisbee in The Canadian Rockies',2006,1,NULL,7,'0.99',114,'11.99','PG','Trailers,Commentaries,Behind the Scenes','2006-02-15 05:03:42'),(123,'CASABLANCA SUPER','A Amazing Panorama of a Crocodile And a Forensic Psychologist who must Pursue a Secret Agent in The First Manned Space Station',2006,1,NULL,6,'4.99',85,'22.99','G','Trailers,Deleted Scenes,Behind the Scenes','2006-02-15 05:03:42'),(124,'CASPER DRAGONFLY','A Intrepid Documentary of a Boat And a Crocodile who must Chase a Robot in The Sahara Desert',2006,1,NULL,3,'4.99',163,'16.99','PG-13','Trailers','2006-02-15 05:03:42'),(125,'CASSIDY WYOMING','A Intrepid Drama of a Frisbee And a Hunter who must Kill a Secret Agent in New Orleans',2006,1,NULL,5,'2.99',61,'19.99','NC-17','Commentaries,Behind the Scenes','2006-02-15 05:03:42'),(126,'CASUALTIES ENCINO','A Insightful Yarn of a A Shark And a Pastry Chef who must Face a Boy in A Monastery',2006,1,NULL,3,'4.99',179,'16.99','G','Trailers','2006-02-15 05:03:42'),(127,'CAT CONEHEADS','A Fast-Paced Panorama of a Girl And a A Shark who must Confront a Boy in Ancient India',2006,1,NULL,5,'4.99',112,'14.99','G','Commentaries,Deleted Scenes','2006-02-15 05:03:42'),(128,'CATCH AMISTAD','A Boring Reflection of a Lumberjack And a Feminist who must Discover a Woman in Nigeria',2006,1,NULL,7,'0.99',183,'10.99','G','Trailers,Behind the Scenes','2006-02-15 05:03:42'),(129,'CAUSE DATE','A Taut Tale of a Explorer And a Pastry Chef who must Conquer a Hunter in A MySQL Convention',2006,1,NULL,3,'2.99',179,'16.99','R','Commentaries,Deleted Scenes,Behind the Scenes','2006-02-15 05:03:42'),(130,'CELEBRITY HORN','A Amazing Documentary of a Secret Agent And a Astronaut who must Vanquish a Hunter in A Shark Tank',2006,1,NULL,7,'0.99',110,'24.99','PG-13','Deleted Scenes,Behind the Scenes','2006-02-15 05:03:42'),(131,'CENTER DINOSAUR','A Beautiful Character Study of a Sumo Wrestler And a Dentist who must Find a Dog in California',2006,1,NULL,5,'4.99',152,'12.99','PG','Deleted Scenes','2006-02-15 05:03:42'),(132,'CHAINSAW UPTOWN','A Beautiful Documentary of a Boy And a Robot who must Discover a Squirrel in Australia',2006,1,NULL,6,'0.99',114,'25.99','PG','Deleted Scenes,Behind the Scenes','2006-02-15 05:03:42'),(133,'CHAMBER ITALIAN','A Fateful Reflection of a Moose And a Husband who must Overcome a Monkey in Nigeria',2006,1,NULL,7,'4.99',117,'14.99','NC-17','Trailers','2006-02-15 05:03:42'),(134,'CHAMPION FLATLINERS','A Amazing Story of a Mad Cow And a Dog who must Kill a Husband in A Monastery',2006,1,NULL,4,'4.99',51,'21.99','PG','Trailers','2006-02-15 05:03:42'),(135,'CHANCE RESURRECTION','A Astounding Story of a Forensic Psychologist And a Forensic Psychologist who must Overcome a Moose in Ancient China',2006,1,NULL,3,'2.99',70,'22.99','R','Commentaries,Deleted Scenes,Behind the Scenes','2006-02-15 05:03:42'),(136,'CHAPLIN LICENSE','A Boring Drama of a Dog And a Forensic Psychologist who must Outrace a Explorer in Ancient India',2006,1,NULL,7,'2.99',146,'26.99','NC-17','Behind the Scenes','2006-02-15 05:03:42'),(137,'CHARADE DUFFEL','A Action-Packed Display of a Man And a Waitress who must Build a Dog in A MySQL Convention',2006,1,NULL,3,'2.99',66,'21.99','PG','Trailers,Deleted Scenes,Behind the Scenes','2006-02-15 05:03:42'),(138,'CHARIOTS CONSPIRACY','A Unbelieveable Epistle of a Robot And a Husband who must Chase a Robot in The First Manned Space Station',2006,1,NULL,5,'2.99',71,'29.99','R','Deleted Scenes,Behind the Scenes','2006-02-15 05:03:42'),(139,'CHASING FIGHT','A Astounding Saga of a Technical Writer And a Butler who must Battle a Butler in A Shark Tank',2006,1,NULL,7,'4.99',114,'21.99','PG','Trailers,Commentaries','2006-02-15 05:03:42'),(140,'CHEAPER CLYDE','A Emotional Character Study of a Pioneer And a Girl who must Discover a Dog in Ancient Japan',2006,1,NULL,6,'0.99',87,'23.99','G','Trailers,Commentaries,Behind the Scenes','2006-02-15 05:03:42'),(141,'CHICAGO NORTH','A Fateful Yarn of a Mad Cow And a Waitress who must Battle a Student in California',2006,1,NULL,6,'4.99',185,'11.99','PG-13','Deleted Scenes,Behind the Scenes','2006-02-15 05:03:42'),(142,'CHICKEN HELLFIGHTERS','A Emotional Drama of a Dog And a Explorer who must Outrace a Technical Writer in Australia',2006,1,NULL,3,'0.99',122,'24.99','PG','Trailers,Commentaries,Deleted Scenes,Behind the Scenes','2006-02-15 05:03:42'),(143,'CHILL LUCK','A Lacklusture Epistle of a Boat And a Technical Writer who must Fight a A Shark in The Canadian Rockies',2006,1,NULL,6,'0.99',142,'17.99','PG','Trailers,Commentaries,Deleted Scenes','2006-02-15 05:03:42'),(144,'CHINATOWN GLADIATOR','A Brilliant Panorama of a Technical Writer And a Lumberjack who must Escape a Butler in Ancient India',2006,1,NULL,7,'4.99',61,'24.99','PG','Trailers,Commentaries,Deleted Scenes','2006-02-15 05:03:42'),(145,'CHISUM BEHAVIOR','A Epic Documentary of a Sumo Wrestler And a Butler who must Kill a Car in Ancient India',2006,1,NULL,5,'4.99',124,'25.99','G','Trailers,Commentaries,Behind the Scenes','2006-02-15 05:03:42'),(146,'CHITTY LOCK','A Boring Epistle of a Boat And a Database Administrator who must Kill a Sumo Wrestler in The First Manned Space Station',2006,1,NULL,6,'2.99',107,'24.99','G','Commentaries','2006-02-15 05:03:42'),(147,'CHOCOLAT HARRY','A Action-Packed Epistle of a Dentist And a Moose who must Meet a Mad Cow in Ancient Japan',2006,1,NULL,5,'0.99',101,'16.99','NC-17','Commentaries,Behind the Scenes','2006-02-15 05:03:42'),(148,'CHOCOLATE DUCK','A Unbelieveable Story of a Mad Scientist And a Technical Writer who must Discover a Composer in Ancient China',2006,1,NULL,3,'2.99',132,'13.99','R','Trailers,Commentaries,Behind the Scenes','2006-02-15 05:03:42'),(149,'CHRISTMAS MOONSHINE','A Action-Packed Epistle of a Feminist And a Astronaut who must Conquer a Boat in A Manhattan Penthouse',2006,1,NULL,7,'0.99',150,'21.99','NC-17','Trailers,Commentaries,Behind the Scenes','2006-02-15 05:03:42'),(150,'CIDER DESIRE','A Stunning Character Study of a Composer And a Mad Cow who must Succumb a Cat in Soviet Georgia',2006,1,NULL,7,'2.99',101,'9.99','PG','Behind the Scenes','2006-02-15 05:03:42'),(151,'CINCINATTI WHISPERER','A Brilliant Saga of a Pastry Chef And a Hunter who must Confront a Butler in Berlin',2006,1,NULL,5,'4.99',143,'26.99','NC-17','Deleted Scenes','2006-02-15 05:03:42'),(152,'CIRCUS YOUTH','A Thoughtful Drama of a Pastry Chef And a Dentist who must Pursue a Girl in A Baloon',2006,1,NULL,5,'2.99',90,'13.99','PG-13','Trailers,Deleted Scenes,Behind the Scenes','2006-02-15 05:03:42'),(153,'CITIZEN SHREK','A Fanciful Character Study of a Technical Writer And a Husband who must Redeem a Robot in The Outback',2006,1,NULL,7,'0.99',165,'18.99','G','Commentaries,Deleted Scenes','2006-02-15 05:03:42'),(154,'CLASH FREDDY','A Amazing Yarn of a Composer And a Squirrel who must Escape a Astronaut in Australia',2006,1,NULL,6,'2.99',81,'12.99','G','Commentaries,Deleted Scenes','2006-02-15 05:03:42'),(155,'CLEOPATRA DEVIL','A Fanciful Documentary of a Crocodile And a Technical Writer who must Fight a A Shark in A Baloon',2006,1,NULL,6,'0.99',150,'26.99','PG-13','Trailers,Deleted Scenes,Behind the Scenes','2006-02-15 05:03:42'),(156,'CLERKS ANGELS','A Thrilling Display of a Sumo Wrestler And a Girl who must Confront a Man in A Baloon',2006,1,NULL,3,'4.99',164,'15.99','G','Commentaries','2006-02-15 05:03:42'),(157,'CLOCKWORK PARADISE','A Insightful Documentary of a Technical Writer And a Feminist who must Challenge a Cat in A Baloon',2006,1,NULL,7,'0.99',143,'29.99','PG-13','Trailers,Commentaries,Deleted Scenes,Behind the Scenes','2006-02-15 05:03:42'),(158,'CLONES PINOCCHIO','A Amazing Drama of a Car And a Robot who must Pursue a Dentist in New Orleans',2006,1,NULL,6,'2.99',124,'16.99','R','Behind the Scenes','2006-02-15 05:03:42'),(159,'CLOSER BANG','A Unbelieveable Panorama of a Frisbee And a Hunter who must Vanquish a Monkey in Ancient India',2006,1,NULL,5,'4.99',58,'12.99','R','Trailers,Behind the Scenes','2006-02-15 05:03:42'),(160,'CLUB GRAFFITI','A Epic Tale of a Pioneer And a Hunter who must Escape a Girl in A U-Boat',2006,1,NULL,4,'0.99',65,'12.99','PG-13','Trailers,Deleted Scenes','2006-02-15 05:03:42'),(161,'CLUE GRAIL','A Taut Tale of a Butler And a Mad Scientist who must Build a Crocodile in Ancient China',2006,1,NULL,6,'4.99',70,'27.99','NC-17','Trailers,Commentaries,Behind the Scenes','2006-02-15 05:03:42'),(162,'CLUELESS BUCKET','A Taut Tale of a Car And a Pioneer who must Conquer a Sumo Wrestler in An Abandoned Fun House',2006,1,NULL,4,'2.99',95,'13.99','R','Trailers,Deleted Scenes,Behind the Scenes','2006-02-15 05:03:42'),(163,'CLYDE THEORY','A Beautiful Yarn of a Astronaut And a Frisbee who must Overcome a Explorer in A Jet Boat',2006,1,NULL,4,'0.99',139,'29.99','PG-13','Commentaries,Deleted Scenes,Behind the Scenes','2006-02-15 05:03:42'),(164,'COAST RAINBOW','A Astounding Documentary of a Mad Cow And a Pioneer who must Challenge a Butler in The Sahara Desert',2006,1,NULL,4,'0.99',55,'20.99','PG','Trailers,Commentaries,Deleted Scenes,Behind the Scenes','2006-02-15 05:03:42'),(165,'COLDBLOODED DARLING','A Brilliant Panorama of a Dentist And a Moose who must Find a Student in The Gulf of Mexico',2006,1,NULL,7,'4.99',70,'27.99','G','Trailers,Deleted Scenes','2006-02-15 05:03:42'),(166,'COLOR PHILADELPHIA','A Thoughtful Panorama of a Car And a Crocodile who must Sink a Monkey in The Sahara Desert',2006,1,NULL,6,'2.99',149,'19.99','G','Commentaries,Behind the Scenes','2006-02-15 05:03:42'),(167,'COMA HEAD','A Awe-Inspiring Drama of a Boy And a Frisbee who must Escape a Pastry Chef in California',2006,1,NULL,6,'4.99',109,'10.99','NC-17','Commentaries','2006-02-15 05:03:42'),(168,'COMANCHEROS ENEMY','A Boring Saga of a Lumberjack And a Monkey who must Find a Monkey in The Gulf of Mexico',2006,1,NULL,5,'0.99',67,'23.99','R','Trailers,Behind the Scenes','2006-02-15 05:03:42'),(169,'COMFORTS RUSH','A Unbelieveable Panorama of a Pioneer And a Husband who must Meet a Mad Cow in An Abandoned Mine Shaft',2006,1,NULL,3,'2.99',76,'19.99','NC-17','Commentaries,Behind the Scenes','2006-02-15 05:03:42'),(170,'COMMAND DARLING','A Awe-Inspiring Tale of a Forensic Psychologist And a Woman who must Challenge a Database Administrator in Ancient Japan',2006,1,NULL,5,'4.99',120,'28.99','PG-13','Behind the Scenes','2006-02-15 05:03:42'),(171,'COMMANDMENTS EXPRESS','A Fanciful Saga of a Student And a Mad Scientist who must Battle a Hunter in An Abandoned Mine Shaft',2006,1,NULL,6,'4.99',59,'13.99','R','Trailers,Commentaries,Deleted Scenes','2006-02-15 05:03:42'),(172,'CONEHEADS SMOOCHY','A Touching Story of a Womanizer And a Composer who must Pursue a Husband in Nigeria',2006,1,NULL,7,'4.99',112,'12.99','NC-17','Deleted Scenes,Behind the Scenes','2006-02-15 05:03:42'),(173,'CONFESSIONS MAGUIRE','A Insightful Story of a Car And a Boy who must Battle a Technical Writer in A Baloon',2006,1,NULL,7,'4.99',65,'25.99','PG-13','Behind the Scenes','2006-02-15 05:03:42'),(174,'CONFIDENTIAL INTERVIEW','A Stunning Reflection of a Cat And a Woman who must Find a Astronaut in Ancient Japan',2006,1,NULL,6,'4.99',180,'13.99','NC-17','Commentaries','2006-02-15 05:03:42'),(175,'CONFUSED CANDLES','A Stunning Epistle of a Cat And a Forensic Psychologist who must Confront a Pioneer in A Baloon',2006,1,NULL,3,'2.99',122,'27.99','PG-13','Trailers,Commentaries,Deleted Scenes,Behind the Scenes','2006-02-15 05:03:42'),(176,'CONGENIALITY QUEST','A Touching Documentary of a Cat And a Pastry Chef who must Find a Lumberjack in A Baloon',2006,1,NULL,6,'0.99',87,'21.99','PG-13','Commentaries,Behind the Scenes','2006-02-15 05:03:42'),(177,'CONNECTICUT TRAMP','A Unbelieveable Drama of a Crocodile And a Mad Cow who must Reach a Dentist in A Shark Tank',2006,1,NULL,4,'4.99',172,'20.99','R','Commentaries,Deleted Scenes','2006-02-15 05:03:42'),(178,'CONNECTION MICROCOSMOS','A Fateful Documentary of a Crocodile And a Husband who must Face a Husband in The First Manned Space Station',2006,1,NULL,6,'0.99',115,'25.99','G','Deleted Scenes,Behind the Scenes','2006-02-15 05:03:42'),(179,'CONQUERER NUTS','A Taut Drama of a Mad Scientist And a Man who must Escape a Pioneer in An Abandoned Mine Shaft',2006,1,NULL,4,'4.99',173,'14.99','G','Commentaries,Deleted Scenes,Behind the Scenes','2006-02-15 05:03:42'),(180,'CONSPIRACY SPIRIT','A Awe-Inspiring Story of a Student And a Frisbee who must Conquer a Crocodile in An Abandoned Mine Shaft',2006,1,NULL,4,'2.99',184,'27.99','PG-13','Trailers,Commentaries','2006-02-15 05:03:42'),(181,'CONTACT ANONYMOUS','A Insightful Display of a A Shark And a Monkey who must Face a Database Administrator in Ancient India',2006,1,NULL,7,'2.99',166,'10.99','PG-13','Commentaries','2006-02-15 05:03:42'),(182,'CONTROL ANTHEM','A Fateful Documentary of a Robot And a Student who must Battle a Cat in A Monastery',2006,1,NULL,7,'4.99',185,'9.99','G','Commentaries','2006-02-15 05:03:42'),(183,'CONVERSATION DOWNHILL','A Taut Character Study of a Husband And a Waitress who must Sink a Squirrel in A MySQL Convention',2006,1,NULL,4,'4.99',112,'14.99','R','Commentaries','2006-02-15 05:03:42'),(184,'CORE SUIT','A Unbelieveable Tale of a Car And a Explorer who must Confront a Boat in A Manhattan Penthouse',2006,1,NULL,3,'2.99',92,'24.99','PG-13','Deleted Scenes','2006-02-15 05:03:42'),(185,'COWBOY DOOM','A Astounding Drama of a Boy And a Lumberjack who must Fight a Butler in A Baloon',2006,1,NULL,3,'2.99',146,'10.99','PG','Commentaries,Deleted Scenes,Behind the Scenes','2006-02-15 05:03:42'),(186,'CRAFT OUTFIELD','A Lacklusture Display of a Explorer And a Hunter who must Succumb a Database Administrator in A Baloon Factory',2006,1,NULL,6,'0.99',64,'17.99','NC-17','Deleted Scenes,Behind the Scenes','2006-02-15 05:03:42'),(187,'CRANES RESERVOIR','A Fanciful Documentary of a Teacher And a Dog who must Outgun a Forensic Psychologist in A Baloon Factory',2006,1,NULL,5,'2.99',57,'12.99','NC-17','Commentaries','2006-02-15 05:03:42'),(188,'CRAZY HOME','A Fanciful Panorama of a Boy And a Woman who must Vanquish a Database Administrator in The Outback',2006,1,NULL,7,'2.99',136,'24.99','PG','Commentaries,Deleted Scenes','2006-02-15 05:03:42'),(189,'CREATURES SHAKESPEARE','A Emotional Drama of a Womanizer And a Squirrel who must Vanquish a Crocodile in Ancient India',2006,1,NULL,3,'0.99',139,'23.99','NC-17','Trailers,Deleted Scenes','2006-02-15 05:03:42'),(190,'CREEPERS KANE','A Awe-Inspiring Reflection of a Squirrel And a Boat who must Outrace a Car in A Jet Boat',2006,1,NULL,5,'4.99',172,'23.99','NC-17','Trailers,Behind the Scenes','2006-02-15 05:03:42'),(191,'CROOKED FROGMEN','A Unbelieveable Drama of a Hunter And a Database Administrator who must Battle a Crocodile in An Abandoned Amusement Park',2006,1,NULL,6,'0.99',143,'27.99','PG-13','Commentaries,Deleted Scenes,Behind the Scenes','2006-02-15 05:03:42'),(192,'CROSSING DIVORCE','A Beautiful Documentary of a Dog And a Robot who must Redeem a Womanizer in Berlin',2006,1,NULL,4,'4.99',50,'19.99','R','Commentaries,Deleted Scenes,Behind the Scenes','2006-02-15 05:03:42'),(193,'CROSSROADS CASUALTIES','A Intrepid Documentary of a Sumo Wrestler And a Astronaut who must Battle a Composer in The Outback',2006,1,NULL,5,'2.99',153,'20.99','G','Trailers,Commentaries,Behind the Scenes','2006-02-15 05:03:42'),(194,'CROW GREASE','A Awe-Inspiring Documentary of a Woman And a Husband who must Sink a Database Administrator in The First Manned Space Station',2006,1,NULL,6,'0.99',104,'22.99','PG','Trailers,Commentaries,Behind the Scenes','2006-02-15 05:03:42'),(195,'CROWDS TELEMARK','A Intrepid Documentary of a Astronaut And a Forensic Psychologist who must Find a Frisbee in An Abandoned Fun House',2006,1,NULL,3,'4.99',112,'16.99','R','Trailers,Behind the Scenes','2006-02-15 05:03:42'),(196,'CRUELTY UNFORGIVEN','A Brilliant Tale of a Car And a Moose who must Battle a Dentist in Nigeria',2006,1,NULL,7,'0.99',69,'29.99','G','Deleted Scenes,Behind the Scenes','2006-02-15 05:03:42'),(197,'CRUSADE HONEY','A Fast-Paced Reflection of a Explorer And a Butler who must Battle a Madman in An Abandoned Amusement Park',2006,1,NULL,4,'2.99',112,'27.99','R','Commentaries','2006-02-15 05:03:42'),(198,'CRYSTAL BREAKING','A Fast-Paced Character Study of a Feminist And a Explorer who must Face a Pastry Chef in Ancient Japan',2006,1,NULL,6,'2.99',184,'22.99','NC-17','Trailers,Commentaries','2006-02-15 05:03:42'),(199,'CUPBOARD SINNERS','A Emotional Reflection of a Frisbee And a Boat who must Reach a Pastry Chef in An Abandoned Amusement Park',2006,1,NULL,4,'2.99',56,'29.99','R','Behind the Scenes','2006-02-15 05:03:42'),(200,'CURTAIN VIDEOTAPE','A Boring Reflection of a Dentist And a Mad Cow who must Chase a Secret Agent in A Shark Tank',2006,1,NULL,7,'0.99',133,'27.99','PG-13','Trailers,Commentaries,Deleted Scenes,Behind the Scenes','2006-02-15 05:03:42'),(201,'CYCLONE FAMILY','A Lacklusture Drama of a Student And a Monkey who must Sink a Womanizer in A MySQL Convention',2006,1,NULL,7,'2.99',176,'18.99','PG','Trailers,Deleted Scenes','2006-02-15 05:03:42'),(202,'DADDY PITTSBURGH','A Epic Story of a A Shark And a Student who must Confront a Explorer in The Gulf of Mexico',2006,1,NULL,5,'4.99',161,'26.99','G','Deleted Scenes,Behind the Scenes','2006-02-15 05:03:42'),(203,'DAISY MENAGERIE','A Fast-Paced Saga of a Pastry Chef And a Monkey who must Sink a Composer in Ancient India',2006,1,NULL,5,'4.99',84,'9.99','G','Trailers,Commentaries,Behind the Scenes','2006-02-15 05:03:42'),(204,'DALMATIONS SWEDEN','A Emotional Epistle of a Moose And a Hunter who must Overcome a Robot in A Manhattan Penthouse',2006,1,NULL,4,'0.99',106,'25.99','PG','Trailers,Commentaries,Deleted Scenes','2006-02-15 05:03:42'),(205,'DANCES NONE','A Insightful Reflection of a A Shark And a Dog who must Kill a Butler in An Abandoned Amusement Park',2006,1,NULL,3,'0.99',58,'22.99','NC-17','Trailers,Commentaries,Deleted Scenes,Behind the Scenes','2006-02-15 05:03:42'),(206,'DANCING FEVER','A Stunning Story of a Explorer And a Forensic Psychologist who must Face a Crocodile in A Shark Tank',2006,1,NULL,6,'0.99',144,'25.99','G','Commentaries,Behind the Scenes','2006-02-15 05:03:42'),(207,'DANGEROUS UPTOWN','A Unbelieveable Story of a Mad Scientist And a Woman who must Overcome a Dog in California',2006,1,NULL,7,'4.99',121,'26.99','PG','Commentaries','2006-02-15 05:03:42'),(208,'DARES PLUTO','A Fateful Story of a Robot And a Dentist who must Defeat a Astronaut in New Orleans',2006,1,NULL,7,'2.99',89,'16.99','PG-13','Commentaries,Behind the Scenes','2006-02-15 05:03:42'),(209,'DARKNESS WAR','A Touching Documentary of a Husband And a Hunter who must Escape a Boy in The Sahara Desert',2006,1,NULL,6,'2.99',99,'24.99','NC-17','Deleted Scenes,Behind the Scenes','2006-02-15 05:03:42'),(210,'DARKO DORADO','A Stunning Reflection of a Frisbee And a Husband who must Redeem a Dog in New Orleans',2006,1,NULL,3,'4.99',130,'13.99','NC-17','Trailers,Commentaries,Deleted Scenes,Behind the Scenes','2006-02-15 05:03:42'),(211,'DARLING BREAKING','A Brilliant Documentary of a Astronaut And a Squirrel who must Succumb a Student in The Gulf of Mexico',2006,1,NULL,7,'4.99',165,'20.99','PG-13','Commentaries,Behind the Scenes','2006-02-15 05:03:42'),(212,'DARN FORRESTER','A Fateful Story of a A Shark And a Explorer who must Succumb a Technical Writer in A Jet Boat',2006,1,NULL,7,'4.99',185,'14.99','G','Deleted Scenes','2006-02-15 05:03:42'),(213,'DATE SPEED','A Touching Saga of a Composer And a Moose who must Discover a Dentist in A MySQL Convention',2006,1,NULL,4,'0.99',104,'19.99','R','Commentaries','2006-02-15 05:03:42'),(214,'DAUGHTER MADIGAN','A Beautiful Tale of a Hunter And a Mad Scientist who must Confront a Squirrel in The First Manned Space Station',2006,1,NULL,3,'4.99',59,'13.99','PG-13','Trailers','2006-02-15 05:03:42'),(215,'DAWN POND','A Thoughtful Documentary of a Dentist And a Forensic Psychologist who must Defeat a Waitress in Berlin',2006,1,NULL,4,'4.99',57,'27.99','PG','Trailers,Deleted Scenes,Behind the Scenes','2006-02-15 05:03:42'),(216,'DAY UNFAITHFUL','A Stunning Documentary of a Composer And a Mad Scientist who must Find a Technical Writer in A U-Boat',2006,1,NULL,3,'4.99',113,'16.99','G','Trailers,Commentaries,Deleted Scenes,Behind the Scenes','2006-02-15 05:03:42'),(217,'DAZED PUNK','A Action-Packed Story of a Pioneer And a Technical Writer who must Discover a Forensic Psychologist in An Abandoned Amusement Park',2006,1,NULL,6,'4.99',120,'20.99','G','Commentaries,Deleted Scenes','2006-02-15 05:03:42'),(218,'DECEIVER BETRAYED','A Taut Story of a Moose And a Squirrel who must Build a Husband in Ancient India',2006,1,NULL,7,'0.99',122,'22.99','NC-17','Trailers,Commentaries,Deleted Scenes,Behind the Scenes','2006-02-15 05:03:42'),(219,'DEEP CRUSADE','A Amazing Tale of a Crocodile And a Squirrel who must Discover a Composer in Australia',2006,1,NULL,6,'4.99',51,'20.99','PG-13','Commentaries,Behind the Scenes','2006-02-15 05:03:42'),(220,'DEER VIRGINIAN','A Thoughtful Story of a Mad Cow And a Womanizer who must Overcome a Mad Scientist in Soviet Georgia',2006,1,NULL,7,'2.99',106,'13.99','NC-17','Deleted Scenes','2006-02-15 05:03:42'),(221,'DELIVERANCE MULHOLLAND','A Astounding Saga of a Monkey And a Moose who must Conquer a Butler in A Shark Tank',2006,1,NULL,4,'0.99',100,'9.99','R','Deleted Scenes','2006-02-15 05:03:42'),(222,'DESERT POSEIDON','A Brilliant Documentary of a Butler And a Frisbee who must Build a Astronaut in New Orleans',2006,1,NULL,4,'4.99',64,'27.99','R','Trailers,Behind the Scenes','2006-02-15 05:03:42'),(223,'DESIRE ALIEN','A Fast-Paced Tale of a Dog And a Forensic Psychologist who must Meet a Astronaut in The First Manned Space Station',2006,1,NULL,7,'2.99',76,'24.99','NC-17','Deleted Scenes','2006-02-15 05:03:42'),(224,'DESPERATE TRAINSPOTTING','A Epic Yarn of a Forensic Psychologist And a Teacher who must Face a Lumberjack in California',2006,1,NULL,7,'4.99',81,'29.99','G','Deleted Scenes','2006-02-15 05:03:42'),(225,'DESTINATION JERK','A Beautiful Yarn of a Teacher And a Cat who must Build a Car in A U-Boat',2006,1,NULL,3,'0.99',76,'19.99','PG-13','Trailers,Commentaries,Behind the Scenes','2006-02-15 05:03:42'),(226,'DESTINY SATURDAY','A Touching Drama of a Crocodile And a Crocodile who must Conquer a Explorer in Soviet Georgia',2006,1,NULL,4,'4.99',56,'20.99','G','Trailers,Commentaries,Behind the Scenes','2006-02-15 05:03:42'),(227,'DETAILS PACKER','A Epic Saga of a Waitress And a Composer who must Face a Boat in A U-Boat',2006,1,NULL,4,'4.99',88,'17.99','R','Commentaries,Deleted Scenes','2006-02-15 05:03:42'),(228,'DETECTIVE VISION','A Fanciful Documentary of a Pioneer And a Woman who must Redeem a Hunter in Ancient Japan',2006,1,NULL,4,'0.99',143,'16.99','PG-13','Trailers,Commentaries,Behind the Scenes','2006-02-15 05:03:42'),(229,'DEVIL DESIRE','A Beautiful Reflection of a Monkey And a Dentist who must Face a Database Administrator in Ancient Japan',2006,1,NULL,6,'4.99',87,'12.99','R','Trailers,Behind the Scenes','2006-02-15 05:03:42'),(230,'DIARY PANIC','A Thoughtful Character Study of a Frisbee And a Mad Cow who must Outgun a Man in Ancient India',2006,1,NULL,7,'2.99',107,'20.99','G','Commentaries,Behind the Scenes','2006-02-15 05:03:42'),(231,'DINOSAUR SECRETARY','A Action-Packed Drama of a Feminist And a Girl who must Reach a Robot in The Canadian Rockies',2006,1,NULL,7,'2.99',63,'27.99','R','Trailers,Behind the Scenes','2006-02-15 05:03:42'),(232,'DIRTY ACE','A Action-Packed Character Study of a Forensic Psychologist And a Girl who must Build a Dentist in The Outback',2006,1,NULL,7,'2.99',147,'29.99','NC-17','Commentaries,Deleted Scenes,Behind the Scenes','2006-02-15 05:03:42'),(233,'DISCIPLE MOTHER','A Touching Reflection of a Mad Scientist And a Boat who must Face a Moose in A Shark Tank',2006,1,NULL,3,'0.99',141,'17.99','PG','Trailers,Deleted Scenes,Behind the Scenes','2006-02-15 05:03:42'),(234,'DISTURBING SCARFACE','A Lacklusture Display of a Crocodile And a Butler who must Overcome a Monkey in A U-Boat',2006,1,NULL,6,'2.99',94,'27.99','R','Trailers,Behind the Scenes','2006-02-15 05:03:42'),(235,'DIVIDE MONSTER','A Intrepid Saga of a Man And a Forensic Psychologist who must Reach a Squirrel in A Monastery',2006,1,NULL,6,'2.99',68,'13.99','PG-13','Trailers,Commentaries','2006-02-15 05:03:42'),(236,'DIVINE RESURRECTION','A Boring Character Study of a Man And a Womanizer who must Succumb a Teacher in An Abandoned Amusement Park',2006,1,NULL,4,'2.99',100,'19.99','R','Trailers,Commentaries','2006-02-15 05:03:42'),(237,'DIVORCE SHINING','A Unbelieveable Saga of a Crocodile And a Student who must Discover a Cat in Ancient India',2006,1,NULL,3,'2.99',47,'21.99','G','Trailers,Commentaries,Deleted Scenes','2006-02-15 05:03:42'),(238,'DOCTOR GRAIL','A Insightful Drama of a Womanizer And a Waitress who must Reach a Forensic Psychologist in The Outback',2006,1,NULL,4,'2.99',57,'29.99','G','Trailers,Commentaries,Behind the Scenes','2006-02-15 05:03:42'),(239,'DOGMA FAMILY','A Brilliant Character Study of a Database Administrator And a Monkey who must Succumb a Astronaut in New Orleans',2006,1,NULL,5,'4.99',122,'16.99','G','Commentaries','2006-02-15 05:03:42'),(240,'DOLLS RAGE','A Thrilling Display of a Pioneer And a Frisbee who must Escape a Teacher in The Outback',2006,1,NULL,7,'2.99',120,'10.99','PG-13','Commentaries,Deleted Scenes','2006-02-15 05:03:42'),(241,'DONNIE ALLEY','A Awe-Inspiring Tale of a Butler And a Frisbee who must Vanquish a Teacher in Ancient Japan',2006,1,NULL,4,'0.99',125,'20.99','NC-17','Trailers,Commentaries,Behind the Scenes','2006-02-15 05:03:42'),(242,'DOOM DANCING','A Astounding Panorama of a Car And a Mad Scientist who must Battle a Lumberjack in A MySQL Convention',2006,1,NULL,4,'0.99',68,'13.99','R','Trailers,Commentaries','2006-02-15 05:03:42'),(243,'DOORS PRESIDENT','A Awe-Inspiring Display of a Squirrel And a Woman who must Overcome a Boy in The Gulf of Mexico',2006,1,NULL,3,'4.99',49,'22.99','NC-17','Trailers,Commentaries,Deleted Scenes,Behind the Scenes','2006-02-15 05:03:42'),(244,'DORADO NOTTING','A Action-Packed Tale of a Sumo Wrestler And a A Shark who must Meet a Frisbee in California',2006,1,NULL,5,'4.99',139,'26.99','NC-17','Commentaries','2006-02-15 05:03:42'),(245,'DOUBLE WRATH','A Thoughtful Yarn of a Womanizer And a Dog who must Challenge a Madman in The Gulf of Mexico',2006,1,NULL,4,'0.99',177,'28.99','R','Trailers,Deleted Scenes,Behind the Scenes','2006-02-15 05:03:42'),(246,'DOUBTFIRE LABYRINTH','A Intrepid Panorama of a Butler And a Composer who must Meet a Mad Cow in The Sahara Desert',2006,1,NULL,5,'4.99',154,'16.99','R','Deleted Scenes,Behind the Scenes','2006-02-15 05:03:42'),(247,'DOWNHILL ENOUGH','A Emotional Tale of a Pastry Chef And a Forensic Psychologist who must Succumb a Monkey in The Sahara Desert',2006,1,NULL,3,'0.99',47,'19.99','G','Trailers,Commentaries,Deleted Scenes','2006-02-15 05:03:42'),(248,'DOZEN LION','A Taut Drama of a Cat And a Girl who must Defeat a Frisbee in The Canadian Rockies',2006,1,NULL,6,'4.99',177,'20.99','NC-17','Commentaries,Deleted Scenes,Behind the Scenes','2006-02-15 05:03:42'),(249,'DRACULA CRYSTAL','A Thrilling Reflection of a Feminist And a Cat who must Find a Frisbee in An Abandoned Fun House',2006,1,NULL,7,'0.99',176,'26.99','G','Commentaries','2006-02-15 05:03:42'),(250,'DRAGON SQUAD','A Taut Reflection of a Boy And a Waitress who must Outgun a Teacher in Ancient China',2006,1,NULL,4,'0.99',170,'26.99','NC-17','Deleted Scenes,Behind the Scenes','2006-02-15 05:03:42'),(251,'DRAGONFLY STRANGERS','A Boring Documentary of a Pioneer And a Man who must Vanquish a Man in Nigeria',2006,1,NULL,6,'4.99',133,'19.99','NC-17','Trailers,Behind the Scenes','2006-02-15 05:03:42'),(252,'DREAM PICKUP','A Epic Display of a Car And a Composer who must Overcome a Forensic Psychologist in The Gulf of Mexico',2006,1,NULL,6,'2.99',135,'18.99','PG','Trailers,Commentaries,Behind the Scenes','2006-02-15 05:03:42'),(253,'DRIFTER COMMANDMENTS','A Epic Reflection of a Womanizer And a Squirrel who must Discover a Husband in A Jet Boat',2006,1,NULL,5,'4.99',61,'18.99','PG-13','Trailers,Behind the Scenes','2006-02-15 05:03:42'),(254,'DRIVER ANNIE','A Lacklusture Character Study of a Butler And a Car who must Redeem a Boat in An Abandoned Fun House',2006,1,NULL,4,'2.99',159,'11.99','PG-13','Trailers,Deleted Scenes,Behind the Scenes','2006-02-15 05:03:42'),(255,'DRIVING POLISH','A Action-Packed Yarn of a Feminist And a Technical Writer who must Sink a Boat in An Abandoned Mine Shaft',2006,1,NULL,6,'4.99',175,'21.99','NC-17','Trailers,Deleted Scenes','2006-02-15 05:03:42'),(256,'DROP WATERFRONT','A Fanciful Documentary of a Husband And a Explorer who must Reach a Madman in Ancient China',2006,1,NULL,6,'4.99',178,'20.99','R','Trailers,Commentaries','2006-02-15 05:03:42'),(257,'DRUMLINE CYCLONE','A Insightful Panorama of a Monkey And a Sumo Wrestler who must Outrace a Mad Scientist in The Canadian Rockies',2006,1,NULL,3,'0.99',110,'14.99','G','Commentaries,Deleted Scenes,Behind the Scenes','2006-02-15 05:03:42'),(258,'DRUMS DYNAMITE','A Epic Display of a Crocodile And a Crocodile who must Confront a Dog in An Abandoned Amusement Park',2006,1,NULL,6,'0.99',96,'11.99','PG','Trailers','2006-02-15 05:03:42'),(259,'DUCK RACER','A Lacklusture Yarn of a Teacher And a Squirrel who must Overcome a Dog in A Shark Tank',2006,1,NULL,4,'2.99',116,'15.99','NC-17','Behind the Scenes','2006-02-15 05:03:42'),(260,'DUDE BLINDNESS','A Stunning Reflection of a Husband And a Lumberjack who must Face a Frisbee in An Abandoned Fun House',2006,1,NULL,3,'4.99',132,'9.99','G','Trailers,Deleted Scenes','2006-02-15 05:03:42'),(261,'DUFFEL APOCALYPSE','A Emotional Display of a Boat And a Explorer who must Challenge a Madman in A MySQL Convention',2006,1,NULL,5,'0.99',171,'13.99','G','Commentaries','2006-02-15 05:03:42'),(262,'DUMBO LUST','A Touching Display of a Feminist And a Dentist who must Conquer a Husband in The Gulf of Mexico',2006,1,NULL,5,'0.99',119,'17.99','NC-17','Behind the Scenes','2006-02-15 05:03:42'),(263,'DURHAM PANKY','A Brilliant Panorama of a Girl And a Boy who must Face a Mad Scientist in An Abandoned Mine Shaft',2006,1,NULL,6,'4.99',154,'14.99','R','Trailers,Commentaries','2006-02-15 05:03:42'),(264,'DWARFS ALTER','A Emotional Yarn of a Girl And a Dog who must Challenge a Composer in Ancient Japan',2006,1,NULL,6,'2.99',101,'13.99','G','Commentaries,Deleted Scenes','2006-02-15 05:03:42'),(265,'DYING MAKER','A Intrepid Tale of a Boat And a Monkey who must Kill a Cat in California',2006,1,NULL,5,'4.99',168,'28.99','PG','Behind the Scenes','2006-02-15 05:03:42'),(266,'DYNAMITE TARZAN','A Intrepid Documentary of a Forensic Psychologist And a Mad Scientist who must Face a Explorer in A U-Boat',2006,1,NULL,4,'0.99',141,'27.99','PG-13','Deleted Scenes','2006-02-15 05:03:42'),(267,'EAGLES PANKY','A Thoughtful Story of a Car And a Boy who must Find a A Shark in The Sahara Desert',2006,1,NULL,4,'4.99',140,'14.99','NC-17','Trailers,Commentaries,Behind the Scenes','2006-02-15 05:03:42'),(268,'EARLY HOME','A Amazing Panorama of a Mad Scientist And a Husband who must Meet a Woman in The Outback',2006,1,NULL,6,'4.99',96,'27.99','NC-17','Trailers,Commentaries,Behind the Scenes','2006-02-15 05:03:42'),(269,'EARRING INSTINCT','A Stunning Character Study of a Dentist And a Mad Cow who must Find a Teacher in Nigeria',2006,1,NULL,3,'0.99',98,'22.99','R','Behind the Scenes','2006-02-15 05:03:42'),(270,'EARTH VISION','A Stunning Drama of a Butler And a Madman who must Outrace a Womanizer in Ancient India',2006,1,NULL,7,'0.99',85,'29.99','NC-17','Trailers,Commentaries,Deleted Scenes','2006-02-15 05:03:42'),(271,'EASY GLADIATOR','A Fateful Story of a Monkey And a Girl who must Overcome a Pastry Chef in Ancient India',2006,1,NULL,5,'4.99',148,'12.99','G','Trailers,Commentaries,Behind the Scenes','2006-02-15 05:03:42'),(272,'EDGE KISSING','A Beautiful Yarn of a Composer And a Mad Cow who must Redeem a Mad Scientist in A Jet Boat',2006,1,NULL,5,'4.99',153,'9.99','NC-17','Deleted Scenes','2006-02-15 05:03:42'),(273,'EFFECT GLADIATOR','A Beautiful Display of a Pastry Chef And a Pastry Chef who must Outgun a Forensic Psychologist in A Manhattan Penthouse',2006,1,NULL,6,'0.99',107,'14.99','PG','Commentaries','2006-02-15 05:03:42'),(274,'EGG IGBY','A Beautiful Documentary of a Boat And a Sumo Wrestler who must Succumb a Database Administrator in The First Manned Space Station',2006,1,NULL,4,'2.99',67,'20.99','PG','Commentaries,Behind the Scenes','2006-02-15 05:03:42'),(275,'EGYPT TENENBAUMS','A Intrepid Story of a Madman And a Secret Agent who must Outrace a Astronaut in An Abandoned Amusement Park',2006,1,NULL,3,'0.99',85,'11.99','PG','Commentaries,Deleted Scenes,Behind the Scenes','2006-02-15 05:03:42'),(276,'ELEMENT FREDDY','A Awe-Inspiring Reflection of a Waitress And a Squirrel who must Kill a Mad Cow in A Jet Boat',2006,1,NULL,6,'4.99',115,'28.99','NC-17','Commentaries,Behind the Scenes','2006-02-15 05:03:42'),(277,'ELEPHANT TROJAN','A Beautiful Panorama of a Lumberjack And a Forensic Psychologist who must Overcome a Frisbee in A Baloon',2006,1,NULL,4,'4.99',126,'24.99','PG-13','Behind the Scenes','2006-02-15 05:03:42'),(278,'ELF MURDER','A Action-Packed Story of a Frisbee And a Woman who must Reach a Girl in An Abandoned Mine Shaft',2006,1,NULL,4,'4.99',155,'19.99','NC-17','Trailers,Commentaries,Behind the Scenes','2006-02-15 05:03:42'),(279,'ELIZABETH SHANE','A Lacklusture Display of a Womanizer And a Dog who must Face a Sumo Wrestler in Ancient Japan',2006,1,NULL,7,'4.99',152,'11.99','NC-17','Trailers,Deleted Scenes,Behind the Scenes','2006-02-15 05:03:42'),(280,'EMPIRE MALKOVICH','A Amazing Story of a Feminist And a Cat who must Face a Car in An Abandoned Fun House',2006,1,NULL,7,'0.99',177,'26.99','G','Deleted Scenes','2006-02-15 05:03:42'),(281,'ENCINO ELF','A Astounding Drama of a Feminist And a Teacher who must Confront a Husband in A Baloon',2006,1,NULL,6,'0.99',143,'9.99','G','Trailers,Behind the Scenes','2006-02-15 05:03:42'),(282,'ENCOUNTERS CURTAIN','A Insightful Epistle of a Pastry Chef And a Womanizer who must Build a Boat in New Orleans',2006,1,NULL,5,'0.99',92,'20.99','NC-17','Trailers','2006-02-15 05:03:42'),(283,'ENDING CROWDS','A Unbelieveable Display of a Dentist And a Madman who must Vanquish a Squirrel in Berlin',2006,1,NULL,6,'0.99',85,'10.99','NC-17','Commentaries,Behind the Scenes','2006-02-15 05:03:42'),(284,'ENEMY ODDS','A Fanciful Panorama of a Mad Scientist And a Woman who must Pursue a Astronaut in Ancient India',2006,1,NULL,5,'4.99',77,'23.99','NC-17','Trailers','2006-02-15 05:03:42'),(285,'ENGLISH BULWORTH','A Intrepid Epistle of a Pastry Chef And a Pastry Chef who must Pursue a Crocodile in Ancient China',2006,1,NULL,3,'0.99',51,'18.99','PG-13','Deleted Scenes','2006-02-15 05:03:42'),(286,'ENOUGH RAGING','A Astounding Character Study of a Boat And a Secret Agent who must Find a Mad Cow in The Sahara Desert',2006,1,NULL,7,'2.99',158,'16.99','NC-17','Commentaries','2006-02-15 05:03:42'),(287,'ENTRAPMENT SATISFACTION','A Thoughtful Panorama of a Hunter And a Teacher who must Reach a Mad Cow in A U-Boat',2006,1,NULL,5,'0.99',176,'19.99','R','Commentaries,Deleted Scenes,Behind the Scenes','2006-02-15 05:03:42'),(288,'ESCAPE METROPOLIS','A Taut Yarn of a Astronaut And a Technical Writer who must Outgun a Boat in New Orleans',2006,1,NULL,7,'2.99',167,'20.99','R','Trailers','2006-02-15 05:03:42'),(289,'EVE RESURRECTION','A Awe-Inspiring Yarn of a Pastry Chef And a Database Administrator who must Challenge a Teacher in A Baloon',2006,1,NULL,5,'4.99',66,'25.99','G','Trailers,Commentaries,Deleted Scenes','2006-02-15 05:03:42'),(290,'EVERYONE CRAFT','A Fateful Display of a Waitress And a Dentist who must Reach a Butler in Nigeria',2006,1,NULL,4,'0.99',163,'29.99','PG','Trailers,Commentaries','2006-02-15 05:03:42'),(291,'EVOLUTION ALTER','A Fanciful Character Study of a Feminist And a Madman who must Find a Explorer in A Baloon Factory',2006,1,NULL,5,'0.99',174,'10.99','PG-13','Behind the Scenes','2006-02-15 05:03:42'),(292,'EXCITEMENT EVE','A Brilliant Documentary of a Monkey And a Car who must Conquer a Crocodile in A Shark Tank',2006,1,NULL,3,'0.99',51,'20.99','G','Commentaries','2006-02-15 05:03:42'),(293,'EXORCIST STING','A Touching Drama of a Dog And a Sumo Wrestler who must Conquer a Mad Scientist in Berlin',2006,1,NULL,6,'2.99',167,'17.99','G','Commentaries,Deleted Scenes,Behind the Scenes','2006-02-15 05:03:42'),(294,'EXPECATIONS NATURAL','A Amazing Drama of a Butler And a Husband who must Reach a A Shark in A U-Boat',2006,1,NULL,5,'4.99',138,'26.99','PG-13','Deleted Scenes','2006-02-15 05:03:42'),(295,'EXPENDABLE STALLION','A Amazing Character Study of a Mad Cow And a Squirrel who must Discover a Hunter in A U-Boat',2006,1,NULL,3,'0.99',97,'14.99','PG','Trailers,Behind the Scenes','2006-02-15 05:03:42'),(296,'EXPRESS LONELY','A Boring Drama of a Astronaut And a Boat who must Face a Boat in California',2006,1,NULL,5,'2.99',178,'23.99','R','Trailers','2006-02-15 05:03:42'),(297,'EXTRAORDINARY CONQUERER','A Stunning Story of a Dog And a Feminist who must Face a Forensic Psychologist in Berlin',2006,1,NULL,6,'2.99',122,'29.99','G','Trailers,Commentaries,Deleted Scenes','2006-02-15 05:03:42'),(298,'EYES DRIVING','A Thrilling Story of a Cat And a Waitress who must Fight a Explorer in The Outback',2006,1,NULL,4,'2.99',172,'13.99','PG-13','Trailers,Commentaries','2006-02-15 05:03:42'),(299,'FACTORY DRAGON','A Action-Packed Saga of a Teacher And a Frisbee who must Escape a Lumberjack in The Sahara Desert',2006,1,NULL,4,'0.99',144,'9.99','PG-13','Trailers,Commentaries,Deleted Scenes','2006-02-15 05:03:42'),(300,'FALCON VOLUME','A Fateful Saga of a Sumo Wrestler And a Hunter who must Redeem a A Shark in New Orleans',2006,1,NULL,5,'4.99',102,'21.99','PG-13','Commentaries,Behind the Scenes','2006-02-15 05:03:42'),(301,'FAMILY SWEET','A Epic Documentary of a Teacher And a Boy who must Escape a Woman in Berlin',2006,1,NULL,4,'0.99',155,'24.99','R','Trailers','2006-02-15 05:03:42'),(302,'FANTASIA PARK','A Thoughtful Documentary of a Mad Scientist And a A Shark who must Outrace a Feminist in Australia',2006,1,NULL,5,'2.99',131,'29.99','G','Commentaries','2006-02-15 05:03:42'),(303,'FANTASY TROOPERS','A Touching Saga of a Teacher And a Monkey who must Overcome a Secret Agent in A MySQL Convention',2006,1,NULL,6,'0.99',58,'27.99','PG-13','Behind the Scenes','2006-02-15 05:03:42'),(304,'FARGO GANDHI','A Thrilling Reflection of a Pastry Chef And a Crocodile who must Reach a Teacher in The Outback',2006,1,NULL,3,'2.99',130,'28.99','G','Deleted Scenes','2006-02-15 05:03:42'),(305,'FATAL HAUNTED','A Beautiful Drama of a Student And a Secret Agent who must Confront a Dentist in Ancient Japan',2006,1,NULL,6,'2.99',91,'24.99','PG','Trailers,Behind the Scenes','2006-02-15 05:03:42'),(306,'FEATHERS METAL','A Thoughtful Yarn of a Monkey And a Teacher who must Find a Dog in Australia',2006,1,NULL,3,'0.99',104,'12.99','PG-13','Trailers,Deleted Scenes','2006-02-15 05:03:42'),(307,'FELLOWSHIP AUTUMN','A Lacklusture Reflection of a Dentist And a Hunter who must Meet a Teacher in A Baloon',2006,1,NULL,6,'4.99',77,'9.99','NC-17','Deleted Scenes,Behind the Scenes','2006-02-15 05:03:42'),(308,'FERRIS MOTHER','A Touching Display of a Frisbee And a Frisbee who must Kill a Girl in The Gulf of Mexico',2006,1,NULL,3,'2.99',142,'13.99','PG','Trailers,Deleted Scenes,Behind the Scenes','2006-02-15 05:03:42'),(309,'FEUD FROGMEN','A Brilliant Reflection of a Database Administrator And a Mad Cow who must Chase a Woman in The Canadian Rockies',2006,1,NULL,6,'0.99',98,'29.99','R','Trailers,Commentaries,Deleted Scenes,Behind the Scenes','2006-02-15 05:03:42'),(310,'FEVER EMPIRE','A Insightful Panorama of a Cat And a Boat who must Defeat a Boat in The Gulf of Mexico',2006,1,NULL,5,'4.99',158,'20.99','R','Commentaries,Deleted Scenes','2006-02-15 05:03:42'),(311,'FICTION CHRISTMAS','A Emotional Yarn of a A Shark And a Student who must Battle a Robot in An Abandoned Mine Shaft',2006,1,NULL,4,'0.99',72,'14.99','PG','Trailers,Commentaries,Deleted Scenes,Behind the Scenes','2006-02-15 05:03:42'),(312,'FIDDLER LOST','A Boring Tale of a Squirrel And a Dog who must Challenge a Madman in The Gulf of Mexico',2006,1,NULL,4,'4.99',75,'20.99','R','Deleted Scenes,Behind the Scenes','2006-02-15 05:03:42'),(313,'FIDELITY DEVIL','A Awe-Inspiring Drama of a Technical Writer And a Composer who must Reach a Pastry Chef in A U-Boat',2006,1,NULL,5,'4.99',118,'11.99','G','Trailers,Deleted Scenes,Behind the Scenes','2006-02-15 05:03:42'),(314,'FIGHT JAWBREAKER','A Intrepid Panorama of a Womanizer And a Girl who must Escape a Girl in A Manhattan Penthouse',2006,1,NULL,3,'0.99',91,'13.99','R','Trailers,Commentaries,Deleted Scenes,Behind the Scenes','2006-02-15 05:03:42'),(315,'FINDING ANACONDA','A Fateful Tale of a Database Administrator And a Girl who must Battle a Squirrel in New Orleans',2006,1,NULL,4,'0.99',156,'10.99','R','Trailers,Commentaries','2006-02-15 05:03:42'),(316,'FIRE WOLVES','A Intrepid Documentary of a Frisbee And a Dog who must Outrace a Lumberjack in Nigeria',2006,1,NULL,5,'4.99',173,'18.99','R','Trailers','2006-02-15 05:03:42'),(317,'FIREBALL PHILADELPHIA','A Amazing Yarn of a Dentist And a A Shark who must Vanquish a Madman in An Abandoned Mine Shaft',2006,1,NULL,4,'0.99',148,'25.99','PG','Trailers,Commentaries,Behind the Scenes','2006-02-15 05:03:42'),(318,'FIREHOUSE VIETNAM','A Awe-Inspiring Character Study of a Boat And a Boy who must Kill a Pastry Chef in The Sahara Desert',2006,1,NULL,7,'0.99',103,'14.99','G','Commentaries,Deleted Scenes','2006-02-15 05:03:42'),(319,'FISH OPUS','A Touching Display of a Feminist And a Girl who must Confront a Astronaut in Australia',2006,1,NULL,4,'2.99',125,'22.99','R','Trailers,Deleted Scenes,Behind the Scenes','2006-02-15 05:03:42'),(320,'FLAMINGOS CONNECTICUT','A Fast-Paced Reflection of a Composer And a Composer who must Meet a Cat in The Sahara Desert',2006,1,NULL,4,'4.99',80,'28.99','PG-13','Trailers','2006-02-15 05:03:42'),(321,'FLASH WARS','A Astounding Saga of a Moose And a Pastry Chef who must Chase a Student in The Gulf of Mexico',2006,1,NULL,3,'4.99',123,'21.99','NC-17','Trailers,Commentaries,Behind the Scenes','2006-02-15 05:03:42'),(322,'FLATLINERS KILLER','A Taut Display of a Secret Agent And a Waitress who must Sink a Robot in An Abandoned Mine Shaft',2006,1,NULL,5,'2.99',100,'29.99','G','Trailers,Commentaries,Deleted Scenes','2006-02-15 05:03:42'),(323,'FLIGHT LIES','A Stunning Character Study of a Crocodile And a Pioneer who must Pursue a Teacher in New Orleans',2006,1,NULL,7,'4.99',179,'22.99','R','Trailers','2006-02-15 05:03:42'),(324,'FLINTSTONES HAPPINESS','A Fateful Story of a Husband And a Moose who must Vanquish a Boy in California',2006,1,NULL,3,'4.99',148,'11.99','PG-13','Trailers,Commentaries,Deleted Scenes,Behind the Scenes','2006-02-15 05:03:42'),(325,'FLOATS GARDEN','A Action-Packed Epistle of a Robot And a Car who must Chase a Boat in Ancient Japan',2006,1,NULL,6,'2.99',145,'29.99','PG-13','Trailers,Commentaries,Behind the Scenes','2006-02-15 05:03:42'),(326,'FLYING HOOK','A Thrilling Display of a Mad Cow And a Dog who must Challenge a Frisbee in Nigeria',2006,1,NULL,6,'2.99',69,'18.99','NC-17','Trailers,Commentaries,Behind the Scenes','2006-02-15 05:03:42'),(327,'FOOL MOCKINGBIRD','A Lacklusture Tale of a Crocodile And a Composer who must Defeat a Madman in A U-Boat',2006,1,NULL,3,'4.99',158,'24.99','PG','Trailers,Commentaries','2006-02-15 05:03:42'),(328,'FOREVER CANDIDATE','A Unbelieveable Panorama of a Technical Writer And a Man who must Pursue a Frisbee in A U-Boat',2006,1,NULL,7,'2.99',131,'28.99','NC-17','Commentaries,Deleted Scenes,Behind the Scenes','2006-02-15 05:03:42'),(329,'FORREST SONS','A Thrilling Documentary of a Forensic Psychologist And a Butler who must Defeat a Explorer in A Jet Boat',2006,1,NULL,4,'2.99',63,'15.99','R','Commentaries','2006-02-15 05:03:42'),(330,'FORRESTER COMANCHEROS','A Fateful Tale of a Squirrel And a Forensic Psychologist who must Redeem a Man in Nigeria',2006,1,NULL,7,'4.99',112,'22.99','NC-17','Trailers,Behind the Scenes','2006-02-15 05:03:42'),(331,'FORWARD TEMPLE','A Astounding Display of a Forensic Psychologist And a Mad Scientist who must Challenge a Girl in New Orleans',2006,1,NULL,6,'2.99',90,'25.99','NC-17','Trailers,Commentaries,Behind the Scenes','2006-02-15 05:03:42'),(332,'FRANKENSTEIN STRANGER','A Insightful Character Study of a Feminist And a Pioneer who must Pursue a Pastry Chef in Nigeria',2006,1,NULL,7,'0.99',159,'16.99','NC-17','Deleted Scenes,Behind the Scenes','2006-02-15 05:03:42'),(333,'FREAKY POCUS','A Fast-Paced Documentary of a Pastry Chef And a Crocodile who must Chase a Squirrel in The Gulf of Mexico',2006,1,NULL,7,'2.99',126,'16.99','R','Trailers,Behind the Scenes','2006-02-15 05:03:42'),(334,'FREDDY STORM','A Intrepid Saga of a Man And a Lumberjack who must Vanquish a Husband in The Outback',2006,1,NULL,6,'4.99',65,'21.99','NC-17','Trailers,Commentaries,Behind the Scenes','2006-02-15 05:03:42'),(335,'FREEDOM CLEOPATRA','A Emotional Reflection of a Dentist And a Mad Cow who must Face a Squirrel in A Baloon',2006,1,NULL,5,'0.99',133,'23.99','PG-13','Trailers,Commentaries,Behind the Scenes','2006-02-15 05:03:42'),(336,'FRENCH HOLIDAY','A Thrilling Epistle of a Dog And a Feminist who must Kill a Madman in Berlin',2006,1,NULL,5,'4.99',99,'22.99','PG','Behind the Scenes','2006-02-15 05:03:42'),(337,'FRIDA SLIPPER','A Fateful Story of a Lumberjack And a Car who must Escape a Boat in An Abandoned Mine Shaft',2006,1,NULL,6,'2.99',73,'11.99','R','Trailers,Deleted Scenes','2006-02-15 05:03:42'),(338,'FRISCO FORREST','A Beautiful Documentary of a Woman And a Pioneer who must Pursue a Mad Scientist in A Shark Tank',2006,1,NULL,6,'4.99',51,'23.99','PG','Commentaries,Deleted Scenes,Behind the Scenes','2006-02-15 05:03:42'),(339,'FROGMEN BREAKING','A Unbelieveable Yarn of a Mad Scientist And a Cat who must Chase a Lumberjack in Australia',2006,1,NULL,5,'0.99',111,'17.99','R','Trailers,Deleted Scenes,Behind the Scenes','2006-02-15 05:03:42'),(340,'FRONTIER CABIN','A Emotional Story of a Madman And a Waitress who must Battle a Teacher in An Abandoned Fun House',2006,1,NULL,6,'4.99',183,'14.99','PG-13','Commentaries,Deleted Scenes','2006-02-15 05:03:42'),(341,'FROST HEAD','A Amazing Reflection of a Lumberjack And a Cat who must Discover a Husband in A MySQL Convention',2006,1,NULL,5,'0.99',82,'13.99','PG','Trailers,Deleted Scenes','2006-02-15 05:03:42'),(342,'FUGITIVE MAGUIRE','A Taut Epistle of a Feminist And a Sumo Wrestler who must Battle a Crocodile in Australia',2006,1,NULL,7,'4.99',83,'28.99','R','Trailers,Commentaries,Deleted Scenes','2006-02-15 05:03:42'),(343,'FULL FLATLINERS','A Beautiful Documentary of a Astronaut And a Moose who must Pursue a Monkey in A Shark Tank',2006,1,NULL,6,'2.99',94,'14.99','PG','Trailers,Deleted Scenes','2006-02-15 05:03:42'),(344,'FURY MURDER','A Lacklusture Reflection of a Boat And a Forensic Psychologist who must Fight a Waitress in A Monastery',2006,1,NULL,3,'0.99',178,'28.99','PG-13','Deleted Scenes','2006-02-15 05:03:42'),(345,'GABLES METROPOLIS','A Fateful Display of a Cat And a Pioneer who must Challenge a Pastry Chef in A Baloon Factory',2006,1,NULL,3,'0.99',161,'17.99','PG','Trailers,Commentaries','2006-02-15 05:03:42'),(346,'GALAXY SWEETHEARTS','A Emotional Reflection of a Womanizer And a Pioneer who must Face a Squirrel in Berlin',2006,1,NULL,4,'4.99',128,'13.99','R','Deleted Scenes','2006-02-15 05:03:42'),(347,'GAMES BOWFINGER','A Astounding Documentary of a Butler And a Explorer who must Challenge a Butler in A Monastery',2006,1,NULL,7,'4.99',119,'17.99','PG-13','Behind the Scenes','2006-02-15 05:03:42'),(348,'GANDHI KWAI','A Thoughtful Display of a Mad Scientist And a Secret Agent who must Chase a Boat in Berlin',2006,1,NULL,7,'0.99',86,'9.99','PG-13','Trailers','2006-02-15 05:03:42'),(349,'GANGS PRIDE','A Taut Character Study of a Woman And a A Shark who must Confront a Frisbee in Berlin',2006,1,NULL,4,'2.99',185,'27.99','PG-13','Behind the Scenes','2006-02-15 05:03:42'),(350,'GARDEN ISLAND','A Unbelieveable Character Study of a Womanizer And a Madman who must Reach a Man in The Outback',2006,1,NULL,3,'4.99',80,'21.99','G','Trailers,Behind the Scenes','2006-02-15 05:03:42'),(351,'GASLIGHT CRUSADE','A Amazing Epistle of a Boy And a Astronaut who must Redeem a Man in The Gulf of Mexico',2006,1,NULL,4,'2.99',106,'10.99','PG','Trailers,Deleted Scenes','2006-02-15 05:03:42'),(352,'GATHERING CALENDAR','A Intrepid Tale of a Pioneer And a Moose who must Conquer a Frisbee in A MySQL Convention',2006,1,NULL,4,'0.99',176,'22.99','PG-13','Commentaries,Behind the Scenes','2006-02-15 05:03:42'),(353,'GENTLEMEN STAGE','A Awe-Inspiring Reflection of a Monkey And a Student who must Overcome a Dentist in The First Manned Space Station',2006,1,NULL,6,'2.99',125,'22.99','NC-17','Commentaries,Deleted Scenes','2006-02-15 05:03:42'),(354,'GHOST GROUNDHOG','A Brilliant Panorama of a Madman And a Composer who must Succumb a Car in Ancient India',2006,1,NULL,6,'4.99',85,'18.99','G','Trailers,Commentaries,Deleted Scenes,Behind the Scenes','2006-02-15 05:03:42'),(355,'GHOSTBUSTERS ELF','A Thoughtful Epistle of a Dog And a Feminist who must Chase a Composer in Berlin',2006,1,NULL,7,'0.99',101,'18.99','R','Trailers,Deleted Scenes,Behind the Scenes','2006-02-15 05:03:42'),(356,'GIANT TROOPERS','A Fateful Display of a Feminist And a Monkey who must Vanquish a Monkey in The Canadian Rockies',2006,1,NULL,5,'2.99',102,'10.99','R','Trailers,Commentaries','2006-02-15 05:03:42'),(357,'GILBERT PELICAN','A Fateful Tale of a Man And a Feminist who must Conquer a Crocodile in A Manhattan Penthouse',2006,1,NULL,7,'0.99',114,'13.99','G','Trailers,Commentaries','2006-02-15 05:03:42'),(358,'GILMORE BOILED','A Unbelieveable Documentary of a Boat And a Husband who must Succumb a Student in A U-Boat',2006,1,NULL,5,'0.99',163,'29.99','R','Trailers,Behind the Scenes','2006-02-15 05:03:42'),(359,'GLADIATOR WESTWARD','A Astounding Reflection of a Squirrel And a Sumo Wrestler who must Sink a Dentist in Ancient Japan',2006,1,NULL,6,'4.99',173,'20.99','PG','Commentaries,Deleted Scenes','2006-02-15 05:03:42'),(360,'GLASS DYING','A Astounding Drama of a Frisbee And a Astronaut who must Fight a Dog in Ancient Japan',2006,1,NULL,4,'0.99',103,'24.99','G','Trailers','2006-02-15 05:03:42'),(361,'GLEAMING JAWBREAKER','A Amazing Display of a Composer And a Forensic Psychologist who must Discover a Car in The Canadian Rockies',2006,1,NULL,5,'2.99',89,'25.99','NC-17','Trailers,Commentaries','2006-02-15 05:03:42'),(362,'GLORY TRACY','A Amazing Saga of a Woman And a Womanizer who must Discover a Cat in The First Manned Space Station',2006,1,NULL,7,'2.99',115,'13.99','PG-13','Trailers,Commentaries,Behind the Scenes','2006-02-15 05:03:42'),(363,'GO PURPLE','A Fast-Paced Display of a Car And a Database Administrator who must Battle a Woman in A Baloon',2006,1,NULL,3,'0.99',54,'12.99','R','Trailers','2006-02-15 05:03:42'),(364,'GODFATHER DIARY','A Stunning Saga of a Lumberjack And a Squirrel who must Chase a Car in The Outback',2006,1,NULL,3,'2.99',73,'14.99','NC-17','Trailers','2006-02-15 05:03:42'),(365,'GOLD RIVER','A Taut Documentary of a Database Administrator And a Waitress who must Reach a Mad Scientist in A Baloon Factory',2006,1,NULL,4,'4.99',154,'21.99','R','Trailers,Commentaries,Deleted Scenes,Behind the Scenes','2006-02-15 05:03:42'),(366,'GOLDFINGER SENSIBILITY','A Insightful Drama of a Mad Scientist And a Hunter who must Defeat a Pastry Chef in New Orleans',2006,1,NULL,3,'0.99',93,'29.99','G','Trailers,Commentaries,Behind the Scenes','2006-02-15 05:03:42'),(367,'GOLDMINE TYCOON','A Brilliant Epistle of a Composer And a Frisbee who must Conquer a Husband in The Outback',2006,1,NULL,6,'0.99',153,'20.99','R','Trailers,Behind the Scenes','2006-02-15 05:03:42'),(368,'GONE TROUBLE','A Insightful Character Study of a Mad Cow And a Forensic Psychologist who must Conquer a A Shark in A Manhattan Penthouse',2006,1,NULL,7,'2.99',84,'20.99','R','Deleted Scenes,Behind the Scenes','2006-02-15 05:03:42'),(369,'GOODFELLAS SALUTE','A Unbelieveable Tale of a Dog And a Explorer who must Sink a Mad Cow in A Baloon Factory',2006,1,NULL,4,'4.99',56,'22.99','PG','Deleted Scenes','2006-02-15 05:03:42'),(370,'GORGEOUS BINGO','A Action-Packed Display of a Sumo Wrestler And a Car who must Overcome a Waitress in A Baloon Factory',2006,1,NULL,4,'2.99',108,'26.99','R','Deleted Scenes,Behind the Scenes','2006-02-15 05:03:42'),(371,'GOSFORD DONNIE','A Epic Panorama of a Mad Scientist And a Monkey who must Redeem a Secret Agent in Berlin',2006,1,NULL,5,'4.99',129,'17.99','G','Commentaries','2006-02-15 05:03:42'),(372,'GRACELAND DYNAMITE','A Taut Display of a Cat And a Girl who must Overcome a Database Administrator in New Orleans',2006,1,NULL,5,'4.99',140,'26.99','R','Trailers,Commentaries','2006-02-15 05:03:42'),(373,'GRADUATE LORD','A Lacklusture Epistle of a Girl And a A Shark who must Meet a Mad Scientist in Ancient China',2006,1,NULL,7,'2.99',156,'14.99','G','Trailers,Behind the Scenes','2006-02-15 05:03:42'),(374,'GRAFFITI LOVE','A Unbelieveable Epistle of a Sumo Wrestler And a Hunter who must Build a Composer in Berlin',2006,1,NULL,3,'0.99',117,'29.99','PG','Trailers,Deleted Scenes','2006-02-15 05:03:42'),(375,'GRAIL FRANKENSTEIN','A Unbelieveable Saga of a Teacher And a Monkey who must Fight a Girl in An Abandoned Mine Shaft',2006,1,NULL,4,'2.99',85,'17.99','NC-17','Commentaries,Deleted Scenes,Behind the Scenes','2006-02-15 05:03:42'),(376,'GRAPES FURY','A Boring Yarn of a Mad Cow And a Sumo Wrestler who must Meet a Robot in Australia',2006,1,NULL,4,'0.99',155,'20.99','G','Commentaries,Behind the Scenes','2006-02-15 05:03:42'),(377,'GREASE YOUTH','A Emotional Panorama of a Secret Agent And a Waitress who must Escape a Composer in Soviet Georgia',2006,1,NULL,7,'0.99',135,'20.99','G','Trailers,Deleted Scenes','2006-02-15 05:03:42'),(378,'GREATEST NORTH','A Astounding Character Study of a Secret Agent And a Robot who must Build a A Shark in Berlin',2006,1,NULL,5,'2.99',93,'24.99','NC-17','Trailers,Commentaries,Behind the Scenes','2006-02-15 05:03:42'),(379,'GREEDY ROOTS','A Amazing Reflection of a A Shark And a Butler who must Chase a Hunter in The Canadian Rockies',2006,1,NULL,7,'0.99',166,'14.99','R','Trailers,Commentaries,Deleted Scenes','2006-02-15 05:03:42'),(380,'GREEK EVERYONE','A Stunning Display of a Butler And a Teacher who must Confront a A Shark in The First Manned Space Station',2006,1,NULL,7,'2.99',176,'11.99','PG','Trailers,Deleted Scenes','2006-02-15 05:03:42'),(381,'GRINCH MASSAGE','A Intrepid Display of a Madman And a Feminist who must Pursue a Pioneer in The First Manned Space Station',2006,1,NULL,7,'4.99',150,'25.99','R','Trailers','2006-02-15 05:03:42'),(382,'GRIT CLOCKWORK','A Thoughtful Display of a Dentist And a Squirrel who must Confront a Lumberjack in A Shark Tank',2006,1,NULL,3,'0.99',137,'21.99','PG','Trailers,Deleted Scenes','2006-02-15 05:03:42'),(383,'GROOVE FICTION','A Unbelieveable Reflection of a Moose And a A Shark who must Defeat a Lumberjack in An Abandoned Mine Shaft',2006,1,NULL,6,'0.99',111,'13.99','NC-17','Behind the Scenes','2006-02-15 05:03:42'),(384,'GROSSE WONDERFUL','A Epic Drama of a Cat And a Explorer who must Redeem a Moose in Australia',2006,1,NULL,5,'4.99',49,'19.99','R','Behind the Scenes','2006-02-15 05:03:42'),(385,'GROUNDHOG UNCUT','A Brilliant Panorama of a Astronaut And a Technical Writer who must Discover a Butler in A Manhattan Penthouse',2006,1,NULL,6,'4.99',139,'26.99','PG-13','Trailers,Commentaries,Deleted Scenes,Behind the Scenes','2006-02-15 05:03:42'),(386,'GUMP DATE','A Intrepid Yarn of a Explorer And a Student who must Kill a Husband in An Abandoned Mine Shaft',2006,1,NULL,3,'4.99',53,'12.99','NC-17','Deleted Scenes','2006-02-15 05:03:42'),(387,'GUN BONNIE','A Boring Display of a Sumo Wrestler And a Husband who must Build a Waitress in The Gulf of Mexico',2006,1,NULL,7,'0.99',100,'27.99','G','Behind the Scenes','2006-02-15 05:03:42'),(388,'GUNFIGHT MOON','A Epic Reflection of a Pastry Chef And a Explorer who must Reach a Dentist in The Sahara Desert',2006,1,NULL,5,'0.99',70,'16.99','NC-17','Deleted Scenes,Behind the Scenes','2006-02-15 05:03:42'),(389,'GUNFIGHTER MUSSOLINI','A Touching Saga of a Robot And a Boy who must Kill a Man in Ancient Japan',2006,1,NULL,3,'2.99',127,'9.99','PG-13','Trailers,Commentaries','2006-02-15 05:03:42'),(390,'GUYS FALCON','A Boring Story of a Woman And a Feminist who must Redeem a Squirrel in A U-Boat',2006,1,NULL,4,'4.99',84,'20.99','R','Trailers,Commentaries,Behind the Scenes','2006-02-15 05:03:42'),(391,'HALF OUTFIELD','A Epic Epistle of a Database Administrator And a Crocodile who must Face a Madman in A Jet Boat',2006,1,NULL,6,'2.99',146,'25.99','PG-13','Trailers,Commentaries,Deleted Scenes,Behind the Scenes','2006-02-15 05:03:42'),(392,'HALL CASSIDY','A Beautiful Panorama of a Pastry Chef And a A Shark who must Battle a Pioneer in Soviet Georgia',2006,1,NULL,5,'4.99',51,'13.99','NC-17','Commentaries,Behind the Scenes','2006-02-15 05:03:42'),(393,'HALLOWEEN NUTS','A Amazing Panorama of a Forensic Psychologist And a Technical Writer who must Fight a Dentist in A U-Boat',2006,1,NULL,6,'2.99',47,'19.99','PG-13','Deleted Scenes','2006-02-15 05:03:42'),(394,'HAMLET WISDOM','A Touching Reflection of a Man And a Man who must Sink a Robot in The Outback',2006,1,NULL,7,'2.99',146,'21.99','R','Trailers,Deleted Scenes','2006-02-15 05:03:42'),(395,'HANDICAP BOONDOCK','A Beautiful Display of a Pioneer And a Squirrel who must Vanquish a Sumo Wrestler in Soviet Georgia',2006,1,NULL,4,'0.99',108,'28.99','R','Commentaries,Deleted Scenes,Behind the Scenes','2006-02-15 05:03:42'),(396,'HANGING DEEP','A Action-Packed Yarn of a Boat And a Crocodile who must Build a Monkey in Berlin',2006,1,NULL,5,'4.99',62,'18.99','G','Trailers,Commentaries,Deleted Scenes','2006-02-15 05:03:42'),(397,'HANKY OCTOBER','A Boring Epistle of a Database Administrator And a Explorer who must Pursue a Madman in Soviet Georgia',2006,1,NULL,5,'2.99',107,'26.99','NC-17','Trailers,Commentaries,Deleted Scenes','2006-02-15 05:03:42'),(398,'HANOVER GALAXY','A Stunning Reflection of a Girl And a Secret Agent who must Succumb a Boy in A MySQL Convention',2006,1,NULL,5,'4.99',47,'21.99','NC-17','Commentaries,Deleted Scenes,Behind the Scenes','2006-02-15 05:03:42'),(399,'HAPPINESS UNITED','A Action-Packed Panorama of a Husband And a Feminist who must Meet a Forensic Psychologist in Ancient Japan',2006,1,NULL,6,'2.99',100,'23.99','G','Deleted Scenes','2006-02-15 05:03:42'),(400,'HARDLY ROBBERS','A Emotional Character Study of a Hunter And a Car who must Kill a Woman in Berlin',2006,1,NULL,7,'2.99',72,'15.99','R','Trailers,Behind the Scenes','2006-02-15 05:03:42'),(401,'HAROLD FRENCH','A Stunning Saga of a Sumo Wrestler And a Student who must Outrace a Moose in The Sahara Desert',2006,1,NULL,6,'0.99',168,'10.99','NC-17','Commentaries,Deleted Scenes,Behind the Scenes','2006-02-15 05:03:42'),(402,'HARPER DYING','A Awe-Inspiring Reflection of a Woman And a Cat who must Confront a Feminist in The Sahara Desert',2006,1,NULL,3,'0.99',52,'15.99','G','Trailers','2006-02-15 05:03:42'),(403,'HARRY IDAHO','A Taut Yarn of a Technical Writer And a Feminist who must Outrace a Dog in California',2006,1,NULL,5,'4.99',121,'18.99','PG-13','Commentaries,Deleted Scenes','2006-02-15 05:03:42'),(404,'HATE HANDICAP','A Intrepid Reflection of a Mad Scientist And a Pioneer who must Overcome a Hunter in The First Manned Space Station',2006,1,NULL,4,'0.99',107,'26.99','PG','Trailers,Commentaries,Behind the Scenes','2006-02-15 05:03:42'),(405,'HAUNTED ANTITRUST','A Amazing Saga of a Man And a Dentist who must Reach a Technical Writer in Ancient India',2006,1,NULL,6,'4.99',76,'13.99','NC-17','Trailers,Deleted Scenes','2006-02-15 05:03:42'),(406,'HAUNTING PIANIST','A Fast-Paced Story of a Database Administrator And a Composer who must Defeat a Squirrel in An Abandoned Amusement Park',2006,1,NULL,5,'0.99',181,'22.99','R','Behind the Scenes','2006-02-15 05:03:42'),(407,'HAWK CHILL','A Action-Packed Drama of a Mad Scientist And a Composer who must Outgun a Car in Australia',2006,1,NULL,5,'0.99',47,'12.99','PG-13','Behind the Scenes','2006-02-15 05:03:42'),(408,'HEAD STRANGER','A Thoughtful Saga of a Hunter And a Crocodile who must Confront a Dog in The Gulf of Mexico',2006,1,NULL,4,'4.99',69,'28.99','R','Trailers,Commentaries','2006-02-15 05:03:42'),(409,'HEARTBREAKERS BRIGHT','A Awe-Inspiring Documentary of a A Shark And a Dentist who must Outrace a Pastry Chef in The Canadian Rockies',2006,1,NULL,3,'4.99',59,'9.99','G','Trailers,Deleted Scenes','2006-02-15 05:03:42'),(410,'HEAVEN FREEDOM','A Intrepid Story of a Butler And a Car who must Vanquish a Man in New Orleans',2006,1,NULL,7,'2.99',48,'19.99','PG','Commentaries','2006-02-15 05:03:42'),(411,'HEAVENLY GUN','A Beautiful Yarn of a Forensic Psychologist And a Frisbee who must Battle a Moose in A Jet Boat',2006,1,NULL,5,'4.99',49,'13.99','NC-17','Behind the Scenes','2006-02-15 05:03:42'),(412,'HEAVYWEIGHTS BEAST','A Unbelieveable Story of a Composer And a Dog who must Overcome a Womanizer in An Abandoned Amusement Park',2006,1,NULL,6,'4.99',102,'25.99','G','Deleted Scenes','2006-02-15 05:03:42'),(413,'HEDWIG ALTER','A Action-Packed Yarn of a Womanizer And a Lumberjack who must Chase a Sumo Wrestler in A Monastery',2006,1,NULL,7,'2.99',169,'16.99','NC-17','Trailers,Commentaries,Behind the Scenes','2006-02-15 05:03:42'),(414,'HELLFIGHTERS SIERRA','A Taut Reflection of a A Shark And a Dentist who must Battle a Boat in Soviet Georgia',2006,1,NULL,3,'2.99',75,'23.99','PG','Deleted Scenes,Behind the Scenes','2006-02-15 05:03:42'),(415,'HIGH ENCINO','A Fateful Saga of a Waitress And a Hunter who must Outrace a Sumo Wrestler in Australia',2006,1,NULL,3,'2.99',84,'23.99','R','Trailers,Commentaries,Behind the Scenes','2006-02-15 05:03:42'),(416,'HIGHBALL POTTER','A Action-Packed Saga of a Husband And a Dog who must Redeem a Database Administrator in The Sahara Desert',2006,1,NULL,6,'0.99',110,'10.99','R','Deleted Scenes','2006-02-15 05:03:42'),(417,'HILLS NEIGHBORS','A Epic Display of a Hunter And a Feminist who must Sink a Car in A U-Boat',2006,1,NULL,5,'0.99',93,'29.99','G','Trailers,Commentaries,Deleted Scenes,Behind the Scenes','2006-02-15 05:03:42'),(418,'HOBBIT ALIEN','A Emotional Drama of a Husband And a Girl who must Outgun a Composer in The First Manned Space Station',2006,1,NULL,5,'0.99',157,'27.99','PG-13','Commentaries','2006-02-15 05:03:42'),(419,'HOCUS FRIDA','A Awe-Inspiring Tale of a Girl And a Madman who must Outgun a Student in A Shark Tank',2006,1,NULL,4,'2.99',141,'19.99','G','Trailers,Deleted Scenes,Behind the Scenes','2006-02-15 05:03:42'),(420,'HOLES BRANNIGAN','A Fast-Paced Reflection of a Technical Writer And a Student who must Fight a Boy in The Canadian Rockies',2006,1,NULL,7,'4.99',128,'27.99','PG','Commentaries,Behind the Scenes','2006-02-15 05:03:42'),(421,'HOLIDAY GAMES','A Insightful Reflection of a Waitress And a Madman who must Pursue a Boy in Ancient Japan',2006,1,NULL,7,'4.99',78,'10.99','PG-13','Trailers,Commentaries,Behind the Scenes','2006-02-15 05:03:42'),(422,'HOLLOW JEOPARDY','A Beautiful Character Study of a Robot And a Astronaut who must Overcome a Boat in A Monastery',2006,1,NULL,7,'4.99',136,'25.99','NC-17','Behind the Scenes','2006-02-15 05:03:42'),(423,'HOLLYWOOD ANONYMOUS','A Fast-Paced Epistle of a Boy And a Explorer who must Escape a Dog in A U-Boat',2006,1,NULL,7,'0.99',69,'29.99','PG','Trailers,Behind the Scenes','2006-02-15 05:03:42'),(424,'HOLOCAUST HIGHBALL','A Awe-Inspiring Yarn of a Composer And a Man who must Find a Robot in Soviet Georgia',2006,1,NULL,6,'0.99',149,'12.99','R','Deleted Scenes','2006-02-15 05:03:42'),(425,'HOLY TADPOLE','A Action-Packed Display of a Feminist And a Pioneer who must Pursue a Dog in A Baloon Factory',2006,1,NULL,6,'0.99',88,'20.99','R','Behind the Scenes','2006-02-15 05:03:42'),(426,'HOME PITY','A Touching Panorama of a Man And a Secret Agent who must Challenge a Teacher in A MySQL Convention',2006,1,NULL,7,'4.99',185,'15.99','R','Trailers,Commentaries,Behind the Scenes','2006-02-15 05:03:42'),(427,'HOMEWARD CIDER','A Taut Reflection of a Astronaut And a Squirrel who must Fight a Squirrel in A Manhattan Penthouse',2006,1,NULL,5,'0.99',103,'19.99','R','Trailers','2006-02-15 05:03:42'),(428,'HOMICIDE PEACH','A Astounding Documentary of a Hunter And a Boy who must Confront a Boy in A MySQL Convention',2006,1,NULL,6,'2.99',141,'21.99','PG-13','Commentaries','2006-02-15 05:03:42'),(429,'HONEY TIES','A Taut Story of a Waitress And a Crocodile who must Outrace a Lumberjack in A Shark Tank',2006,1,NULL,3,'0.99',84,'29.99','R','Trailers,Commentaries,Deleted Scenes','2006-02-15 05:03:42'),(430,'HOOK CHARIOTS','A Insightful Story of a Boy And a Dog who must Redeem a Boy in Australia',2006,1,NULL,7,'0.99',49,'23.99','G','Trailers,Commentaries,Behind the Scenes','2006-02-15 05:03:42'),(431,'HOOSIERS BIRDCAGE','A Astounding Display of a Explorer And a Boat who must Vanquish a Car in The First Manned Space Station',2006,1,NULL,3,'2.99',176,'12.99','G','Trailers,Commentaries,Deleted Scenes','2006-02-15 05:03:42'),(432,'HOPE TOOTSIE','A Amazing Documentary of a Student And a Sumo Wrestler who must Outgun a A Shark in A Shark Tank',2006,1,NULL,4,'2.99',139,'22.99','NC-17','Trailers,Deleted Scenes,Behind the Scenes','2006-02-15 05:03:42'),(433,'HORN WORKING','A Stunning Display of a Mad Scientist And a Technical Writer who must Succumb a Monkey in A Shark Tank',2006,1,NULL,4,'2.99',95,'23.99','PG','Trailers','2006-02-15 05:03:42'),(434,'HORROR REIGN','A Touching Documentary of a A Shark And a Car who must Build a Husband in Nigeria',2006,1,NULL,3,'0.99',139,'25.99','R','Deleted Scenes,Behind the Scenes','2006-02-15 05:03:42'),(435,'HOTEL HAPPINESS','A Thrilling Yarn of a Pastry Chef And a A Shark who must Challenge a Mad Scientist in The Outback',2006,1,NULL,6,'4.99',181,'28.99','PG-13','Behind the Scenes','2006-02-15 05:03:42'),(436,'HOURS RAGE','A Fateful Story of a Explorer And a Feminist who must Meet a Technical Writer in Soviet Georgia',2006,1,NULL,4,'0.99',122,'14.99','NC-17','Trailers,Deleted Scenes','2006-02-15 05:03:42'),(437,'HOUSE DYNAMITE','A Taut Story of a Pioneer And a Squirrel who must Battle a Student in Soviet Georgia',2006,1,NULL,7,'2.99',109,'13.99','R','Commentaries,Deleted Scenes,Behind the Scenes','2006-02-15 05:03:42'),(438,'HUMAN GRAFFITI','A Beautiful Reflection of a Womanizer And a Sumo Wrestler who must Chase a Database Administrator in The Gulf of Mexico',2006,1,NULL,3,'2.99',68,'22.99','NC-17','Trailers,Behind the Scenes','2006-02-15 05:03:42'),(439,'HUNCHBACK IMPOSSIBLE','A Touching Yarn of a Frisbee And a Dentist who must Fight a Composer in Ancient Japan',2006,1,NULL,4,'4.99',151,'28.99','PG-13','Trailers,Deleted Scenes','2006-02-15 05:03:42'),(440,'HUNGER ROOF','A Unbelieveable Yarn of a Student And a Database Administrator who must Outgun a Husband in An Abandoned Mine Shaft',2006,1,NULL,6,'0.99',105,'21.99','G','Deleted Scenes,Behind the Scenes','2006-02-15 05:03:42'),(441,'HUNTER ALTER','A Emotional Drama of a Mad Cow And a Boat who must Redeem a Secret Agent in A Shark Tank',2006,1,NULL,5,'2.99',125,'21.99','PG-13','Commentaries,Deleted Scenes,Behind the Scenes','2006-02-15 05:03:42'),(442,'HUNTING MUSKETEERS','A Thrilling Reflection of a Pioneer And a Dentist who must Outrace a Womanizer in An Abandoned Mine Shaft',2006,1,NULL,6,'2.99',65,'24.99','NC-17','Trailers,Deleted Scenes','2006-02-15 05:03:42'),(443,'HURRICANE AFFAIR','A Lacklusture Epistle of a Database Administrator And a Woman who must Meet a Hunter in An Abandoned Mine Shaft',2006,1,NULL,6,'2.99',49,'11.99','PG','Trailers,Commentaries,Behind the Scenes','2006-02-15 05:03:42'),(444,'HUSTLER PARTY','A Emotional Reflection of a Sumo Wrestler And a Monkey who must Conquer a Robot in The Sahara Desert',2006,1,NULL,3,'4.99',83,'22.99','NC-17','Trailers,Commentaries,Behind the Scenes','2006-02-15 05:03:42'),(445,'HYDE DOCTOR','A Fanciful Documentary of a Boy And a Woman who must Redeem a Womanizer in A Jet Boat',2006,1,NULL,5,'2.99',100,'11.99','G','Trailers,Deleted Scenes','2006-02-15 05:03:42'),(446,'HYSTERICAL GRAIL','A Amazing Saga of a Madman And a Dentist who must Build a Car in A Manhattan Penthouse',2006,1,NULL,5,'4.99',150,'19.99','PG','Trailers,Commentaries,Deleted Scenes','2006-02-15 05:03:42'),(447,'ICE CROSSING','A Fast-Paced Tale of a Butler And a Moose who must Overcome a Pioneer in A Manhattan Penthouse',2006,1,NULL,5,'2.99',131,'28.99','R','Deleted Scenes','2006-02-15 05:03:42'),(448,'IDAHO LOVE','A Fast-Paced Drama of a Student And a Crocodile who must Meet a Database Administrator in The Outback',2006,1,NULL,3,'2.99',172,'25.99','PG-13','Trailers,Commentaries,Deleted Scenes,Behind the Scenes','2006-02-15 05:03:42'),(449,'IDENTITY LOVER','A Boring Tale of a Composer And a Mad Cow who must Defeat a Car in The Outback',2006,1,NULL,4,'2.99',119,'12.99','PG-13','Deleted Scenes','2006-02-15 05:03:42'),(450,'IDOLS SNATCHERS','A Insightful Drama of a Car And a Composer who must Fight a Man in A Monastery',2006,1,NULL,5,'2.99',84,'29.99','NC-17','Trailers','2006-02-15 05:03:42'),(451,'IGBY MAKER','A Epic Documentary of a Hunter And a Dog who must Outgun a Dog in A Baloon Factory',2006,1,NULL,7,'4.99',160,'12.99','NC-17','Trailers,Behind the Scenes','2006-02-15 05:03:42'),(452,'ILLUSION AMELIE','A Emotional Epistle of a Boat And a Mad Scientist who must Outrace a Robot in An Abandoned Mine Shaft',2006,1,NULL,4,'0.99',122,'15.99','R','Commentaries,Behind the Scenes','2006-02-15 05:03:42'),(453,'IMAGE PRINCESS','A Lacklusture Panorama of a Secret Agent And a Crocodile who must Discover a Madman in The Canadian Rockies',2006,1,NULL,3,'2.99',178,'17.99','PG-13','Trailers,Commentaries,Deleted Scenes','2006-02-15 05:03:42'),(454,'IMPACT ALADDIN','A Epic Character Study of a Frisbee And a Moose who must Outgun a Technical Writer in A Shark Tank',2006,1,NULL,6,'0.99',180,'20.99','PG-13','Trailers,Deleted Scenes','2006-02-15 05:03:42'),(455,'IMPOSSIBLE PREJUDICE','A Awe-Inspiring Yarn of a Monkey And a Hunter who must Chase a Teacher in Ancient China',2006,1,NULL,7,'4.99',103,'11.99','NC-17','Deleted Scenes','2006-02-15 05:03:42'),(456,'INCH JET','A Fateful Saga of a Womanizer And a Student who must Defeat a Butler in A Monastery',2006,1,NULL,6,'4.99',167,'18.99','NC-17','Deleted Scenes','2006-02-15 05:03:42'),(457,'INDEPENDENCE HOTEL','A Thrilling Tale of a Technical Writer And a Boy who must Face a Pioneer in A Monastery',2006,1,NULL,5,'0.99',157,'21.99','NC-17','Trailers,Behind the Scenes','2006-02-15 05:03:42'),(458,'INDIAN LOVE','A Insightful Saga of a Mad Scientist And a Mad Scientist who must Kill a Astronaut in An Abandoned Fun House',2006,1,NULL,4,'0.99',135,'26.99','NC-17','Trailers,Commentaries,Deleted Scenes,Behind the Scenes','2006-02-15 05:03:42'),(459,'INFORMER DOUBLE','A Action-Packed Display of a Woman And a Dentist who must Redeem a Forensic Psychologist in The Canadian Rockies',2006,1,NULL,4,'4.99',74,'23.99','NC-17','Trailers,Commentaries','2006-02-15 05:03:42'),(460,'INNOCENT USUAL','A Beautiful Drama of a Pioneer And a Crocodile who must Challenge a Student in The Outback',2006,1,NULL,3,'4.99',178,'26.99','PG-13','Trailers,Deleted Scenes,Behind the Scenes','2006-02-15 05:03:42'),(461,'INSECTS STONE','A Epic Display of a Butler And a Dog who must Vanquish a Crocodile in A Manhattan Penthouse',2006,1,NULL,3,'0.99',123,'14.99','NC-17','Trailers,Commentaries,Behind the Scenes','2006-02-15 05:03:42'),(462,'INSIDER ARIZONA','A Astounding Saga of a Mad Scientist And a Hunter who must Pursue a Robot in A Baloon Factory',2006,1,NULL,5,'2.99',78,'17.99','NC-17','Commentaries','2006-02-15 05:03:42'),(463,'INSTINCT AIRPORT','A Touching Documentary of a Mad Cow And a Explorer who must Confront a Butler in A Manhattan Penthouse',2006,1,NULL,4,'2.99',116,'21.99','PG','Commentaries,Deleted Scenes','2006-02-15 05:03:42'),(464,'INTENTIONS EMPIRE','A Astounding Epistle of a Cat And a Cat who must Conquer a Mad Cow in A U-Boat',2006,1,NULL,3,'2.99',107,'13.99','PG-13','Trailers,Behind the Scenes','2006-02-15 05:03:42'),(465,'INTERVIEW LIAISONS','A Action-Packed Reflection of a Student And a Butler who must Discover a Database Administrator in A Manhattan Penthouse',2006,1,NULL,4,'4.99',59,'17.99','R','Commentaries,Behind the Scenes','2006-02-15 05:03:42'),(466,'INTOLERABLE INTENTIONS','A Awe-Inspiring Story of a Monkey And a Pastry Chef who must Succumb a Womanizer in A MySQL Convention',2006,1,NULL,6,'4.99',63,'20.99','PG-13','Commentaries,Behind the Scenes','2006-02-15 05:03:42'),(467,'INTRIGUE WORST','A Fanciful Character Study of a Explorer And a Mad Scientist who must Vanquish a Squirrel in A Jet Boat',2006,1,NULL,6,'0.99',181,'10.99','G','Deleted Scenes','2006-02-15 05:03:42'),(468,'INVASION CYCLONE','A Lacklusture Character Study of a Mad Scientist And a Womanizer who must Outrace a Explorer in A Monastery',2006,1,NULL,5,'2.99',97,'12.99','PG','Trailers,Deleted Scenes','2006-02-15 05:03:42'),(469,'IRON MOON','A Fast-Paced Documentary of a Mad Cow And a Boy who must Pursue a Dentist in A Baloon',2006,1,NULL,7,'4.99',46,'27.99','PG','Commentaries,Behind the Scenes','2006-02-15 05:03:42'),(470,'ISHTAR ROCKETEER','A Astounding Saga of a Dog And a Squirrel who must Conquer a Dog in An Abandoned Fun House',2006,1,NULL,4,'4.99',79,'24.99','R','Trailers,Commentaries,Deleted Scenes','2006-02-15 05:03:42'),(471,'ISLAND EXORCIST','A Fanciful Panorama of a Technical Writer And a Boy who must Find a Dentist in An Abandoned Fun House',2006,1,NULL,7,'2.99',84,'23.99','NC-17','Trailers,Commentaries','2006-02-15 05:03:42'),(472,'ITALIAN AFRICAN','A Astounding Character Study of a Monkey And a Moose who must Outgun a Cat in A U-Boat',2006,1,NULL,3,'4.99',174,'24.99','G','Trailers,Commentaries,Deleted Scenes','2006-02-15 05:03:42'),(473,'JACKET FRISCO','A Insightful Reflection of a Womanizer And a Husband who must Conquer a Pastry Chef in A Baloon',2006,1,NULL,5,'2.99',181,'16.99','PG-13','Trailers,Deleted Scenes,Behind the Scenes','2006-02-15 05:03:42'),(474,'JADE BUNCH','A Insightful Panorama of a Squirrel And a Mad Cow who must Confront a Student in The First Manned Space Station',2006,1,NULL,6,'2.99',174,'21.99','NC-17','Trailers,Commentaries,Behind the Scenes','2006-02-15 05:03:42'),(475,'JAPANESE RUN','A Awe-Inspiring Epistle of a Feminist And a Girl who must Sink a Girl in The Outback',2006,1,NULL,6,'0.99',135,'29.99','G','Deleted Scenes','2006-02-15 05:03:42'),(476,'JASON TRAP','A Thoughtful Tale of a Woman And a A Shark who must Conquer a Dog in A Monastery',2006,1,NULL,5,'2.99',130,'9.99','NC-17','Trailers,Deleted Scenes,Behind the Scenes','2006-02-15 05:03:42'),(477,'JAWBREAKER BROOKLYN','A Stunning Reflection of a Boat And a Pastry Chef who must Succumb a A Shark in A Jet Boat',2006,1,NULL,5,'0.99',118,'15.99','PG','Trailers,Behind the Scenes','2006-02-15 05:03:42'),(478,'JAWS HARRY','A Thrilling Display of a Database Administrator And a Monkey who must Overcome a Dog in An Abandoned Fun House',2006,1,NULL,4,'2.99',112,'10.99','G','Deleted Scenes','2006-02-15 05:03:42'),(479,'JEDI BENEATH','A Astounding Reflection of a Explorer And a Dentist who must Pursue a Student in Nigeria',2006,1,NULL,7,'0.99',128,'12.99','PG','Trailers,Commentaries,Deleted Scenes','2006-02-15 05:03:42'),(480,'JEEPERS WEDDING','A Astounding Display of a Composer And a Dog who must Kill a Pastry Chef in Soviet Georgia',2006,1,NULL,3,'2.99',84,'29.99','R','Trailers,Commentaries,Deleted Scenes','2006-02-15 05:03:42'),(481,'JEKYLL FROGMEN','A Fanciful Epistle of a Student And a Astronaut who must Kill a Waitress in A Shark Tank',2006,1,NULL,4,'2.99',58,'22.99','PG','Commentaries,Deleted Scenes,Behind the Scenes','2006-02-15 05:03:42'),(482,'JEOPARDY ENCINO','A Boring Panorama of a Man And a Mad Cow who must Face a Explorer in Ancient India',2006,1,NULL,3,'0.99',102,'12.99','R','Trailers,Commentaries','2006-02-15 05:03:42'),(483,'JERICHO MULAN','A Amazing Yarn of a Hunter And a Butler who must Defeat a Boy in A Jet Boat',2006,1,NULL,3,'2.99',171,'29.99','NC-17','Commentaries','2006-02-15 05:03:42'),(484,'JERK PAYCHECK','A Touching Character Study of a Pastry Chef And a Database Administrator who must Reach a A Shark in Ancient Japan',2006,1,NULL,3,'2.99',172,'13.99','NC-17','Trailers,Commentaries,Deleted Scenes,Behind the Scenes','2006-02-15 05:03:42'),(485,'JERSEY SASSY','A Lacklusture Documentary of a Madman And a Mad Cow who must Find a Feminist in Ancient Japan',2006,1,NULL,6,'4.99',60,'16.99','PG','Deleted Scenes,Behind the Scenes','2006-02-15 05:03:42'),(486,'JET NEIGHBORS','A Amazing Display of a Lumberjack And a Teacher who must Outrace a Woman in A U-Boat',2006,1,NULL,7,'4.99',59,'14.99','R','Trailers,Commentaries,Behind the Scenes','2006-02-15 05:03:42'),(487,'JINGLE SAGEBRUSH','A Epic Character Study of a Feminist And a Student who must Meet a Woman in A Baloon',2006,1,NULL,6,'4.99',124,'29.99','PG-13','Trailers,Commentaries','2006-02-15 05:03:42'),(488,'JOON NORTHWEST','A Thrilling Panorama of a Technical Writer And a Car who must Discover a Forensic Psychologist in A Shark Tank',2006,1,NULL,3,'0.99',105,'23.99','NC-17','Trailers,Commentaries,Behind the Scenes','2006-02-15 05:03:42'),(489,'JUGGLER HARDLY','A Epic Story of a Mad Cow And a Astronaut who must Challenge a Car in California',2006,1,NULL,4,'0.99',54,'14.99','PG-13','Trailers,Commentaries','2006-02-15 05:03:42'),(490,'JUMANJI BLADE','A Intrepid Yarn of a Husband And a Womanizer who must Pursue a Mad Scientist in New Orleans',2006,1,NULL,4,'2.99',121,'13.99','G','Commentaries,Behind the Scenes','2006-02-15 05:03:42'),(491,'JUMPING WRATH','A Touching Epistle of a Monkey And a Feminist who must Discover a Boat in Berlin',2006,1,NULL,4,'0.99',74,'18.99','NC-17','Commentaries,Behind the Scenes','2006-02-15 05:03:42'),(492,'JUNGLE CLOSER','A Boring Character Study of a Boy And a Woman who must Battle a Astronaut in Australia',2006,1,NULL,6,'0.99',134,'11.99','NC-17','Trailers,Commentaries,Deleted Scenes','2006-02-15 05:03:42'),(493,'KANE EXORCIST','A Epic Documentary of a Composer And a Robot who must Overcome a Car in Berlin',2006,1,NULL,5,'0.99',92,'18.99','R','Trailers,Commentaries','2006-02-15 05:03:42'),(494,'KARATE MOON','A Astounding Yarn of a Womanizer And a Dog who must Reach a Waitress in A MySQL Convention',2006,1,NULL,4,'0.99',120,'21.99','PG-13','Behind the Scenes','2006-02-15 05:03:42'),(495,'KENTUCKIAN GIANT','A Stunning Yarn of a Woman And a Frisbee who must Escape a Waitress in A U-Boat',2006,1,NULL,5,'2.99',169,'10.99','PG','Trailers,Commentaries,Deleted Scenes,Behind the Scenes','2006-02-15 05:03:42'),(496,'KICK SAVANNAH','A Emotional Drama of a Monkey And a Robot who must Defeat a Monkey in New Orleans',2006,1,NULL,3,'0.99',179,'10.99','PG-13','Trailers,Commentaries,Deleted Scenes','2006-02-15 05:03:42'),(497,'KILL BROTHERHOOD','A Touching Display of a Hunter And a Secret Agent who must Redeem a Husband in The Outback',2006,1,NULL,4,'0.99',54,'15.99','G','Trailers,Commentaries','2006-02-15 05:03:42'),(498,'KILLER INNOCENT','A Fanciful Character Study of a Student And a Explorer who must Succumb a Composer in An Abandoned Mine Shaft',2006,1,NULL,7,'2.99',161,'11.99','R','Trailers,Commentaries,Deleted Scenes','2006-02-15 05:03:42'),(499,'KING EVOLUTION','A Action-Packed Tale of a Boy And a Lumberjack who must Chase a Madman in A Baloon',2006,1,NULL,3,'4.99',184,'24.99','NC-17','Trailers,Deleted Scenes,Behind the Scenes','2006-02-15 05:03:42'),(500,'KISS GLORY','A Lacklusture Reflection of a Girl And a Husband who must Find a Robot in The Canadian Rockies',2006,1,NULL,5,'4.99',163,'11.99','PG-13','Trailers,Commentaries,Behind the Scenes','2006-02-15 05:03:42'),(501,'KISSING DOLLS','A Insightful Reflection of a Pioneer And a Teacher who must Build a Composer in The First Manned Space Station',2006,1,NULL,3,'4.99',141,'9.99','R','Trailers','2006-02-15 05:03:42'),(502,'KNOCK WARLOCK','A Unbelieveable Story of a Teacher And a Boat who must Confront a Moose in A Baloon',2006,1,NULL,4,'2.99',71,'21.99','PG-13','Trailers','2006-02-15 05:03:42'),(503,'KRAMER CHOCOLATE','A Amazing Yarn of a Robot And a Pastry Chef who must Redeem a Mad Scientist in The Outback',2006,1,NULL,3,'2.99',171,'24.99','R','Trailers','2006-02-15 05:03:42'),(504,'KWAI HOMEWARD','A Amazing Drama of a Car And a Squirrel who must Pursue a Car in Soviet Georgia',2006,1,NULL,5,'0.99',46,'25.99','PG-13','Trailers,Commentaries','2006-02-15 05:03:42'),(505,'LABYRINTH LEAGUE','A Awe-Inspiring Saga of a Composer And a Frisbee who must Succumb a Pioneer in The Sahara Desert',2006,1,NULL,6,'2.99',46,'24.99','PG-13','Commentaries,Behind the Scenes','2006-02-15 05:03:42'),(506,'LADY STAGE','A Beautiful Character Study of a Woman And a Man who must Pursue a Explorer in A U-Boat',2006,1,NULL,4,'4.99',67,'14.99','PG','Trailers,Deleted Scenes,Behind the Scenes','2006-02-15 05:03:42'),(507,'LADYBUGS ARMAGEDDON','A Fateful Reflection of a Dog And a Mad Scientist who must Meet a Mad Scientist in New Orleans',2006,1,NULL,4,'0.99',113,'13.99','NC-17','Deleted Scenes','2006-02-15 05:03:42'),(508,'LAMBS CINCINATTI','A Insightful Story of a Man And a Feminist who must Fight a Composer in Australia',2006,1,NULL,6,'4.99',144,'18.99','PG-13','Trailers,Behind the Scenes','2006-02-15 05:03:42'),(509,'LANGUAGE COWBOY','A Epic Yarn of a Cat And a Madman who must Vanquish a Dentist in An Abandoned Amusement Park',2006,1,NULL,5,'0.99',78,'26.99','NC-17','Trailers,Deleted Scenes','2006-02-15 05:03:42'),(510,'LAWLESS VISION','A Insightful Yarn of a Boy And a Sumo Wrestler who must Outgun a Car in The Outback',2006,1,NULL,6,'4.99',181,'29.99','G','Deleted Scenes,Behind the Scenes','2006-02-15 05:03:42'),(511,'LAWRENCE LOVE','A Fanciful Yarn of a Database Administrator And a Mad Cow who must Pursue a Womanizer in Berlin',2006,1,NULL,7,'0.99',175,'23.99','NC-17','Commentaries,Deleted Scenes,Behind the Scenes','2006-02-15 05:03:42'),(512,'LEAGUE HELLFIGHTERS','A Thoughtful Saga of a A Shark And a Monkey who must Outgun a Student in Ancient China',2006,1,NULL,5,'4.99',110,'25.99','PG-13','Trailers','2006-02-15 05:03:42'),(513,'LEATHERNECKS DWARFS','A Fateful Reflection of a Dog And a Mad Cow who must Outrace a Teacher in An Abandoned Mine Shaft',2006,1,NULL,6,'2.99',153,'21.99','PG-13','Trailers,Commentaries,Behind the Scenes','2006-02-15 05:03:42'),(514,'LEBOWSKI SOLDIERS','A Beautiful Epistle of a Secret Agent And a Pioneer who must Chase a Astronaut in Ancient China',2006,1,NULL,6,'2.99',69,'17.99','PG-13','Commentaries,Deleted Scenes','2006-02-15 05:03:42'),(515,'LEGALLY SECRETARY','A Astounding Tale of a A Shark And a Moose who must Meet a Womanizer in The Sahara Desert',2006,1,NULL,7,'4.99',113,'14.99','PG','Trailers,Commentaries,Behind the Scenes','2006-02-15 05:03:42'),(516,'LEGEND JEDI','A Awe-Inspiring Epistle of a Pioneer And a Student who must Outgun a Crocodile in The Outback',2006,1,NULL,7,'0.99',59,'18.99','PG','Commentaries,Deleted Scenes','2006-02-15 05:03:42'),(517,'LESSON CLEOPATRA','A Emotional Display of a Man And a Explorer who must Build a Boy in A Manhattan Penthouse',2006,1,NULL,3,'0.99',167,'28.99','NC-17','Deleted Scenes,Behind the Scenes','2006-02-15 05:03:42'),(518,'LIAISONS SWEET','A Boring Drama of a A Shark And a Explorer who must Redeem a Waitress in The Canadian Rockies',2006,1,NULL,5,'4.99',140,'15.99','PG','Commentaries,Behind the Scenes','2006-02-15 05:03:42'),(519,'LIBERTY MAGNIFICENT','A Boring Drama of a Student And a Cat who must Sink a Technical Writer in A Baloon',2006,1,NULL,3,'2.99',138,'27.99','G','Commentaries,Deleted Scenes,Behind the Scenes','2006-02-15 05:03:42'),(520,'LICENSE WEEKEND','A Insightful Story of a Man And a Husband who must Overcome a Madman in A Monastery',2006,1,NULL,7,'2.99',91,'28.99','NC-17','Deleted Scenes,Behind the Scenes','2006-02-15 05:03:42'),(521,'LIES TREATMENT','A Fast-Paced Character Study of a Dentist And a Moose who must Defeat a Composer in The First Manned Space Station',2006,1,NULL,7,'4.99',147,'28.99','NC-17','Commentaries,Deleted Scenes,Behind the Scenes','2006-02-15 05:03:42'),(522,'LIFE TWISTED','A Thrilling Reflection of a Teacher And a Composer who must Find a Man in The First Manned Space Station',2006,1,NULL,4,'2.99',137,'9.99','NC-17','Commentaries,Deleted Scenes','2006-02-15 05:03:42'),(523,'LIGHTS DEER','A Unbelieveable Epistle of a Dog And a Woman who must Confront a Moose in The Gulf of Mexico',2006,1,NULL,7,'0.99',174,'21.99','R','Commentaries','2006-02-15 05:03:42'),(524,'LION UNCUT','A Intrepid Display of a Pastry Chef And a Cat who must Kill a A Shark in Ancient China',2006,1,NULL,6,'0.99',50,'13.99','PG','Trailers,Deleted Scenes','2006-02-15 05:03:42'),(525,'LOATHING LEGALLY','A Boring Epistle of a Pioneer And a Mad Scientist who must Escape a Frisbee in The Gulf of Mexico',2006,1,NULL,4,'0.99',140,'29.99','R','Deleted Scenes','2006-02-15 05:03:42'),(526,'LOCK REAR','A Thoughtful Character Study of a Squirrel And a Technical Writer who must Outrace a Student in Ancient Japan',2006,1,NULL,7,'2.99',120,'10.99','R','Trailers,Commentaries','2006-02-15 05:03:42'),(527,'LOLA AGENT','A Astounding Tale of a Mad Scientist And a Husband who must Redeem a Database Administrator in Ancient Japan',2006,1,NULL,4,'4.99',85,'24.99','PG','Trailers,Commentaries','2006-02-15 05:03:42'),(528,'LOLITA WORLD','A Thrilling Drama of a Girl And a Robot who must Redeem a Waitress in An Abandoned Mine Shaft',2006,1,NULL,4,'2.99',155,'25.99','NC-17','Trailers,Deleted Scenes','2006-02-15 05:03:42'),(529,'LONELY ELEPHANT','A Intrepid Story of a Student And a Dog who must Challenge a Explorer in Soviet Georgia',2006,1,NULL,3,'2.99',67,'12.99','G','Trailers,Commentaries,Deleted Scenes,Behind the Scenes','2006-02-15 05:03:42'),(530,'LORD ARIZONA','A Action-Packed Display of a Frisbee And a Pastry Chef who must Pursue a Crocodile in A Jet Boat',2006,1,NULL,5,'2.99',108,'27.99','PG-13','Trailers','2006-02-15 05:03:42'),(531,'LOSE INCH','A Stunning Reflection of a Student And a Technical Writer who must Battle a Butler in The First Manned Space Station',2006,1,NULL,3,'0.99',137,'18.99','R','Trailers,Commentaries','2006-02-15 05:03:42'),(532,'LOSER HUSTLER','A Stunning Drama of a Robot And a Feminist who must Outgun a Butler in Nigeria',2006,1,NULL,5,'4.99',80,'28.99','PG','Deleted Scenes,Behind the Scenes','2006-02-15 05:03:42'),(533,'LOST BIRD','A Emotional Character Study of a Robot And a A Shark who must Defeat a Technical Writer in A Manhattan Penthouse',2006,1,NULL,4,'2.99',98,'21.99','PG-13','Deleted Scenes','2006-02-15 05:03:42'),(534,'LOUISIANA HARRY','A Lacklusture Drama of a Girl And a Technical Writer who must Redeem a Monkey in A Shark Tank',2006,1,NULL,5,'0.99',70,'18.99','PG-13','Trailers','2006-02-15 05:03:42'),(535,'LOVE SUICIDES','A Brilliant Panorama of a Hunter And a Explorer who must Pursue a Dentist in An Abandoned Fun House',2006,1,NULL,6,'0.99',181,'21.99','R','Trailers,Behind the Scenes','2006-02-15 05:03:42'),(536,'LOVELY JINGLE','A Fanciful Yarn of a Crocodile And a Forensic Psychologist who must Discover a Crocodile in The Outback',2006,1,NULL,3,'2.99',65,'18.99','PG','Trailers,Behind the Scenes','2006-02-15 05:03:42'),(537,'LOVER TRUMAN','A Emotional Yarn of a Robot And a Boy who must Outgun a Technical Writer in A U-Boat',2006,1,NULL,3,'2.99',75,'29.99','G','Trailers','2006-02-15 05:03:42'),(538,'LOVERBOY ATTACKS','A Boring Story of a Car And a Butler who must Build a Girl in Soviet Georgia',2006,1,NULL,7,'0.99',162,'19.99','PG-13','Trailers,Behind the Scenes','2006-02-15 05:03:42'),(539,'LUCK OPUS','A Boring Display of a Moose And a Squirrel who must Outrace a Teacher in A Shark Tank',2006,1,NULL,7,'2.99',152,'21.99','NC-17','Trailers,Commentaries,Behind the Scenes','2006-02-15 05:03:42'),(540,'LUCKY FLYING','A Lacklusture Character Study of a A Shark And a Man who must Find a Forensic Psychologist in A U-Boat',2006,1,NULL,7,'2.99',97,'10.99','PG-13','Trailers,Commentaries,Behind the Scenes','2006-02-15 05:03:42'),(541,'LUKE MUMMY','A Taut Character Study of a Boy And a Robot who must Redeem a Mad Scientist in Ancient India',2006,1,NULL,5,'2.99',74,'21.99','NC-17','Trailers,Behind the Scenes','2006-02-15 05:03:42'),(542,'LUST LOCK','A Fanciful Panorama of a Hunter And a Dentist who must Meet a Secret Agent in The Sahara Desert',2006,1,NULL,3,'2.99',52,'28.99','G','Trailers,Commentaries,Behind the Scenes','2006-02-15 05:03:42'),(543,'MADIGAN DORADO','A Astounding Character Study of a A Shark And a A Shark who must Discover a Crocodile in The Outback',2006,1,NULL,5,'4.99',116,'20.99','R','Deleted Scenes,Behind the Scenes','2006-02-15 05:03:42'),(544,'MADISON TRAP','A Awe-Inspiring Reflection of a Monkey And a Dentist who must Overcome a Pioneer in A U-Boat',2006,1,NULL,4,'2.99',147,'11.99','R','Commentaries,Deleted Scenes,Behind the Scenes','2006-02-15 05:03:42'),(545,'MADNESS ATTACKS','A Fanciful Tale of a Squirrel And a Boat who must Defeat a Crocodile in The Gulf of Mexico',2006,1,NULL,4,'0.99',178,'14.99','PG-13','Trailers','2006-02-15 05:03:42'),(546,'MADRE GABLES','A Intrepid Panorama of a Sumo Wrestler And a Forensic Psychologist who must Discover a Moose in The First Manned Space Station',2006,1,NULL,7,'2.99',98,'27.99','PG-13','Trailers,Commentaries,Deleted Scenes','2006-02-15 05:03:42'),(547,'MAGIC MALLRATS','A Touching Documentary of a Pastry Chef And a Pastry Chef who must Build a Mad Scientist in California',2006,1,NULL,3,'0.99',117,'19.99','PG','Trailers,Commentaries','2006-02-15 05:03:42'),(548,'MAGNIFICENT CHITTY','A Insightful Story of a Teacher And a Hunter who must Face a Mad Cow in California',2006,1,NULL,3,'2.99',53,'27.99','R','Commentaries,Deleted Scenes','2006-02-15 05:03:42'),(549,'MAGNOLIA FORRESTER','A Thoughtful Documentary of a Composer And a Explorer who must Conquer a Dentist in New Orleans',2006,1,NULL,4,'0.99',171,'28.99','PG-13','Trailers,Commentaries,Deleted Scenes','2006-02-15 05:03:42'),(550,'MAGUIRE APACHE','A Fast-Paced Reflection of a Waitress And a Hunter who must Defeat a Forensic Psychologist in A Baloon',2006,1,NULL,6,'2.99',74,'22.99','NC-17','Trailers,Commentaries','2006-02-15 05:03:42'),(551,'MAIDEN HOME','A Lacklusture Saga of a Moose And a Teacher who must Kill a Forensic Psychologist in A MySQL Convention',2006,1,NULL,3,'4.99',138,'9.99','PG','Behind the Scenes','2006-02-15 05:03:42'),(552,'MAJESTIC FLOATS','A Thrilling Character Study of a Moose And a Student who must Escape a Butler in The First Manned Space Station',2006,1,NULL,5,'0.99',130,'15.99','PG','Trailers','2006-02-15 05:03:42'),(553,'MAKER GABLES','A Stunning Display of a Moose And a Database Administrator who must Pursue a Composer in A Jet Boat',2006,1,NULL,4,'0.99',136,'12.99','PG-13','Deleted Scenes,Behind the Scenes','2006-02-15 05:03:42'),(554,'MALKOVICH PET','A Intrepid Reflection of a Waitress And a A Shark who must Kill a Squirrel in The Outback',2006,1,NULL,6,'2.99',159,'22.99','G','Behind the Scenes','2006-02-15 05:03:42'),(555,'MALLRATS UNITED','A Thrilling Yarn of a Waitress And a Dentist who must Find a Hunter in A Monastery',2006,1,NULL,4,'0.99',133,'25.99','PG','Trailers,Commentaries,Deleted Scenes','2006-02-15 05:03:42'),(556,'MALTESE HOPE','A Fast-Paced Documentary of a Crocodile And a Sumo Wrestler who must Conquer a Explorer in California',2006,1,NULL,6,'4.99',127,'26.99','PG-13','Behind the Scenes','2006-02-15 05:03:42'),(557,'MANCHURIAN CURTAIN','A Stunning Tale of a Mad Cow And a Boy who must Battle a Boy in Berlin',2006,1,NULL,5,'2.99',177,'27.99','PG','Trailers,Commentaries','2006-02-15 05:03:42'),(558,'MANNEQUIN WORST','A Astounding Saga of a Mad Cow And a Pastry Chef who must Discover a Husband in Ancient India',2006,1,NULL,3,'2.99',71,'18.99','PG-13','Trailers,Commentaries,Deleted Scenes','2006-02-15 05:03:42'),(559,'MARRIED GO','A Fanciful Story of a Womanizer And a Dog who must Face a Forensic Psychologist in The Sahara Desert',2006,1,NULL,7,'2.99',114,'22.99','G','Behind the Scenes','2006-02-15 05:03:42'),(560,'MARS ROMAN','A Boring Drama of a Car And a Dog who must Succumb a Madman in Soviet Georgia',2006,1,NULL,6,'0.99',62,'21.99','NC-17','Commentaries,Deleted Scenes','2006-02-15 05:03:42'),(561,'MASK PEACH','A Boring Character Study of a Student And a Robot who must Meet a Woman in California',2006,1,NULL,6,'2.99',123,'26.99','NC-17','Commentaries,Deleted Scenes','2006-02-15 05:03:42'),(562,'MASKED BUBBLE','A Fanciful Documentary of a Pioneer And a Boat who must Pursue a Pioneer in An Abandoned Mine Shaft',2006,1,NULL,6,'0.99',151,'12.99','PG-13','Commentaries,Behind the Scenes','2006-02-15 05:03:42'),(563,'MASSACRE USUAL','A Fateful Reflection of a Waitress And a Crocodile who must Challenge a Forensic Psychologist in California',2006,1,NULL,6,'4.99',165,'16.99','R','Commentaries','2006-02-15 05:03:42'),(564,'MASSAGE IMAGE','A Fateful Drama of a Frisbee And a Crocodile who must Vanquish a Dog in The First Manned Space Station',2006,1,NULL,4,'2.99',161,'11.99','PG','Commentaries,Behind the Scenes','2006-02-15 05:03:42'),(565,'MATRIX SNOWMAN','A Action-Packed Saga of a Womanizer And a Woman who must Overcome a Student in California',2006,1,NULL,6,'4.99',56,'9.99','PG-13','Commentaries,Deleted Scenes,Behind the Scenes','2006-02-15 05:03:42'),(566,'MAUDE MOD','A Beautiful Documentary of a Forensic Psychologist And a Cat who must Reach a Astronaut in Nigeria',2006,1,NULL,6,'0.99',72,'20.99','R','Trailers,Behind the Scenes','2006-02-15 05:03:42'),(567,'MEET CHOCOLATE','A Boring Documentary of a Dentist And a Butler who must Confront a Monkey in A MySQL Convention',2006,1,NULL,3,'2.99',80,'26.99','G','Trailers','2006-02-15 05:03:42'),(568,'MEMENTO ZOOLANDER','A Touching Epistle of a Squirrel And a Explorer who must Redeem a Pastry Chef in The Sahara Desert',2006,1,NULL,4,'4.99',77,'11.99','NC-17','Behind the Scenes','2006-02-15 05:03:42'),(569,'MENAGERIE RUSHMORE','A Unbelieveable Panorama of a Composer And a Butler who must Overcome a Database Administrator in The First Manned Space Station',2006,1,NULL,7,'2.99',147,'18.99','G','Trailers,Commentaries,Deleted Scenes','2006-02-15 05:03:42'),(570,'MERMAID INSECTS','A Lacklusture Drama of a Waitress And a Husband who must Fight a Husband in California',2006,1,NULL,5,'4.99',104,'20.99','NC-17','Trailers,Behind the Scenes','2006-02-15 05:03:42'),(571,'METAL ARMAGEDDON','A Thrilling Display of a Lumberjack And a Crocodile who must Meet a Monkey in A Baloon Factory',2006,1,NULL,6,'2.99',161,'26.99','PG-13','Trailers,Commentaries,Deleted Scenes','2006-02-15 05:03:42'),(572,'METROPOLIS COMA','A Emotional Saga of a Database Administrator And a Pastry Chef who must Confront a Teacher in A Baloon Factory',2006,1,NULL,4,'2.99',64,'9.99','PG-13','Trailers,Commentaries,Behind the Scenes','2006-02-15 05:03:42'),(573,'MICROCOSMOS PARADISE','A Touching Character Study of a Boat And a Student who must Sink a A Shark in Nigeria',2006,1,NULL,6,'2.99',105,'22.99','PG-13','Commentaries','2006-02-15 05:03:42'),(574,'MIDNIGHT WESTWARD','A Taut Reflection of a Husband And a A Shark who must Redeem a Pastry Chef in A Monastery',2006,1,NULL,3,'0.99',86,'19.99','G','Trailers,Deleted Scenes','2006-02-15 05:03:42'),(575,'MIDSUMMER GROUNDHOG','A Fateful Panorama of a Moose And a Dog who must Chase a Crocodile in Ancient Japan',2006,1,NULL,3,'4.99',48,'27.99','G','Trailers,Deleted Scenes','2006-02-15 05:03:42'),(576,'MIGHTY LUCK','A Astounding Epistle of a Mad Scientist And a Pioneer who must Escape a Database Administrator in A MySQL Convention',2006,1,NULL,7,'2.99',122,'13.99','PG','Behind the Scenes','2006-02-15 05:03:42'),(577,'MILE MULAN','A Lacklusture Epistle of a Cat And a Husband who must Confront a Boy in A MySQL Convention',2006,1,NULL,4,'0.99',64,'10.99','PG','Deleted Scenes,Behind the Scenes','2006-02-15 05:03:42'),(578,'MILLION ACE','A Brilliant Documentary of a Womanizer And a Squirrel who must Find a Technical Writer in The Sahara Desert',2006,1,NULL,4,'4.99',142,'16.99','PG-13','Deleted Scenes','2006-02-15 05:03:42'),(579,'MINDS TRUMAN','A Taut Yarn of a Mad Scientist And a Crocodile who must Outgun a Database Administrator in A Monastery',2006,1,NULL,3,'4.99',149,'22.99','PG-13','Deleted Scenes,Behind the Scenes','2006-02-15 05:03:42'),(580,'MINE TITANS','A Amazing Yarn of a Robot And a Womanizer who must Discover a Forensic Psychologist in Berlin',2006,1,NULL,3,'4.99',166,'12.99','PG-13','Trailers,Deleted Scenes','2006-02-15 05:03:42'),(581,'MINORITY KISS','A Insightful Display of a Lumberjack And a Sumo Wrestler who must Meet a Man in The Outback',2006,1,NULL,4,'0.99',59,'16.99','G','Trailers','2006-02-15 05:03:42'),(582,'MIRACLE VIRTUAL','A Touching Epistle of a Butler And a Boy who must Find a Mad Scientist in The Sahara Desert',2006,1,NULL,3,'2.99',162,'19.99','PG-13','Trailers,Deleted Scenes','2006-02-15 05:03:42'),(583,'MISSION ZOOLANDER','A Intrepid Story of a Sumo Wrestler And a Teacher who must Meet a A Shark in An Abandoned Fun House',2006,1,NULL,3,'4.99',164,'26.99','PG-13','Behind the Scenes','2006-02-15 05:03:42'),(584,'MIXED DOORS','A Taut Drama of a Womanizer And a Lumberjack who must Succumb a Pioneer in Ancient India',2006,1,NULL,6,'2.99',180,'26.99','PG-13','Behind the Scenes','2006-02-15 05:03:42'),(585,'MOB DUFFEL','A Unbelieveable Documentary of a Frisbee And a Boat who must Meet a Boy in The Canadian Rockies',2006,1,NULL,4,'0.99',105,'25.99','G','Trailers','2006-02-15 05:03:42'),(586,'MOCKINGBIRD HOLLYWOOD','A Thoughtful Panorama of a Man And a Car who must Sink a Composer in Berlin',2006,1,NULL,4,'0.99',60,'27.99','PG','Behind the Scenes','2006-02-15 05:03:42'),(587,'MOD SECRETARY','A Boring Documentary of a Mad Cow And a Cat who must Build a Lumberjack in New Orleans',2006,1,NULL,6,'4.99',77,'20.99','NC-17','Commentaries,Behind the Scenes','2006-02-15 05:03:42'),(588,'MODEL FISH','A Beautiful Panorama of a Boat And a Crocodile who must Outrace a Dog in Australia',2006,1,NULL,4,'4.99',175,'11.99','NC-17','Trailers,Commentaries,Behind the Scenes','2006-02-15 05:03:42'),(589,'MODERN DORADO','A Awe-Inspiring Story of a Butler And a Sumo Wrestler who must Redeem a Boy in New Orleans',2006,1,NULL,3,'0.99',74,'20.99','PG','Trailers,Commentaries,Deleted Scenes','2006-02-15 05:03:42'),(590,'MONEY HAROLD','A Touching Tale of a Explorer And a Boat who must Defeat a Robot in Australia',2006,1,NULL,3,'2.99',135,'17.99','PG','Trailers,Commentaries','2006-02-15 05:03:42'),(591,'MONSOON CAUSE','A Astounding Tale of a Crocodile And a Car who must Outrace a Squirrel in A U-Boat',2006,1,NULL,6,'4.99',182,'20.99','PG','Commentaries,Behind the Scenes','2006-02-15 05:03:42'),(592,'MONSTER SPARTACUS','A Fast-Paced Story of a Waitress And a Cat who must Fight a Girl in Australia',2006,1,NULL,6,'2.99',107,'28.99','PG','Commentaries,Behind the Scenes','2006-02-15 05:03:42'),(593,'MONTEREY LABYRINTH','A Awe-Inspiring Drama of a Monkey And a Composer who must Escape a Feminist in A U-Boat',2006,1,NULL,6,'0.99',158,'13.99','G','Trailers,Commentaries','2006-02-15 05:03:42'),(594,'MONTEZUMA COMMAND','A Thrilling Reflection of a Waitress And a Butler who must Battle a Butler in A Jet Boat',2006,1,NULL,6,'0.99',126,'22.99','NC-17','Trailers','2006-02-15 05:03:42'),(595,'MOON BUNCH','A Beautiful Tale of a Astronaut And a Mad Cow who must Challenge a Cat in A Baloon Factory',2006,1,NULL,7,'0.99',83,'20.99','PG','Deleted Scenes,Behind the Scenes','2006-02-15 05:03:42'),(596,'MOONSHINE CABIN','A Thoughtful Display of a Astronaut And a Feminist who must Chase a Frisbee in A Jet Boat',2006,1,NULL,4,'4.99',171,'25.99','PG-13','Behind the Scenes','2006-02-15 05:03:42'),(597,'MOONWALKER FOOL','A Epic Drama of a Feminist And a Pioneer who must Sink a Composer in New Orleans',2006,1,NULL,5,'4.99',184,'12.99','G','Trailers,Deleted Scenes','2006-02-15 05:03:42'),(598,'MOSQUITO ARMAGEDDON','A Thoughtful Character Study of a Waitress And a Feminist who must Build a Teacher in Ancient Japan',2006,1,NULL,6,'0.99',57,'22.99','G','Trailers','2006-02-15 05:03:42'),(599,'MOTHER OLEANDER','A Boring Tale of a Husband And a Boy who must Fight a Squirrel in Ancient China',2006,1,NULL,3,'0.99',103,'20.99','R','Trailers,Commentaries','2006-02-15 05:03:42'),(600,'MOTIONS DETAILS','A Awe-Inspiring Reflection of a Dog And a Student who must Kill a Car in An Abandoned Fun House',2006,1,NULL,5,'0.99',166,'16.99','PG','Trailers,Commentaries,Behind the Scenes','2006-02-15 05:03:42'),(601,'MOULIN WAKE','A Astounding Story of a Forensic Psychologist And a Cat who must Battle a Teacher in An Abandoned Mine Shaft',2006,1,NULL,4,'0.99',79,'20.99','PG-13','Trailers','2006-02-15 05:03:42'),(602,'MOURNING PURPLE','A Lacklusture Display of a Waitress And a Lumberjack who must Chase a Pioneer in New Orleans',2006,1,NULL,5,'0.99',146,'14.99','PG','Trailers,Commentaries,Deleted Scenes,Behind the Scenes','2006-02-15 05:03:42'),(603,'MOVIE SHAKESPEARE','A Insightful Display of a Database Administrator And a Student who must Build a Hunter in Berlin',2006,1,NULL,6,'4.99',53,'27.99','PG','Commentaries,Deleted Scenes,Behind the Scenes','2006-02-15 05:03:42'),(604,'MULAN MOON','A Emotional Saga of a Womanizer And a Pioneer who must Overcome a Dentist in A Baloon',2006,1,NULL,4,'0.99',160,'10.99','G','Behind the Scenes','2006-02-15 05:03:42'),(605,'MULHOLLAND BEAST','A Awe-Inspiring Display of a Husband And a Squirrel who must Battle a Sumo Wrestler in A Jet Boat',2006,1,NULL,7,'2.99',157,'13.99','PG','Trailers,Deleted Scenes,Behind the Scenes','2006-02-15 05:03:42'),(606,'MUMMY CREATURES','A Fateful Character Study of a Crocodile And a Monkey who must Meet a Dentist in Australia',2006,1,NULL,3,'0.99',160,'15.99','NC-17','Trailers,Behind the Scenes','2006-02-15 05:03:42'),(607,'MUPPET MILE','A Lacklusture Story of a Madman And a Teacher who must Kill a Frisbee in The Gulf of Mexico',2006,1,NULL,5,'4.99',50,'18.99','PG','Trailers,Deleted Scenes','2006-02-15 05:03:42'),(608,'MURDER ANTITRUST','A Brilliant Yarn of a Car And a Database Administrator who must Escape a Boy in A MySQL Convention',2006,1,NULL,6,'2.99',166,'11.99','PG','Trailers,Deleted Scenes,Behind the Scenes','2006-02-15 05:03:42'),(609,'MUSCLE BRIGHT','A Stunning Panorama of a Sumo Wrestler And a Husband who must Redeem a Madman in Ancient India',2006,1,NULL,7,'2.99',185,'23.99','G','Deleted Scenes','2006-02-15 05:03:42'),(610,'MUSIC BOONDOCK','A Thrilling Tale of a Butler And a Astronaut who must Battle a Explorer in The First Manned Space Station',2006,1,NULL,7,'0.99',129,'17.99','R','Trailers,Commentaries,Behind the Scenes','2006-02-15 05:03:42'),(611,'MUSKETEERS WAIT','A Touching Yarn of a Student And a Moose who must Fight a Mad Cow in Australia',2006,1,NULL,7,'4.99',73,'17.99','PG','Deleted Scenes,Behind the Scenes','2006-02-15 05:03:42'),(612,'MUSSOLINI SPOILERS','A Thrilling Display of a Boat And a Monkey who must Meet a Composer in Ancient China',2006,1,NULL,6,'2.99',180,'10.99','G','Deleted Scenes,Behind the Scenes','2006-02-15 05:03:42'),(613,'MYSTIC TRUMAN','A Epic Yarn of a Teacher And a Hunter who must Outgun a Explorer in Soviet Georgia',2006,1,NULL,5,'0.99',92,'19.99','NC-17','Commentaries,Behind the Scenes','2006-02-15 05:03:42'),(614,'NAME DETECTIVE','A Touching Saga of a Sumo Wrestler And a Cat who must Pursue a Mad Scientist in Nigeria',2006,1,NULL,5,'4.99',178,'11.99','PG-13','Trailers,Commentaries,Behind the Scenes','2006-02-15 05:03:42'),(615,'NASH CHOCOLAT','A Epic Reflection of a Monkey And a Mad Cow who must Kill a Forensic Psychologist in An Abandoned Mine Shaft',2006,1,NULL,6,'2.99',180,'21.99','PG-13','Commentaries,Behind the Scenes','2006-02-15 05:03:42'),(616,'NATIONAL STORY','A Taut Epistle of a Mad Scientist And a Girl who must Escape a Monkey in California',2006,1,NULL,4,'2.99',92,'19.99','NC-17','Trailers','2006-02-15 05:03:42'),(617,'NATURAL STOCK','A Fast-Paced Story of a Sumo Wrestler And a Girl who must Defeat a Car in A Baloon Factory',2006,1,NULL,4,'0.99',50,'24.99','PG-13','Commentaries,Deleted Scenes','2006-02-15 05:03:42'),(618,'NECKLACE OUTBREAK','A Astounding Epistle of a Database Administrator And a Mad Scientist who must Pursue a Cat in California',2006,1,NULL,3,'0.99',132,'21.99','PG','Trailers,Commentaries,Behind the Scenes','2006-02-15 05:03:42'),(619,'NEIGHBORS CHARADE','A Fanciful Reflection of a Crocodile And a Astronaut who must Outrace a Feminist in An Abandoned Amusement Park',2006,1,NULL,3,'0.99',161,'20.99','R','Trailers,Commentaries,Deleted Scenes','2006-02-15 05:03:42'),(620,'NEMO CAMPUS','A Lacklusture Reflection of a Monkey And a Squirrel who must Outrace a Womanizer in A Manhattan Penthouse',2006,1,NULL,5,'2.99',131,'23.99','NC-17','Trailers','2006-02-15 05:03:42'),(621,'NETWORK PEAK','A Unbelieveable Reflection of a Butler And a Boat who must Outgun a Mad Scientist in California',2006,1,NULL,5,'2.99',75,'23.99','PG-13','Commentaries,Deleted Scenes,Behind the Scenes','2006-02-15 05:03:42'),(622,'NEWSIES STORY','A Action-Packed Character Study of a Dog And a Lumberjack who must Outrace a Moose in The Gulf of Mexico',2006,1,NULL,4,'0.99',159,'25.99','G','Trailers,Deleted Scenes','2006-02-15 05:03:42'),(623,'NEWTON LABYRINTH','A Intrepid Character Study of a Moose And a Waitress who must Find a A Shark in Ancient India',2006,1,NULL,4,'0.99',75,'9.99','PG','Trailers,Commentaries,Deleted Scenes,Behind the Scenes','2006-02-15 05:03:42'),(624,'NIGHTMARE CHILL','A Brilliant Display of a Robot And a Butler who must Fight a Waitress in An Abandoned Mine Shaft',2006,1,NULL,3,'4.99',149,'25.99','PG','Trailers,Deleted Scenes,Behind the Scenes','2006-02-15 05:03:42'),(625,'NONE SPIKING','A Boring Reflection of a Secret Agent And a Astronaut who must Face a Composer in A Manhattan Penthouse',2006,1,NULL,3,'0.99',83,'18.99','NC-17','Trailers,Commentaries','2006-02-15 05:03:42'),(626,'NOON PAPI','A Unbelieveable Character Study of a Mad Scientist And a Astronaut who must Find a Pioneer in A Manhattan Penthouse',2006,1,NULL,5,'2.99',57,'12.99','G','Behind the Scenes','2006-02-15 05:03:42'),(627,'NORTH TEQUILA','A Beautiful Character Study of a Mad Cow And a Robot who must Reach a Womanizer in New Orleans',2006,1,NULL,4,'4.99',67,'9.99','NC-17','Commentaries,Deleted Scenes,Behind the Scenes','2006-02-15 05:03:42'),(628,'NORTHWEST POLISH','A Boring Character Study of a Boy And a A Shark who must Outrace a Womanizer in The Outback',2006,1,NULL,5,'2.99',172,'24.99','PG','Trailers','2006-02-15 05:03:42'),(629,'NOTORIOUS REUNION','A Amazing Epistle of a Woman And a Squirrel who must Fight a Hunter in A Baloon',2006,1,NULL,7,'0.99',128,'9.99','NC-17','Trailers,Commentaries,Deleted Scenes','2006-02-15 05:03:42'),(630,'NOTTING SPEAKEASY','A Thoughtful Display of a Butler And a Womanizer who must Find a Waitress in The Canadian Rockies',2006,1,NULL,7,'0.99',48,'19.99','PG-13','Trailers,Commentaries','2006-02-15 05:03:42'),(631,'NOVOCAINE FLIGHT','A Fanciful Display of a Student And a Teacher who must Outgun a Crocodile in Nigeria',2006,1,NULL,4,'0.99',64,'11.99','G','Trailers,Commentaries,Deleted Scenes','2006-02-15 05:03:42'),(632,'NUTS TIES','A Thoughtful Drama of a Explorer And a Womanizer who must Meet a Teacher in California',2006,1,NULL,5,'4.99',145,'10.99','NC-17','Trailers,Behind the Scenes','2006-02-15 05:03:42'),(633,'OCTOBER SUBMARINE','A Taut Epistle of a Monkey And a Boy who must Confront a Husband in A Jet Boat',2006,1,NULL,6,'4.99',54,'10.99','PG-13','Trailers,Commentaries,Behind the Scenes','2006-02-15 05:03:42'),(634,'ODDS BOOGIE','A Thrilling Yarn of a Feminist And a Madman who must Battle a Hunter in Berlin',2006,1,NULL,6,'0.99',48,'14.99','NC-17','Trailers,Commentaries,Behind the Scenes','2006-02-15 05:03:42'),(635,'OKLAHOMA JUMANJI','A Thoughtful Drama of a Dentist And a Womanizer who must Meet a Husband in The Sahara Desert',2006,1,NULL,7,'0.99',58,'15.99','PG','Behind the Scenes','2006-02-15 05:03:42'),(636,'OLEANDER CLUE','A Boring Story of a Teacher And a Monkey who must Succumb a Forensic Psychologist in A Jet Boat',2006,1,NULL,5,'0.99',161,'12.99','PG','Commentaries,Deleted Scenes','2006-02-15 05:03:42'),(637,'OPEN AFRICAN','A Lacklusture Drama of a Secret Agent And a Explorer who must Discover a Car in A U-Boat',2006,1,NULL,7,'4.99',131,'16.99','PG','Trailers,Commentaries','2006-02-15 05:03:42'),(638,'OPERATION OPERATION','A Intrepid Character Study of a Man And a Frisbee who must Overcome a Madman in Ancient China',2006,1,NULL,7,'2.99',156,'23.99','G','Trailers,Commentaries,Deleted Scenes,Behind the Scenes','2006-02-15 05:03:42'),(639,'OPPOSITE NECKLACE','A Fateful Epistle of a Crocodile And a Moose who must Kill a Explorer in Nigeria',2006,1,NULL,7,'4.99',92,'9.99','PG','Deleted Scenes','2006-02-15 05:03:42'),(640,'OPUS ICE','A Fast-Paced Drama of a Hunter And a Boy who must Discover a Feminist in The Sahara Desert',2006,1,NULL,5,'4.99',102,'21.99','R','Commentaries,Deleted Scenes','2006-02-15 05:03:42'),(641,'ORANGE GRAPES','A Astounding Documentary of a Butler And a Womanizer who must Face a Dog in A U-Boat',2006,1,NULL,4,'0.99',76,'21.99','PG-13','Trailers,Commentaries','2006-02-15 05:03:42'),(642,'ORDER BETRAYED','A Amazing Saga of a Dog And a A Shark who must Challenge a Cat in The Sahara Desert',2006,1,NULL,7,'2.99',120,'13.99','PG-13','Deleted Scenes,Behind the Scenes','2006-02-15 05:03:42'),(643,'ORIENT CLOSER','A Astounding Epistle of a Technical Writer And a Teacher who must Fight a Squirrel in The Sahara Desert',2006,1,NULL,3,'2.99',118,'22.99','R','Commentaries,Deleted Scenes','2006-02-15 05:03:42'),(644,'OSCAR GOLD','A Insightful Tale of a Database Administrator And a Dog who must Face a Madman in Soviet Georgia',2006,1,NULL,7,'2.99',115,'29.99','PG','Behind the Scenes','2006-02-15 05:03:42'),(645,'OTHERS SOUP','A Lacklusture Documentary of a Mad Cow And a Madman who must Sink a Moose in The Gulf of Mexico',2006,1,NULL,7,'2.99',118,'18.99','PG','Deleted Scenes','2006-02-15 05:03:42'),(646,'OUTBREAK DIVINE','A Unbelieveable Yarn of a Database Administrator And a Woman who must Succumb a A Shark in A U-Boat',2006,1,NULL,6,'0.99',169,'12.99','NC-17','Trailers,Deleted Scenes,Behind the Scenes','2006-02-15 05:03:42'),(647,'OUTFIELD MASSACRE','A Thoughtful Drama of a Husband And a Secret Agent who must Pursue a Database Administrator in Ancient India',2006,1,NULL,4,'0.99',129,'18.99','NC-17','Trailers,Deleted Scenes','2006-02-15 05:03:42'),(648,'OUTLAW HANKY','A Thoughtful Story of a Astronaut And a Composer who must Conquer a Dog in The Sahara Desert',2006,1,NULL,7,'4.99',148,'17.99','PG-13','Trailers,Commentaries','2006-02-15 05:03:42'),(649,'OZ LIAISONS','A Epic Yarn of a Mad Scientist And a Cat who must Confront a Womanizer in A Baloon Factory',2006,1,NULL,4,'2.99',85,'14.99','R','Commentaries,Deleted Scenes,Behind the Scenes','2006-02-15 05:03:42'),(650,'PACIFIC AMISTAD','A Thrilling Yarn of a Dog And a Moose who must Kill a Pastry Chef in A Manhattan Penthouse',2006,1,NULL,3,'0.99',144,'27.99','G','Trailers,Commentaries,Deleted Scenes,Behind the Scenes','2006-02-15 05:03:42'),(651,'PACKER MADIGAN','A Epic Display of a Sumo Wrestler And a Forensic Psychologist who must Build a Woman in An Abandoned Amusement Park',2006,1,NULL,3,'0.99',84,'20.99','PG-13','Trailers','2006-02-15 05:03:42'),(652,'PAJAMA JAWBREAKER','A Emotional Drama of a Boy And a Technical Writer who must Redeem a Sumo Wrestler in California',2006,1,NULL,3,'0.99',126,'14.99','R','Trailers,Deleted Scenes','2006-02-15 05:03:42'),(653,'PANIC CLUB','A Fanciful Display of a Teacher And a Crocodile who must Succumb a Girl in A Baloon',2006,1,NULL,3,'4.99',102,'15.99','G','Commentaries,Deleted Scenes','2006-02-15 05:03:42'),(654,'PANKY SUBMARINE','A Touching Documentary of a Dentist And a Sumo Wrestler who must Overcome a Boy in The Gulf of Mexico',2006,1,NULL,4,'4.99',93,'19.99','G','Trailers,Commentaries,Deleted Scenes,Behind the Scenes','2006-02-15 05:03:42'),(655,'PANTHER REDS','A Brilliant Panorama of a Moose And a Man who must Reach a Teacher in The Gulf of Mexico',2006,1,NULL,5,'4.99',109,'22.99','NC-17','Deleted Scenes,Behind the Scenes','2006-02-15 05:03:42'),(656,'PAPI NECKLACE','A Fanciful Display of a Car And a Monkey who must Escape a Squirrel in Ancient Japan',2006,1,NULL,3,'0.99',128,'9.99','PG','Trailers,Deleted Scenes,Behind the Scenes','2006-02-15 05:03:42'),(657,'PARADISE SABRINA','A Intrepid Yarn of a Car And a Moose who must Outrace a Crocodile in A Manhattan Penthouse',2006,1,NULL,5,'2.99',48,'12.99','PG-13','Commentaries,Deleted Scenes,Behind the Scenes','2006-02-15 05:03:42'),(658,'PARIS WEEKEND','A Intrepid Story of a Squirrel And a Crocodile who must Defeat a Monkey in The Outback',2006,1,NULL,7,'2.99',121,'19.99','PG-13','Trailers,Commentaries,Deleted Scenes,Behind the Scenes','2006-02-15 05:03:42'),(659,'PARK CITIZEN','A Taut Epistle of a Sumo Wrestler And a Girl who must Face a Husband in Ancient Japan',2006,1,NULL,3,'4.99',109,'14.99','PG-13','Trailers,Deleted Scenes','2006-02-15 05:03:42'),(660,'PARTY KNOCK','A Fateful Display of a Technical Writer And a Butler who must Battle a Sumo Wrestler in An Abandoned Mine Shaft',2006,1,NULL,7,'2.99',107,'11.99','PG','Trailers,Behind the Scenes','2006-02-15 05:03:42'),(661,'PAST SUICIDES','A Intrepid Tale of a Madman And a Astronaut who must Challenge a Hunter in A Monastery',2006,1,NULL,5,'4.99',157,'17.99','PG-13','Trailers,Deleted Scenes,Behind the Scenes','2006-02-15 05:03:42'),(662,'PATHS CONTROL','A Astounding Documentary of a Butler And a Cat who must Find a Frisbee in Ancient China',2006,1,NULL,3,'4.99',118,'9.99','PG','Trailers,Behind the Scenes','2006-02-15 05:03:42'),(663,'PATIENT SISTER','A Emotional Epistle of a Squirrel And a Robot who must Confront a Lumberjack in Soviet Georgia',2006,1,NULL,7,'0.99',99,'29.99','NC-17','Trailers,Commentaries','2006-02-15 05:03:42'),(664,'PATRIOT ROMAN','A Taut Saga of a Robot And a Database Administrator who must Challenge a Astronaut in California',2006,1,NULL,6,'2.99',65,'12.99','PG','Trailers,Deleted Scenes','2006-02-15 05:03:42'),(665,'PATTON INTERVIEW','A Thrilling Documentary of a Composer And a Secret Agent who must Succumb a Cat in Berlin',2006,1,NULL,4,'2.99',175,'22.99','PG','Commentaries','2006-02-15 05:03:42'),(666,'PAYCHECK WAIT','A Awe-Inspiring Reflection of a Boy And a Man who must Discover a Moose in The Sahara Desert',2006,1,NULL,4,'4.99',145,'27.99','PG-13','Commentaries,Deleted Scenes','2006-02-15 05:03:42'),(667,'PEACH INNOCENT','A Action-Packed Drama of a Monkey And a Dentist who must Chase a Butler in Berlin',2006,1,NULL,3,'2.99',160,'20.99','PG-13','Commentaries,Behind the Scenes','2006-02-15 05:03:42'),(668,'PEAK FOREVER','A Insightful Reflection of a Boat And a Secret Agent who must Vanquish a Astronaut in An Abandoned Mine Shaft',2006,1,NULL,7,'4.99',80,'25.99','PG','Trailers,Commentaries,Deleted Scenes,Behind the Scenes','2006-02-15 05:03:42'),(669,'PEARL DESTINY','A Lacklusture Yarn of a Astronaut And a Pastry Chef who must Sink a Dog in A U-Boat',2006,1,NULL,3,'2.99',74,'10.99','NC-17','Trailers','2006-02-15 05:03:42'),(670,'PELICAN COMFORTS','A Epic Documentary of a Boy And a Monkey who must Pursue a Astronaut in Berlin',2006,1,NULL,4,'4.99',48,'17.99','PG','Commentaries,Deleted Scenes','2006-02-15 05:03:42'),(671,'PERDITION FARGO','A Fast-Paced Story of a Car And a Cat who must Outgun a Hunter in Berlin',2006,1,NULL,7,'4.99',99,'27.99','NC-17','Trailers,Behind the Scenes','2006-02-15 05:03:42'),(672,'PERFECT GROOVE','A Thrilling Yarn of a Dog And a Dog who must Build a Husband in A Baloon',2006,1,NULL,7,'2.99',82,'17.99','PG-13','Commentaries,Deleted Scenes,Behind the Scenes','2006-02-15 05:03:42'),(673,'PERSONAL LADYBUGS','A Epic Saga of a Hunter And a Technical Writer who must Conquer a Cat in Ancient Japan',2006,1,NULL,3,'0.99',118,'19.99','PG-13','Deleted Scenes,Behind the Scenes','2006-02-15 05:03:42'),(674,'PET HAUNTING','A Unbelieveable Reflection of a Explorer And a Boat who must Conquer a Woman in California',2006,1,NULL,3,'0.99',99,'11.99','PG','Trailers,Commentaries','2006-02-15 05:03:42'),(675,'PHANTOM GLORY','A Beautiful Documentary of a Astronaut And a Crocodile who must Discover a Madman in A Monastery',2006,1,NULL,6,'2.99',60,'17.99','NC-17','Commentaries,Behind the Scenes','2006-02-15 05:03:42'),(676,'PHILADELPHIA WIFE','A Taut Yarn of a Hunter And a Astronaut who must Conquer a Database Administrator in The Sahara Desert',2006,1,NULL,7,'4.99',137,'16.99','PG-13','Trailers,Commentaries,Deleted Scenes','2006-02-15 05:03:42'),(677,'PIANIST OUTFIELD','A Intrepid Story of a Boy And a Technical Writer who must Pursue a Lumberjack in A Monastery',2006,1,NULL,6,'0.99',136,'25.99','NC-17','Trailers,Commentaries,Deleted Scenes','2006-02-15 05:03:42'),(678,'PICKUP DRIVING','A Touching Documentary of a Husband And a Boat who must Meet a Pastry Chef in A Baloon Factory',2006,1,NULL,3,'2.99',77,'23.99','G','Trailers,Commentaries,Deleted Scenes,Behind the Scenes','2006-02-15 05:03:42'),(679,'PILOT HOOSIERS','A Awe-Inspiring Reflection of a Crocodile And a Sumo Wrestler who must Meet a Forensic Psychologist in An Abandoned Mine Shaft',2006,1,NULL,6,'2.99',50,'17.99','PG','Trailers,Deleted Scenes','2006-02-15 05:03:42'),(680,'PINOCCHIO SIMON','A Action-Packed Reflection of a Mad Scientist And a A Shark who must Find a Feminist in California',2006,1,NULL,4,'4.99',103,'21.99','PG','Commentaries,Behind the Scenes','2006-02-15 05:03:42'),(681,'PIRATES ROXANNE','A Stunning Drama of a Woman And a Lumberjack who must Overcome a A Shark in The Canadian Rockies',2006,1,NULL,4,'0.99',100,'20.99','PG','Commentaries,Deleted Scenes','2006-02-15 05:03:42'),(682,'PITTSBURGH HUNCHBACK','A Thrilling Epistle of a Boy And a Boat who must Find a Student in Soviet Georgia',2006,1,NULL,4,'4.99',134,'17.99','PG-13','Trailers,Deleted Scenes,Behind the Scenes','2006-02-15 05:03:42'),(683,'PITY BOUND','A Boring Panorama of a Feminist And a Moose who must Defeat a Database Administrator in Nigeria',2006,1,NULL,5,'4.99',60,'19.99','NC-17','Commentaries','2006-02-15 05:03:42'),(684,'PIZZA JUMANJI','A Epic Saga of a Cat And a Squirrel who must Outgun a Robot in A U-Boat',2006,1,NULL,4,'2.99',173,'11.99','NC-17','Commentaries','2006-02-15 05:03:42'),(685,'PLATOON INSTINCT','A Thrilling Panorama of a Man And a Woman who must Reach a Woman in Australia',2006,1,NULL,6,'4.99',132,'10.99','PG-13','Trailers,Commentaries','2006-02-15 05:03:42'),(686,'PLUTO OLEANDER','A Action-Packed Reflection of a Car And a Moose who must Outgun a Car in A Shark Tank',2006,1,NULL,5,'4.99',84,'9.99','R','Behind the Scenes','2006-02-15 05:03:42'),(687,'POCUS PULP','A Intrepid Yarn of a Frisbee And a Dog who must Build a Astronaut in A Baloon Factory',2006,1,NULL,6,'0.99',138,'15.99','NC-17','Commentaries,Deleted Scenes,Behind the Scenes','2006-02-15 05:03:42'),(688,'POLISH BROOKLYN','A Boring Character Study of a Database Administrator And a Lumberjack who must Reach a Madman in The Outback',2006,1,NULL,6,'0.99',61,'12.99','PG','Trailers,Commentaries,Deleted Scenes,Behind the Scenes','2006-02-15 05:03:42'),(689,'POLLOCK DELIVERANCE','A Intrepid Story of a Madman And a Frisbee who must Outgun a Boat in The Sahara Desert',2006,1,NULL,5,'2.99',137,'14.99','PG','Commentaries','2006-02-15 05:03:42'),(690,'POND SEATTLE','A Stunning Drama of a Teacher And a Boat who must Battle a Feminist in Ancient China',2006,1,NULL,7,'2.99',185,'25.99','PG-13','Trailers,Commentaries,Behind the Scenes','2006-02-15 05:03:42'),(691,'POSEIDON FOREVER','A Thoughtful Epistle of a Womanizer And a Monkey who must Vanquish a Dentist in A Monastery',2006,1,NULL,6,'4.99',159,'29.99','PG-13','Commentaries','2006-02-15 05:03:42'),(692,'POTLUCK MIXED','A Beautiful Story of a Dog And a Technical Writer who must Outgun a Student in A Baloon',2006,1,NULL,3,'2.99',179,'10.99','G','Behind the Scenes','2006-02-15 05:03:42'),(693,'POTTER CONNECTICUT','A Thrilling Epistle of a Frisbee And a Cat who must Fight a Technical Writer in Berlin',2006,1,NULL,5,'2.99',115,'16.99','PG','Trailers,Commentaries','2006-02-15 05:03:42'),(694,'PREJUDICE OLEANDER','A Epic Saga of a Boy And a Dentist who must Outrace a Madman in A U-Boat',2006,1,NULL,6,'4.99',98,'15.99','PG-13','Trailers,Commentaries,Deleted Scenes','2006-02-15 05:03:42'),(695,'PRESIDENT BANG','A Fateful Panorama of a Technical Writer And a Moose who must Battle a Robot in Soviet Georgia',2006,1,NULL,6,'4.99',144,'12.99','PG','Behind the Scenes','2006-02-15 05:03:42'),(696,'PRIDE ALAMO','A Thoughtful Drama of a A Shark And a Forensic Psychologist who must Vanquish a Student in Ancient India',2006,1,NULL,6,'0.99',114,'20.99','NC-17','Deleted Scenes','2006-02-15 05:03:42'),(697,'PRIMARY GLASS','A Fateful Documentary of a Pastry Chef And a Butler who must Build a Dog in The Canadian Rockies',2006,1,NULL,7,'0.99',53,'16.99','G','Trailers,Deleted Scenes,Behind the Scenes','2006-02-15 05:03:42'),(698,'PRINCESS GIANT','A Thrilling Yarn of a Pastry Chef And a Monkey who must Battle a Monkey in A Shark Tank',2006,1,NULL,3,'2.99',71,'29.99','NC-17','Trailers,Deleted Scenes','2006-02-15 05:03:42'),(699,'PRIVATE DROP','A Stunning Story of a Technical Writer And a Hunter who must Succumb a Secret Agent in A Baloon',2006,1,NULL,7,'4.99',106,'26.99','PG','Trailers','2006-02-15 05:03:42'),(700,'PRIX UNDEFEATED','A Stunning Saga of a Mad Scientist And a Boat who must Overcome a Dentist in Ancient China',2006,1,NULL,4,'2.99',115,'13.99','R','Trailers,Deleted Scenes','2006-02-15 05:03:42'),(701,'PSYCHO SHRUNK','A Amazing Panorama of a Crocodile And a Explorer who must Fight a Husband in Nigeria',2006,1,NULL,5,'2.99',155,'11.99','PG-13','Behind the Scenes','2006-02-15 05:03:42'),(702,'PULP BEVERLY','A Unbelieveable Display of a Dog And a Crocodile who must Outrace a Man in Nigeria',2006,1,NULL,4,'2.99',89,'12.99','G','Trailers,Behind the Scenes','2006-02-15 05:03:42'),(703,'PUNK DIVORCE','A Fast-Paced Tale of a Pastry Chef And a Boat who must Face a Frisbee in The Canadian Rockies',2006,1,NULL,6,'4.99',100,'18.99','PG','Trailers,Commentaries,Deleted Scenes','2006-02-15 05:03:42'),(704,'PURE RUNNER','A Thoughtful Documentary of a Student And a Madman who must Challenge a Squirrel in A Manhattan Penthouse',2006,1,NULL,3,'2.99',121,'25.99','NC-17','Trailers,Deleted Scenes','2006-02-15 05:03:42'),(705,'PURPLE MOVIE','A Boring Display of a Pastry Chef And a Sumo Wrestler who must Discover a Frisbee in An Abandoned Amusement Park',2006,1,NULL,4,'2.99',88,'9.99','R','Commentaries,Deleted Scenes','2006-02-15 05:03:42'),(706,'QUEEN LUKE','A Astounding Story of a Girl And a Boy who must Challenge a Composer in New Orleans',2006,1,NULL,5,'4.99',163,'22.99','PG','Commentaries,Deleted Scenes,Behind the Scenes','2006-02-15 05:03:42'),(707,'QUEST MUSSOLINI','A Fateful Drama of a Husband And a Sumo Wrestler who must Battle a Pastry Chef in A Baloon Factory',2006,1,NULL,5,'2.99',177,'29.99','R','Behind the Scenes','2006-02-15 05:03:42'),(708,'QUILLS BULL','A Thoughtful Story of a Pioneer And a Woman who must Reach a Moose in Australia',2006,1,NULL,4,'4.99',112,'19.99','R','Trailers,Behind the Scenes','2006-02-15 05:03:42'),(709,'RACER EGG','A Emotional Display of a Monkey And a Waitress who must Reach a Secret Agent in California',2006,1,NULL,7,'2.99',147,'19.99','NC-17','Trailers,Commentaries,Deleted Scenes','2006-02-15 05:03:42'),(710,'RAGE GAMES','A Fast-Paced Saga of a Astronaut And a Secret Agent who must Escape a Hunter in An Abandoned Amusement Park',2006,1,NULL,4,'4.99',120,'18.99','R','Trailers,Behind the Scenes','2006-02-15 05:03:42'),(711,'RAGING AIRPLANE','A Astounding Display of a Secret Agent And a Technical Writer who must Escape a Mad Scientist in A Jet Boat',2006,1,NULL,4,'4.99',154,'18.99','R','Commentaries,Deleted Scenes','2006-02-15 05:03:42'),(712,'RAIDERS ANTITRUST','A Amazing Drama of a Teacher And a Feminist who must Meet a Woman in The First Manned Space Station',2006,1,NULL,4,'0.99',82,'11.99','PG-13','Deleted Scenes','2006-02-15 05:03:42'),(713,'RAINBOW SHOCK','A Action-Packed Story of a Hunter And a Boy who must Discover a Lumberjack in Ancient India',2006,1,NULL,3,'4.99',74,'14.99','PG','Trailers,Commentaries,Deleted Scenes,Behind the Scenes','2006-02-15 05:03:42'),(714,'RANDOM GO','A Fateful Drama of a Frisbee And a Student who must Confront a Cat in A Shark Tank',2006,1,NULL,6,'2.99',73,'29.99','NC-17','Trailers','2006-02-15 05:03:42'),(715,'RANGE MOONWALKER','A Insightful Documentary of a Hunter And a Dentist who must Confront a Crocodile in A Baloon',2006,1,NULL,3,'4.99',147,'25.99','PG','Trailers,Commentaries,Deleted Scenes','2006-02-15 05:03:42'),(716,'REAP UNFAITHFUL','A Thrilling Epistle of a Composer And a Sumo Wrestler who must Challenge a Mad Cow in A MySQL Convention',2006,1,NULL,6,'2.99',136,'26.99','PG-13','Trailers,Commentaries','2006-02-15 05:03:42'),(717,'REAR TRADING','A Awe-Inspiring Reflection of a Forensic Psychologist And a Secret Agent who must Succumb a Pastry Chef in Soviet Georgia',2006,1,NULL,6,'0.99',97,'23.99','NC-17','Trailers,Commentaries,Deleted Scenes','2006-02-15 05:03:42'),(718,'REBEL AIRPORT','A Intrepid Yarn of a Database Administrator And a Boat who must Outrace a Husband in Ancient India',2006,1,NULL,7,'0.99',73,'24.99','G','Trailers,Behind the Scenes','2006-02-15 05:03:42'),(719,'RECORDS ZORRO','A Amazing Drama of a Mad Scientist And a Composer who must Build a Husband in The Outback',2006,1,NULL,7,'4.99',182,'11.99','PG','Behind the Scenes','2006-02-15 05:03:42'),(720,'REDEMPTION COMFORTS','A Emotional Documentary of a Dentist And a Woman who must Battle a Mad Scientist in Ancient China',2006,1,NULL,3,'2.99',179,'20.99','NC-17','Trailers,Deleted Scenes,Behind the Scenes','2006-02-15 05:03:42'),(721,'REDS POCUS','A Lacklusture Yarn of a Sumo Wrestler And a Squirrel who must Redeem a Monkey in Soviet Georgia',2006,1,NULL,7,'4.99',182,'23.99','PG-13','Trailers,Behind the Scenes','2006-02-15 05:03:42'),(722,'REEF SALUTE','A Action-Packed Saga of a Teacher And a Lumberjack who must Battle a Dentist in A Baloon',2006,1,NULL,5,'0.99',123,'26.99','NC-17','Behind the Scenes','2006-02-15 05:03:42'),(723,'REIGN GENTLEMEN','A Emotional Yarn of a Composer And a Man who must Escape a Butler in The Gulf of Mexico',2006,1,NULL,3,'2.99',82,'29.99','PG-13','Deleted Scenes,Behind the Scenes','2006-02-15 05:03:42'),(724,'REMEMBER DIARY','A Insightful Tale of a Technical Writer And a Waitress who must Conquer a Monkey in Ancient India',2006,1,NULL,5,'2.99',110,'15.99','R','Trailers,Commentaries','2006-02-15 05:03:42'),(725,'REQUIEM TYCOON','A Unbelieveable Character Study of a Cat And a Database Administrator who must Pursue a Teacher in A Monastery',2006,1,NULL,6,'4.99',167,'25.99','R','Trailers,Commentaries,Behind the Scenes','2006-02-15 05:03:42'),(726,'RESERVOIR ADAPTATION','A Intrepid Drama of a Teacher And a Moose who must Kill a Car in California',2006,1,NULL,7,'2.99',61,'29.99','PG-13','Commentaries','2006-02-15 05:03:42'),(727,'RESURRECTION SILVERADO','A Epic Yarn of a Robot And a Explorer who must Challenge a Girl in A MySQL Convention',2006,1,NULL,6,'0.99',117,'12.99','PG','Trailers,Deleted Scenes','2006-02-15 05:03:42'),(728,'REUNION WITCHES','A Unbelieveable Documentary of a Database Administrator And a Frisbee who must Redeem a Mad Scientist in A Baloon Factory',2006,1,NULL,3,'0.99',63,'26.99','R','Commentaries','2006-02-15 05:03:42'),(729,'RIDER CADDYSHACK','A Taut Reflection of a Monkey And a Womanizer who must Chase a Moose in Nigeria',2006,1,NULL,5,'2.99',177,'28.99','PG','Commentaries,Behind the Scenes','2006-02-15 05:03:42'),(730,'RIDGEMONT SUBMARINE','A Unbelieveable Drama of a Waitress And a Composer who must Sink a Mad Cow in Ancient Japan',2006,1,NULL,3,'0.99',46,'28.99','PG-13','Commentaries,Deleted Scenes,Behind the Scenes','2006-02-15 05:03:42'),(731,'RIGHT CRANES','A Fateful Character Study of a Boat And a Cat who must Find a Database Administrator in A Jet Boat',2006,1,NULL,7,'4.99',153,'29.99','PG-13','Trailers,Commentaries,Deleted Scenes','2006-02-15 05:03:42'),(732,'RINGS HEARTBREAKERS','A Amazing Yarn of a Sumo Wrestler And a Boat who must Conquer a Waitress in New Orleans',2006,1,NULL,5,'0.99',58,'17.99','G','Trailers,Commentaries,Behind the Scenes','2006-02-15 05:03:42'),(733,'RIVER OUTLAW','A Thrilling Character Study of a Squirrel And a Lumberjack who must Face a Hunter in A MySQL Convention',2006,1,NULL,4,'0.99',149,'29.99','PG-13','Commentaries','2006-02-15 05:03:42'),(734,'ROAD ROXANNE','A Boring Character Study of a Waitress And a Astronaut who must Fight a Crocodile in Ancient Japan',2006,1,NULL,4,'4.99',158,'12.99','R','Behind the Scenes','2006-02-15 05:03:42'),(735,'ROBBERS JOON','A Thoughtful Story of a Mad Scientist And a Waitress who must Confront a Forensic Psychologist in Soviet Georgia',2006,1,NULL,7,'2.99',102,'26.99','PG-13','Commentaries','2006-02-15 05:03:42'),(736,'ROBBERY BRIGHT','A Taut Reflection of a Robot And a Squirrel who must Fight a Boat in Ancient Japan',2006,1,NULL,4,'0.99',134,'21.99','R','Trailers','2006-02-15 05:03:42'),(737,'ROCK INSTINCT','A Astounding Character Study of a Robot And a Moose who must Overcome a Astronaut in Ancient India',2006,1,NULL,4,'0.99',102,'28.99','G','Trailers,Commentaries,Deleted Scenes,Behind the Scenes','2006-02-15 05:03:42'),(738,'ROCKETEER MOTHER','A Awe-Inspiring Character Study of a Robot And a Sumo Wrestler who must Discover a Womanizer in A Shark Tank',2006,1,NULL,3,'0.99',178,'27.99','PG-13','Deleted Scenes,Behind the Scenes','2006-02-15 05:03:42'),(739,'ROCKY WAR','A Fast-Paced Display of a Squirrel And a Explorer who must Outgun a Mad Scientist in Nigeria',2006,1,NULL,4,'4.99',145,'17.99','PG-13','Trailers,Commentaries,Behind the Scenes','2006-02-15 05:03:42'),(740,'ROLLERCOASTER BRINGING','A Beautiful Drama of a Robot And a Lumberjack who must Discover a Technical Writer in A Shark Tank',2006,1,NULL,5,'2.99',153,'13.99','PG-13','Trailers,Commentaries,Deleted Scenes','2006-02-15 05:03:42'),(741,'ROMAN PUNK','A Thoughtful Panorama of a Mad Cow And a Student who must Battle a Forensic Psychologist in Berlin',2006,1,NULL,7,'0.99',81,'28.99','NC-17','Trailers','2006-02-15 05:03:42'),(742,'ROOF CHAMPION','A Lacklusture Reflection of a Car And a Explorer who must Find a Monkey in A Baloon',2006,1,NULL,7,'0.99',101,'25.99','R','Deleted Scenes,Behind the Scenes','2006-02-15 05:03:42'),(743,'ROOM ROMAN','A Awe-Inspiring Panorama of a Composer And a Secret Agent who must Sink a Composer in A Shark Tank',2006,1,NULL,7,'0.99',60,'27.99','PG','Trailers,Deleted Scenes,Behind the Scenes','2006-02-15 05:03:42'),(744,'ROOTS REMEMBER','A Brilliant Drama of a Mad Cow And a Hunter who must Escape a Hunter in Berlin',2006,1,NULL,4,'0.99',89,'23.99','PG-13','Commentaries,Deleted Scenes,Behind the Scenes','2006-02-15 05:03:42'),(745,'ROSES TREASURE','A Astounding Panorama of a Monkey And a Secret Agent who must Defeat a Woman in The First Manned Space Station',2006,1,NULL,5,'4.99',162,'23.99','PG-13','Commentaries,Deleted Scenes,Behind the Scenes','2006-02-15 05:03:42'),(746,'ROUGE SQUAD','A Awe-Inspiring Drama of a Astronaut And a Frisbee who must Conquer a Mad Scientist in Australia',2006,1,NULL,3,'0.99',118,'10.99','NC-17','Commentaries,Deleted Scenes,Behind the Scenes','2006-02-15 05:03:42'),(747,'ROXANNE REBEL','A Astounding Story of a Pastry Chef And a Database Administrator who must Fight a Man in The Outback',2006,1,NULL,5,'0.99',171,'9.99','R','Deleted Scenes,Behind the Scenes','2006-02-15 05:03:42'),(748,'RUGRATS SHAKESPEARE','A Touching Saga of a Crocodile And a Crocodile who must Discover a Technical Writer in Nigeria',2006,1,NULL,4,'0.99',109,'16.99','PG-13','Trailers,Commentaries,Deleted Scenes,Behind the Scenes','2006-02-15 05:03:42'),(749,'RULES HUMAN','A Beautiful Epistle of a Astronaut And a Student who must Confront a Monkey in An Abandoned Fun House',2006,1,NULL,6,'4.99',153,'19.99','R','Deleted Scenes,Behind the Scenes','2006-02-15 05:03:42'),(750,'RUN PACIFIC','A Touching Tale of a Cat And a Pastry Chef who must Conquer a Pastry Chef in A MySQL Convention',2006,1,NULL,3,'0.99',145,'25.99','R','Commentaries,Deleted Scenes,Behind the Scenes','2006-02-15 05:03:42'),(751,'RUNAWAY TENENBAUMS','A Thoughtful Documentary of a Boat And a Man who must Meet a Boat in An Abandoned Fun House',2006,1,NULL,6,'0.99',181,'17.99','NC-17','Commentaries','2006-02-15 05:03:42'),(752,'RUNNER MADIGAN','A Thoughtful Documentary of a Crocodile And a Robot who must Outrace a Womanizer in The Outback',2006,1,NULL,6,'0.99',101,'27.99','NC-17','Commentaries,Deleted Scenes,Behind the Scenes','2006-02-15 05:03:42'),(753,'RUSH GOODFELLAS','A Emotional Display of a Man And a Dentist who must Challenge a Squirrel in Australia',2006,1,NULL,3,'0.99',48,'20.99','PG','Deleted Scenes','2006-02-15 05:03:42'),(754,'RUSHMORE MERMAID','A Boring Story of a Woman And a Moose who must Reach a Husband in A Shark Tank',2006,1,NULL,6,'2.99',150,'17.99','PG-13','Trailers,Commentaries,Deleted Scenes','2006-02-15 05:03:42'),(755,'SABRINA MIDNIGHT','A Emotional Story of a Squirrel And a Crocodile who must Succumb a Husband in The Sahara Desert',2006,1,NULL,5,'4.99',99,'11.99','PG','Trailers,Behind the Scenes','2006-02-15 05:03:42'),(756,'SADDLE ANTITRUST','A Stunning Epistle of a Feminist And a A Shark who must Battle a Woman in An Abandoned Fun House',2006,1,NULL,7,'2.99',80,'10.99','PG-13','Trailers,Deleted Scenes','2006-02-15 05:03:42'),(757,'SAGEBRUSH CLUELESS','A Insightful Story of a Lumberjack And a Hunter who must Kill a Boy in Ancient Japan',2006,1,NULL,4,'2.99',106,'28.99','G','Trailers','2006-02-15 05:03:42'),(758,'SAINTS BRIDE','A Fateful Tale of a Technical Writer And a Composer who must Pursue a Explorer in The Gulf of Mexico',2006,1,NULL,5,'2.99',125,'11.99','G','Deleted Scenes','2006-02-15 05:03:42'),(759,'SALUTE APOLLO','A Awe-Inspiring Character Study of a Boy And a Feminist who must Sink a Crocodile in Ancient China',2006,1,NULL,4,'2.99',73,'29.99','R','Trailers,Commentaries,Deleted Scenes,Behind the Scenes','2006-02-15 05:03:42'),(760,'SAMURAI LION','A Fast-Paced Story of a Pioneer And a Astronaut who must Reach a Boat in A Baloon',2006,1,NULL,5,'2.99',110,'21.99','G','Commentaries','2006-02-15 05:03:42'),(761,'SANTA PARIS','A Emotional Documentary of a Moose And a Car who must Redeem a Mad Cow in A Baloon Factory',2006,1,NULL,7,'2.99',154,'23.99','PG','Commentaries,Behind the Scenes','2006-02-15 05:03:42'),(762,'SASSY PACKER','A Fast-Paced Documentary of a Dog And a Teacher who must Find a Moose in A Manhattan Penthouse',2006,1,NULL,6,'0.99',154,'29.99','G','Deleted Scenes,Behind the Scenes','2006-02-15 05:03:42'),(763,'SATISFACTION CONFIDENTIAL','A Lacklusture Yarn of a Dentist And a Butler who must Meet a Secret Agent in Ancient China',2006,1,NULL,3,'4.99',75,'26.99','G','Commentaries,Deleted Scenes,Behind the Scenes','2006-02-15 05:03:42'),(764,'SATURDAY LAMBS','A Thoughtful Reflection of a Mad Scientist And a Moose who must Kill a Husband in A Baloon',2006,1,NULL,3,'4.99',150,'28.99','G','Commentaries,Deleted Scenes','2006-02-15 05:03:42'),(765,'SATURN NAME','A Fateful Epistle of a Butler And a Boy who must Redeem a Teacher in Berlin',2006,1,NULL,7,'4.99',182,'18.99','R','Trailers,Commentaries,Deleted Scenes,Behind the Scenes','2006-02-15 05:03:42'),(766,'SAVANNAH TOWN','A Awe-Inspiring Tale of a Astronaut And a Database Administrator who must Chase a Secret Agent in The Gulf of Mexico',2006,1,NULL,5,'0.99',84,'25.99','PG-13','Commentaries,Deleted Scenes,Behind the Scenes','2006-02-15 05:03:42'),(767,'SCALAWAG DUCK','A Fateful Reflection of a Car And a Teacher who must Confront a Waitress in A Monastery',2006,1,NULL,6,'4.99',183,'13.99','NC-17','Commentaries,Behind the Scenes','2006-02-15 05:03:42'),(768,'SCARFACE BANG','A Emotional Yarn of a Teacher And a Girl who must Find a Teacher in A Baloon Factory',2006,1,NULL,3,'4.99',102,'11.99','PG-13','Commentaries,Deleted Scenes','2006-02-15 05:03:42'),(769,'SCHOOL JACKET','A Intrepid Yarn of a Monkey And a Boy who must Fight a Composer in A Manhattan Penthouse',2006,1,NULL,5,'4.99',151,'21.99','PG-13','Trailers','2006-02-15 05:03:42'),(770,'SCISSORHANDS SLUMS','A Awe-Inspiring Drama of a Girl And a Technical Writer who must Meet a Feminist in The Canadian Rockies',2006,1,NULL,5,'2.99',147,'13.99','G','Commentaries,Deleted Scenes,Behind the Scenes','2006-02-15 05:03:42'),(771,'SCORPION APOLLO','A Awe-Inspiring Documentary of a Technical Writer And a Husband who must Meet a Monkey in An Abandoned Fun House',2006,1,NULL,3,'4.99',137,'23.99','NC-17','Commentaries,Deleted Scenes','2006-02-15 05:03:42'),(772,'SEA VIRGIN','A Fast-Paced Documentary of a Technical Writer And a Pastry Chef who must Escape a Moose in A U-Boat',2006,1,NULL,4,'2.99',80,'24.99','PG','Deleted Scenes','2006-02-15 05:03:42'),(773,'SEABISCUIT PUNK','A Insightful Saga of a Man And a Forensic Psychologist who must Discover a Mad Cow in A MySQL Convention',2006,1,NULL,6,'2.99',112,'28.99','NC-17','Commentaries,Deleted Scenes,Behind the Scenes','2006-02-15 05:03:42'),(774,'SEARCHERS WAIT','A Fast-Paced Tale of a Car And a Mad Scientist who must Kill a Womanizer in Ancient Japan',2006,1,NULL,3,'2.99',182,'22.99','NC-17','Trailers,Commentaries,Deleted Scenes,Behind the Scenes','2006-02-15 05:03:42'),(775,'SEATTLE EXPECATIONS','A Insightful Reflection of a Crocodile And a Sumo Wrestler who must Meet a Technical Writer in The Sahara Desert',2006,1,NULL,4,'4.99',110,'18.99','PG-13','Trailers','2006-02-15 05:03:42'),(776,'SECRET GROUNDHOG','A Astounding Story of a Cat And a Database Administrator who must Build a Technical Writer in New Orleans',2006,1,NULL,6,'4.99',90,'11.99','PG','Commentaries,Deleted Scenes','2006-02-15 05:03:42'),(777,'SECRETARY ROUGE','A Action-Packed Panorama of a Mad Cow And a Composer who must Discover a Robot in A Baloon Factory',2006,1,NULL,5,'4.99',158,'10.99','PG','Commentaries,Behind the Scenes','2006-02-15 05:03:42'),(778,'SECRETS PARADISE','A Fateful Saga of a Cat And a Frisbee who must Kill a Girl in A Manhattan Penthouse',2006,1,NULL,3,'4.99',109,'24.99','G','Trailers,Commentaries','2006-02-15 05:03:42'),(779,'SENSE GREEK','A Taut Saga of a Lumberjack And a Pastry Chef who must Escape a Sumo Wrestler in An Abandoned Fun House',2006,1,NULL,4,'4.99',54,'23.99','R','Deleted Scenes,Behind the Scenes','2006-02-15 05:03:42'),(780,'SENSIBILITY REAR','A Emotional Tale of a Robot And a Sumo Wrestler who must Redeem a Pastry Chef in A Baloon Factory',2006,1,NULL,7,'4.99',98,'15.99','PG','Behind the Scenes','2006-02-15 05:03:42'),(781,'SEVEN SWARM','A Unbelieveable Character Study of a Dog And a Mad Cow who must Kill a Monkey in Berlin',2006,1,NULL,4,'4.99',127,'15.99','R','Deleted Scenes','2006-02-15 05:03:42'),(782,'SHAKESPEARE SADDLE','A Fast-Paced Panorama of a Lumberjack And a Database Administrator who must Defeat a Madman in A MySQL Convention',2006,1,NULL,6,'2.99',60,'26.99','PG-13','Commentaries,Behind the Scenes','2006-02-15 05:03:42'),(783,'SHANE DARKNESS','A Action-Packed Saga of a Moose And a Lumberjack who must Find a Woman in Berlin',2006,1,NULL,5,'2.99',93,'22.99','PG','Commentaries,Deleted Scenes','2006-02-15 05:03:42'),(784,'SHANGHAI TYCOON','A Fast-Paced Character Study of a Crocodile And a Lumberjack who must Build a Husband in An Abandoned Fun House',2006,1,NULL,7,'2.99',47,'20.99','PG','Commentaries,Deleted Scenes,Behind the Scenes','2006-02-15 05:03:42'),(785,'SHAWSHANK BUBBLE','A Lacklusture Story of a Moose And a Monkey who must Confront a Butler in An Abandoned Amusement Park',2006,1,NULL,6,'4.99',80,'20.99','PG','Commentaries,Deleted Scenes','2006-02-15 05:03:42'),(786,'SHEPHERD MIDSUMMER','A Thoughtful Drama of a Robot And a Womanizer who must Kill a Lumberjack in A Baloon',2006,1,NULL,7,'0.99',113,'14.99','R','Deleted Scenes','2006-02-15 05:03:42'),(787,'SHINING ROSES','A Awe-Inspiring Character Study of a Astronaut And a Forensic Psychologist who must Challenge a Madman in Ancient India',2006,1,NULL,4,'0.99',125,'12.99','G','Trailers,Commentaries,Deleted Scenes,Behind the Scenes','2006-02-15 05:03:42'),(788,'SHIP WONDERLAND','A Thrilling Saga of a Monkey And a Frisbee who must Escape a Explorer in The Outback',2006,1,NULL,5,'2.99',104,'15.99','R','Commentaries','2006-02-15 05:03:42'),(789,'SHOCK CABIN','A Fateful Tale of a Mad Cow And a Crocodile who must Meet a Husband in New Orleans',2006,1,NULL,7,'2.99',79,'15.99','PG-13','Trailers,Commentaries,Behind the Scenes','2006-02-15 05:03:42'),(790,'SHOOTIST SUPERFLY','A Fast-Paced Story of a Crocodile And a A Shark who must Sink a Pioneer in Berlin',2006,1,NULL,6,'0.99',67,'22.99','PG-13','Trailers','2006-02-15 05:03:42'),(791,'SHOW LORD','A Fanciful Saga of a Student And a Girl who must Find a Butler in Ancient Japan',2006,1,NULL,3,'4.99',167,'24.99','PG-13','Deleted Scenes','2006-02-15 05:03:42'),(792,'SHREK LICENSE','A Fateful Yarn of a Secret Agent And a Feminist who must Find a Feminist in A Jet Boat',2006,1,NULL,7,'2.99',154,'15.99','PG-13','Commentaries','2006-02-15 05:03:42'),(793,'SHRUNK DIVINE','A Fateful Character Study of a Waitress And a Technical Writer who must Battle a Hunter in A Baloon',2006,1,NULL,6,'2.99',139,'14.99','R','Trailers,Deleted Scenes,Behind the Scenes','2006-02-15 05:03:42'),(794,'SIDE ARK','A Stunning Panorama of a Crocodile And a Womanizer who must Meet a Feminist in The Canadian Rockies',2006,1,NULL,5,'0.99',52,'28.99','G','Deleted Scenes,Behind the Scenes','2006-02-15 05:03:42'),(795,'SIEGE MADRE','A Boring Tale of a Frisbee And a Crocodile who must Vanquish a Moose in An Abandoned Mine Shaft',2006,1,NULL,7,'0.99',111,'23.99','R','Trailers,Deleted Scenes','2006-02-15 05:03:42'),(796,'SIERRA DIVIDE','A Emotional Character Study of a Frisbee And a Mad Scientist who must Build a Madman in California',2006,1,NULL,3,'0.99',135,'12.99','NC-17','Commentaries,Deleted Scenes','2006-02-15 05:03:42'),(797,'SILENCE KANE','A Emotional Drama of a Sumo Wrestler And a Dentist who must Confront a Sumo Wrestler in A Baloon',2006,1,NULL,7,'0.99',67,'23.99','R','Trailers,Deleted Scenes,Behind the Scenes','2006-02-15 05:03:42'),(798,'SILVERADO GOLDFINGER','A Stunning Epistle of a Sumo Wrestler And a Man who must Challenge a Waitress in Ancient India',2006,1,NULL,4,'4.99',74,'11.99','PG','Trailers,Commentaries','2006-02-15 05:03:42'),(799,'SIMON NORTH','A Thrilling Documentary of a Technical Writer And a A Shark who must Face a Pioneer in A Shark Tank',2006,1,NULL,3,'0.99',51,'26.99','NC-17','Trailers,Commentaries','2006-02-15 05:03:42'),(800,'SINNERS ATLANTIS','A Epic Display of a Dog And a Boat who must Succumb a Mad Scientist in An Abandoned Mine Shaft',2006,1,NULL,7,'2.99',126,'19.99','PG-13','Trailers,Commentaries,Deleted Scenes','2006-02-15 05:03:42'),(801,'SISTER FREDDY','A Stunning Saga of a Butler And a Woman who must Pursue a Explorer in Australia',2006,1,NULL,5,'4.99',152,'19.99','PG-13','Trailers,Behind the Scenes','2006-02-15 05:03:42'),(802,'SKY MIRACLE','A Epic Drama of a Mad Scientist And a Explorer who must Succumb a Waitress in An Abandoned Fun House',2006,1,NULL,7,'2.99',132,'15.99','PG','Trailers,Commentaries,Deleted Scenes','2006-02-15 05:03:42'),(803,'SLACKER LIAISONS','A Fast-Paced Tale of a A Shark And a Student who must Meet a Crocodile in Ancient China',2006,1,NULL,7,'4.99',179,'29.99','R','Trailers,Commentaries,Behind the Scenes','2006-02-15 05:03:42'),(804,'SLEEPING SUSPECTS','A Stunning Reflection of a Sumo Wrestler And a Explorer who must Sink a Frisbee in A MySQL Convention',2006,1,NULL,7,'4.99',129,'13.99','PG-13','Trailers,Commentaries','2006-02-15 05:03:42'),(805,'SLEEPLESS MONSOON','A Amazing Saga of a Moose And a Pastry Chef who must Escape a Butler in Australia',2006,1,NULL,5,'4.99',64,'12.99','G','Trailers,Deleted Scenes,Behind the Scenes','2006-02-15 05:03:42'),(806,'SLEEPY JAPANESE','A Emotional Epistle of a Moose And a Composer who must Fight a Technical Writer in The Outback',2006,1,NULL,4,'2.99',137,'25.99','PG','Trailers,Commentaries,Deleted Scenes','2006-02-15 05:03:42'),(807,'SLEUTH ORIENT','A Fateful Character Study of a Husband And a Dog who must Find a Feminist in Ancient India',2006,1,NULL,4,'0.99',87,'25.99','NC-17','Deleted Scenes,Behind the Scenes','2006-02-15 05:03:42'),(808,'SLING LUKE','A Intrepid Character Study of a Robot And a Monkey who must Reach a Secret Agent in An Abandoned Amusement Park',2006,1,NULL,5,'0.99',84,'10.99','R','Behind the Scenes','2006-02-15 05:03:42'),(809,'SLIPPER FIDELITY','A Taut Reflection of a Secret Agent And a Man who must Redeem a Explorer in A MySQL Convention',2006,1,NULL,5,'0.99',156,'14.99','PG-13','Trailers,Deleted Scenes','2006-02-15 05:03:42'),(810,'SLUMS DUCK','A Amazing Character Study of a Teacher And a Database Administrator who must Defeat a Waitress in A Jet Boat',2006,1,NULL,5,'0.99',147,'21.99','PG','Commentaries,Deleted Scenes,Behind the Scenes','2006-02-15 05:03:42'),(811,'SMILE EARRING','A Intrepid Drama of a Teacher And a Butler who must Build a Pastry Chef in Berlin',2006,1,NULL,4,'2.99',60,'29.99','G','Commentaries,Behind the Scenes','2006-02-15 05:03:42'),(812,'SMOKING BARBARELLA','A Lacklusture Saga of a Mad Cow And a Mad Scientist who must Sink a Cat in A MySQL Convention',2006,1,NULL,7,'0.99',50,'13.99','PG-13','Behind the Scenes','2006-02-15 05:03:42'),(813,'SMOOCHY CONTROL','A Thrilling Documentary of a Husband And a Feminist who must Face a Mad Scientist in Ancient China',2006,1,NULL,7,'0.99',184,'18.99','R','Behind the Scenes','2006-02-15 05:03:42'),(814,'SNATCH SLIPPER','A Insightful Panorama of a Woman And a Feminist who must Defeat a Forensic Psychologist in Berlin',2006,1,NULL,6,'4.99',110,'15.99','PG','Commentaries','2006-02-15 05:03:42'),(815,'SNATCHERS MONTEZUMA','A Boring Epistle of a Sumo Wrestler And a Woman who must Escape a Man in The Canadian Rockies',2006,1,NULL,4,'2.99',74,'14.99','PG-13','Commentaries','2006-02-15 05:03:42'),(816,'SNOWMAN ROLLERCOASTER','A Fateful Display of a Lumberjack And a Girl who must Succumb a Mad Cow in A Manhattan Penthouse',2006,1,NULL,3,'0.99',62,'27.99','G','Trailers','2006-02-15 05:03:42'),(817,'SOLDIERS EVOLUTION','A Lacklusture Panorama of a A Shark And a Pioneer who must Confront a Student in The First Manned Space Station',2006,1,NULL,7,'4.99',185,'27.99','R','Trailers,Commentaries,Deleted Scenes,Behind the Scenes','2006-02-15 05:03:42'),(818,'SOMETHING DUCK','A Boring Character Study of a Car And a Husband who must Outgun a Frisbee in The First Manned Space Station',2006,1,NULL,4,'4.99',180,'17.99','NC-17','Commentaries,Behind the Scenes','2006-02-15 05:03:42'),(819,'SONG HEDWIG','A Amazing Documentary of a Man And a Husband who must Confront a Squirrel in A MySQL Convention',2006,1,NULL,3,'0.99',165,'29.99','PG-13','Trailers,Deleted Scenes','2006-02-15 05:03:42'),(820,'SONS INTERVIEW','A Taut Character Study of a Explorer And a Mad Cow who must Battle a Hunter in Ancient China',2006,1,NULL,3,'2.99',184,'11.99','NC-17','Commentaries,Behind the Scenes','2006-02-15 05:03:42'),(821,'SORORITY QUEEN','A Fast-Paced Display of a Squirrel And a Composer who must Fight a Forensic Psychologist in A Jet Boat',2006,1,NULL,6,'0.99',184,'17.99','NC-17','Trailers,Deleted Scenes','2006-02-15 05:03:42'),(822,'SOUP WISDOM','A Fast-Paced Display of a Robot And a Butler who must Defeat a Butler in A MySQL Convention',2006,1,NULL,6,'0.99',169,'12.99','R','Behind the Scenes','2006-02-15 05:03:42'),(823,'SOUTH WAIT','A Amazing Documentary of a Car And a Robot who must Escape a Lumberjack in An Abandoned Amusement Park',2006,1,NULL,4,'2.99',143,'21.99','R','Commentaries,Behind the Scenes','2006-02-15 05:03:42'),(824,'SPARTACUS CHEAPER','A Thrilling Panorama of a Pastry Chef And a Secret Agent who must Overcome a Student in A Manhattan Penthouse',2006,1,NULL,4,'4.99',52,'19.99','NC-17','Deleted Scenes,Behind the Scenes','2006-02-15 05:03:42'),(825,'SPEAKEASY DATE','A Lacklusture Drama of a Forensic Psychologist And a Car who must Redeem a Man in A Manhattan Penthouse',2006,1,NULL,6,'2.99',165,'22.99','PG-13','Deleted Scenes,Behind the Scenes','2006-02-15 05:03:42'),(826,'SPEED SUIT','A Brilliant Display of a Frisbee And a Mad Scientist who must Succumb a Robot in Ancient China',2006,1,NULL,7,'4.99',124,'19.99','PG-13','Commentaries,Behind the Scenes','2006-02-15 05:03:42'),(827,'SPICE SORORITY','A Fateful Display of a Pioneer And a Hunter who must Defeat a Husband in An Abandoned Mine Shaft',2006,1,NULL,5,'4.99',141,'22.99','NC-17','Trailers,Commentaries,Deleted Scenes,Behind the Scenes','2006-02-15 05:03:42'),(828,'SPIKING ELEMENT','A Lacklusture Epistle of a Dentist And a Technical Writer who must Find a Dog in A Monastery',2006,1,NULL,7,'2.99',79,'12.99','G','Trailers,Deleted Scenes,Behind the Scenes','2006-02-15 05:03:42'),(829,'SPINAL ROCKY','A Lacklusture Epistle of a Sumo Wrestler And a Squirrel who must Defeat a Explorer in California',2006,1,NULL,7,'2.99',138,'12.99','PG-13','Commentaries,Deleted Scenes','2006-02-15 05:03:42'),(830,'SPIRIT FLINTSTONES','A Brilliant Yarn of a Cat And a Car who must Confront a Explorer in Ancient Japan',2006,1,NULL,7,'0.99',149,'23.99','R','Commentaries,Deleted Scenes','2006-02-15 05:03:42'),(831,'SPIRITED CASUALTIES','A Taut Story of a Waitress And a Man who must Face a Car in A Baloon Factory',2006,1,NULL,5,'0.99',138,'20.99','PG-13','Commentaries,Behind the Scenes','2006-02-15 05:03:42'),(832,'SPLASH GUMP','A Taut Saga of a Crocodile And a Boat who must Conquer a Hunter in A Shark Tank',2006,1,NULL,5,'0.99',175,'16.99','PG','Trailers,Commentaries,Deleted Scenes,Behind the Scenes','2006-02-15 05:03:42'),(833,'SPLENDOR PATTON','A Taut Story of a Dog And a Explorer who must Find a Astronaut in Berlin',2006,1,NULL,5,'0.99',134,'20.99','R','Trailers,Commentaries,Deleted Scenes,Behind the Scenes','2006-02-15 05:03:42'),(834,'SPOILERS HELLFIGHTERS','A Fanciful Story of a Technical Writer And a Squirrel who must Defeat a Dog in The Gulf of Mexico',2006,1,NULL,4,'0.99',151,'26.99','G','Trailers,Commentaries,Deleted Scenes,Behind the Scenes','2006-02-15 05:03:42'),(835,'SPY MILE','A Thrilling Documentary of a Feminist And a Feminist who must Confront a Feminist in A Baloon',2006,1,NULL,6,'2.99',112,'13.99','PG-13','Trailers,Commentaries,Deleted Scenes,Behind the Scenes','2006-02-15 05:03:42'),(836,'SQUAD FISH','A Fast-Paced Display of a Pastry Chef And a Dog who must Kill a Teacher in Berlin',2006,1,NULL,3,'2.99',136,'14.99','PG','Commentaries,Deleted Scenes,Behind the Scenes','2006-02-15 05:03:42'),(837,'STAGE WORLD','A Lacklusture Panorama of a Woman And a Frisbee who must Chase a Crocodile in A Jet Boat',2006,1,NULL,4,'2.99',85,'19.99','PG','Commentaries,Behind the Scenes','2006-02-15 05:03:42'),(838,'STAGECOACH ARMAGEDDON','A Touching Display of a Pioneer And a Butler who must Chase a Car in California',2006,1,NULL,5,'4.99',112,'25.99','R','Trailers,Deleted Scenes','2006-02-15 05:03:42'),(839,'STALLION SUNDANCE','A Fast-Paced Tale of a Car And a Dog who must Outgun a A Shark in Australia',2006,1,NULL,5,'0.99',130,'23.99','PG-13','Deleted Scenes,Behind the Scenes','2006-02-15 05:03:42'),(840,'STAMPEDE DISTURBING','A Unbelieveable Tale of a Woman And a Lumberjack who must Fight a Frisbee in A U-Boat',2006,1,NULL,5,'0.99',75,'26.99','R','Commentaries,Deleted Scenes,Behind the Scenes','2006-02-15 05:03:42'),(841,'STAR OPERATION','A Insightful Character Study of a Girl And a Car who must Pursue a Mad Cow in A Shark Tank',2006,1,NULL,5,'2.99',181,'9.99','PG','Commentaries','2006-02-15 05:03:42'),(842,'STATE WASTELAND','A Beautiful Display of a Cat And a Pastry Chef who must Outrace a Mad Cow in A Jet Boat',2006,1,NULL,4,'2.99',113,'13.99','NC-17','Trailers,Commentaries,Deleted Scenes,Behind the Scenes','2006-02-15 05:03:42'),(843,'STEEL SANTA','A Fast-Paced Yarn of a Composer And a Frisbee who must Face a Moose in Nigeria',2006,1,NULL,4,'4.99',143,'15.99','NC-17','Commentaries,Deleted Scenes','2006-02-15 05:03:42'),(844,'STEERS ARMAGEDDON','A Stunning Character Study of a Car And a Girl who must Succumb a Car in A MySQL Convention',2006,1,NULL,6,'4.99',140,'16.99','PG','Trailers,Commentaries,Deleted Scenes,Behind the Scenes','2006-02-15 05:03:42'),(845,'STEPMOM DREAM','A Touching Epistle of a Crocodile And a Teacher who must Build a Forensic Psychologist in A MySQL Convention',2006,1,NULL,7,'4.99',48,'9.99','NC-17','Deleted Scenes,Behind the Scenes','2006-02-15 05:03:42'),(846,'STING PERSONAL','A Fanciful Drama of a Frisbee And a Dog who must Fight a Madman in A Jet Boat',2006,1,NULL,3,'4.99',93,'9.99','NC-17','Commentaries,Deleted Scenes,Behind the Scenes','2006-02-15 05:03:42'),(847,'STOCK GLASS','A Boring Epistle of a Crocodile And a Lumberjack who must Outgun a Moose in Ancient China',2006,1,NULL,7,'2.99',160,'10.99','PG','Commentaries','2006-02-15 05:03:42'),(848,'STONE FIRE','A Intrepid Drama of a Astronaut And a Crocodile who must Find a Boat in Soviet Georgia',2006,1,NULL,3,'0.99',94,'19.99','G','Trailers','2006-02-15 05:03:42'),(849,'STORM HAPPINESS','A Insightful Drama of a Feminist And a A Shark who must Vanquish a Boat in A Shark Tank',2006,1,NULL,6,'0.99',57,'28.99','NC-17','Trailers,Commentaries,Behind the Scenes','2006-02-15 05:03:42'),(850,'STORY SIDE','A Lacklusture Saga of a Boy And a Cat who must Sink a Dentist in An Abandoned Mine Shaft',2006,1,NULL,7,'0.99',163,'27.99','R','Trailers,Behind the Scenes','2006-02-15 05:03:42'),(851,'STRAIGHT HOURS','A Boring Panorama of a Secret Agent And a Girl who must Sink a Waitress in The Outback',2006,1,NULL,3,'0.99',151,'19.99','R','Commentaries,Behind the Scenes','2006-02-15 05:03:42'),(852,'STRANGELOVE DESIRE','A Awe-Inspiring Panorama of a Lumberjack And a Waitress who must Defeat a Crocodile in An Abandoned Amusement Park',2006,1,NULL,4,'0.99',103,'27.99','NC-17','Trailers,Commentaries,Deleted Scenes','2006-02-15 05:03:42'),(853,'STRANGER STRANGERS','A Awe-Inspiring Yarn of a Womanizer And a Explorer who must Fight a Woman in The First Manned Space Station',2006,1,NULL,3,'4.99',139,'12.99','G','Commentaries,Deleted Scenes','2006-02-15 05:03:42'),(854,'STRANGERS GRAFFITI','A Brilliant Character Study of a Secret Agent And a Man who must Find a Cat in The Gulf of Mexico',2006,1,NULL,4,'4.99',119,'22.99','R','Trailers,Behind the Scenes','2006-02-15 05:03:42'),(855,'STREAK RIDGEMONT','A Astounding Character Study of a Hunter And a Waitress who must Sink a Man in New Orleans',2006,1,NULL,7,'0.99',132,'28.99','PG-13','Trailers,Behind the Scenes','2006-02-15 05:03:42'),(856,'STREETCAR INTENTIONS','A Insightful Character Study of a Waitress And a Crocodile who must Sink a Waitress in The Gulf of Mexico',2006,1,NULL,5,'4.99',73,'11.99','R','Commentaries','2006-02-15 05:03:42'),(857,'STRICTLY SCARFACE','A Touching Reflection of a Crocodile And a Dog who must Chase a Hunter in An Abandoned Fun House',2006,1,NULL,3,'2.99',144,'24.99','PG-13','Commentaries,Deleted Scenes,Behind the Scenes','2006-02-15 05:03:42'),(858,'SUBMARINE BED','A Amazing Display of a Car And a Monkey who must Fight a Teacher in Soviet Georgia',2006,1,NULL,5,'4.99',127,'21.99','R','Trailers','2006-02-15 05:03:42'),(859,'SUGAR WONKA','A Touching Story of a Dentist And a Database Administrator who must Conquer a Astronaut in An Abandoned Amusement Park',2006,1,NULL,3,'4.99',114,'20.99','PG','Trailers,Commentaries,Behind the Scenes','2006-02-15 05:03:42'),(860,'SUICIDES SILENCE','A Emotional Character Study of a Car And a Girl who must Face a Composer in A U-Boat',2006,1,NULL,4,'4.99',93,'13.99','G','Deleted Scenes','2006-02-15 05:03:42'),(861,'SUIT WALLS','A Touching Panorama of a Lumberjack And a Frisbee who must Build a Dog in Australia',2006,1,NULL,3,'4.99',111,'12.99','R','Commentaries','2006-02-15 05:03:42'),(862,'SUMMER SCARFACE','A Emotional Panorama of a Lumberjack And a Hunter who must Meet a Girl in A Shark Tank',2006,1,NULL,5,'0.99',53,'25.99','G','Deleted Scenes,Behind the Scenes','2006-02-15 05:03:42'),(863,'SUN CONFESSIONS','A Beautiful Display of a Mad Cow And a Dog who must Redeem a Waitress in An Abandoned Amusement Park',2006,1,NULL,5,'0.99',141,'9.99','R','Trailers,Behind the Scenes','2006-02-15 05:03:42'),(864,'SUNDANCE INVASION','A Epic Drama of a Lumberjack And a Explorer who must Confront a Hunter in A Baloon Factory',2006,1,NULL,5,'0.99',92,'21.99','NC-17','Commentaries,Behind the Scenes','2006-02-15 05:03:42'),(865,'SUNRISE LEAGUE','A Beautiful Epistle of a Madman And a Butler who must Face a Crocodile in A Manhattan Penthouse',2006,1,NULL,3,'4.99',135,'19.99','PG-13','Behind the Scenes','2006-02-15 05:03:42'),(866,'SUNSET RACER','A Awe-Inspiring Reflection of a Astronaut And a A Shark who must Defeat a Forensic Psychologist in California',2006,1,NULL,6,'0.99',48,'28.99','NC-17','Commentaries,Behind the Scenes','2006-02-15 05:03:42'),(867,'SUPER WYOMING','A Action-Packed Saga of a Pastry Chef And a Explorer who must Discover a A Shark in The Outback',2006,1,NULL,5,'4.99',58,'10.99','PG','Trailers,Commentaries,Behind the Scenes','2006-02-15 05:03:42'),(868,'SUPERFLY TRIP','A Beautiful Saga of a Lumberjack And a Teacher who must Build a Technical Writer in An Abandoned Fun House',2006,1,NULL,5,'0.99',114,'27.99','PG','Commentaries,Behind the Scenes','2006-02-15 05:03:42'),(869,'SUSPECTS QUILLS','A Emotional Epistle of a Pioneer And a Crocodile who must Battle a Man in A Manhattan Penthouse',2006,1,NULL,4,'2.99',47,'22.99','PG','Trailers','2006-02-15 05:03:42'),(870,'SWARM GOLD','A Insightful Panorama of a Crocodile And a Boat who must Conquer a Sumo Wrestler in A MySQL Convention',2006,1,NULL,4,'0.99',123,'12.99','PG-13','Trailers,Commentaries','2006-02-15 05:03:42'),(871,'SWEDEN SHINING','A Taut Documentary of a Car And a Robot who must Conquer a Boy in The Canadian Rockies',2006,1,NULL,6,'4.99',176,'19.99','PG','Deleted Scenes,Behind the Scenes','2006-02-15 05:03:42'),(872,'SWEET BROTHERHOOD','A Unbelieveable Epistle of a Sumo Wrestler And a Hunter who must Chase a Forensic Psychologist in A Baloon',2006,1,NULL,3,'2.99',185,'27.99','R','Deleted Scenes','2006-02-15 05:03:42'),(873,'SWEETHEARTS SUSPECTS','A Brilliant Character Study of a Frisbee And a Sumo Wrestler who must Confront a Woman in The Gulf of Mexico',2006,1,NULL,3,'0.99',108,'13.99','G','Trailers,Commentaries,Deleted Scenes,Behind the Scenes','2006-02-15 05:03:42'),(874,'TADPOLE PARK','A Beautiful Tale of a Frisbee And a Moose who must Vanquish a Dog in An Abandoned Amusement Park',2006,1,NULL,6,'2.99',155,'13.99','PG','Trailers,Commentaries','2006-02-15 05:03:42'),(875,'TALENTED HOMICIDE','A Lacklusture Panorama of a Dentist And a Forensic Psychologist who must Outrace a Pioneer in A U-Boat',2006,1,NULL,6,'0.99',173,'9.99','PG','Commentaries,Deleted Scenes,Behind the Scenes','2006-02-15 05:03:42'),(876,'TARZAN VIDEOTAPE','A Fast-Paced Display of a Lumberjack And a Mad Scientist who must Succumb a Sumo Wrestler in The Sahara Desert',2006,1,NULL,3,'2.99',91,'11.99','PG-13','Trailers','2006-02-15 05:03:42'),(877,'TAXI KICK','A Amazing Epistle of a Girl And a Woman who must Outrace a Waitress in Soviet Georgia',2006,1,NULL,4,'0.99',64,'23.99','PG-13','Commentaries,Deleted Scenes','2006-02-15 05:03:42'),(878,'TEEN APOLLO','A Awe-Inspiring Drama of a Dog And a Man who must Escape a Robot in A Shark Tank',2006,1,NULL,3,'4.99',74,'25.99','G','Trailers,Deleted Scenes,Behind the Scenes','2006-02-15 05:03:42'),(879,'TELEGRAPH VOYAGE','A Fateful Yarn of a Husband And a Dog who must Battle a Waitress in A Jet Boat',2006,1,NULL,3,'4.99',148,'20.99','PG','Commentaries','2006-02-15 05:03:42'),(880,'TELEMARK HEARTBREAKERS','A Action-Packed Panorama of a Technical Writer And a Man who must Build a Forensic Psychologist in A Manhattan Penthouse',2006,1,NULL,6,'2.99',152,'9.99','PG-13','Trailers,Commentaries,Deleted Scenes,Behind the Scenes','2006-02-15 05:03:42'),(881,'TEMPLE ATTRACTION','A Action-Packed Saga of a Forensic Psychologist And a Woman who must Battle a Womanizer in Soviet Georgia',2006,1,NULL,5,'4.99',71,'13.99','PG','Commentaries,Deleted Scenes','2006-02-15 05:03:42'),(882,'TENENBAUMS COMMAND','A Taut Display of a Pioneer And a Man who must Reach a Girl in The Gulf of Mexico',2006,1,NULL,4,'0.99',99,'24.99','PG-13','Trailers,Commentaries','2006-02-15 05:03:42'),(883,'TEQUILA PAST','A Action-Packed Panorama of a Mad Scientist And a Robot who must Challenge a Student in Nigeria',2006,1,NULL,6,'4.99',53,'17.99','PG','Commentaries,Behind the Scenes','2006-02-15 05:03:42'),(884,'TERMINATOR CLUB','A Touching Story of a Crocodile And a Girl who must Sink a Man in The Gulf of Mexico',2006,1,NULL,5,'4.99',88,'11.99','R','Trailers,Deleted Scenes,Behind the Scenes','2006-02-15 05:03:42'),(885,'TEXAS WATCH','A Awe-Inspiring Yarn of a Student And a Teacher who must Fight a Teacher in An Abandoned Amusement Park',2006,1,NULL,7,'0.99',179,'22.99','NC-17','Trailers','2006-02-15 05:03:42'),(886,'THEORY MERMAID','A Fateful Yarn of a Composer And a Monkey who must Vanquish a Womanizer in The First Manned Space Station',2006,1,NULL,5,'0.99',184,'9.99','PG-13','Deleted Scenes,Behind the Scenes','2006-02-15 05:03:42'),(887,'THIEF PELICAN','A Touching Documentary of a Madman And a Mad Scientist who must Outrace a Feminist in An Abandoned Mine Shaft',2006,1,NULL,5,'4.99',135,'28.99','PG-13','Deleted Scenes,Behind the Scenes','2006-02-15 05:03:42'),(888,'THIN SAGEBRUSH','A Emotional Drama of a Husband And a Lumberjack who must Build a Cat in Ancient India',2006,1,NULL,5,'4.99',53,'9.99','PG-13','Behind the Scenes','2006-02-15 05:03:42'),(889,'TIES HUNGER','A Insightful Saga of a Astronaut And a Explorer who must Pursue a Mad Scientist in A U-Boat',2006,1,NULL,3,'4.99',111,'28.99','R','Deleted Scenes','2006-02-15 05:03:42'),(890,'TIGHTS DAWN','A Thrilling Epistle of a Boat And a Secret Agent who must Face a Boy in A Baloon',2006,1,NULL,5,'0.99',172,'14.99','R','Trailers,Behind the Scenes','2006-02-15 05:03:42'),(891,'TIMBERLAND SKY','A Boring Display of a Man And a Dog who must Redeem a Girl in A U-Boat',2006,1,NULL,3,'0.99',69,'13.99','G','Commentaries','2006-02-15 05:03:42'),(892,'TITANIC BOONDOCK','A Brilliant Reflection of a Feminist And a Dog who must Fight a Boy in A Baloon Factory',2006,1,NULL,3,'4.99',104,'18.99','R','Trailers,Commentaries,Deleted Scenes,Behind the Scenes','2006-02-15 05:03:42'),(893,'TITANS JERK','A Unbelieveable Panorama of a Feminist And a Sumo Wrestler who must Challenge a Technical Writer in Ancient China',2006,1,NULL,4,'4.99',91,'11.99','PG','Behind the Scenes','2006-02-15 05:03:42'),(894,'TOMATOES HELLFIGHTERS','A Thoughtful Epistle of a Madman And a Astronaut who must Overcome a Monkey in A Shark Tank',2006,1,NULL,6,'0.99',68,'23.99','PG','Behind the Scenes','2006-02-15 05:03:42'),(895,'TOMORROW HUSTLER','A Thoughtful Story of a Moose And a Husband who must Face a Secret Agent in The Sahara Desert',2006,1,NULL,3,'2.99',142,'21.99','R','Commentaries','2006-02-15 05:03:42'),(896,'TOOTSIE PILOT','A Awe-Inspiring Documentary of a Womanizer And a Pastry Chef who must Kill a Lumberjack in Berlin',2006,1,NULL,3,'0.99',157,'10.99','PG','Commentaries,Deleted Scenes,Behind the Scenes','2006-02-15 05:03:42'),(897,'TORQUE BOUND','A Emotional Display of a Crocodile And a Husband who must Reach a Man in Ancient Japan',2006,1,NULL,3,'4.99',179,'27.99','G','Trailers,Commentaries','2006-02-15 05:03:42'),(898,'TOURIST PELICAN','A Boring Story of a Butler And a Astronaut who must Outrace a Pioneer in Australia',2006,1,NULL,4,'4.99',152,'18.99','PG-13','Deleted Scenes','2006-02-15 05:03:42'),(899,'TOWERS HURRICANE','A Fateful Display of a Monkey And a Car who must Sink a Husband in A MySQL Convention',2006,1,NULL,7,'0.99',144,'14.99','NC-17','Commentaries,Behind the Scenes','2006-02-15 05:03:42'),(900,'TOWN ARK','A Awe-Inspiring Documentary of a Moose And a Madman who must Meet a Dog in An Abandoned Mine Shaft',2006,1,NULL,6,'2.99',136,'17.99','R','Behind the Scenes','2006-02-15 05:03:42'),(901,'TRACY CIDER','A Touching Reflection of a Database Administrator And a Madman who must Build a Lumberjack in Nigeria',2006,1,NULL,3,'0.99',142,'29.99','G','Trailers,Commentaries,Behind the Scenes','2006-02-15 05:03:42'),(902,'TRADING PINOCCHIO','A Emotional Character Study of a Student And a Explorer who must Discover a Frisbee in The First Manned Space Station',2006,1,NULL,6,'4.99',170,'22.99','PG','Trailers,Deleted Scenes,Behind the Scenes','2006-02-15 05:03:42'),(903,'TRAFFIC HOBBIT','A Amazing Epistle of a Squirrel And a Lumberjack who must Succumb a Database Administrator in A U-Boat',2006,1,NULL,5,'4.99',139,'13.99','G','Trailers,Commentaries','2006-02-15 05:03:42'),(904,'TRAIN BUNCH','A Thrilling Character Study of a Robot And a Squirrel who must Face a Dog in Ancient India',2006,1,NULL,3,'4.99',71,'26.99','R','Trailers,Deleted Scenes','2006-02-15 05:03:42'),(905,'TRAINSPOTTING STRANGERS','A Fast-Paced Drama of a Pioneer And a Mad Cow who must Challenge a Madman in Ancient Japan',2006,1,NULL,7,'4.99',132,'10.99','PG-13','Trailers','2006-02-15 05:03:42'),(906,'TRAMP OTHERS','A Brilliant Display of a Composer And a Cat who must Succumb a A Shark in Ancient India',2006,1,NULL,4,'0.99',171,'27.99','PG','Deleted Scenes','2006-02-15 05:03:42'),(907,'TRANSLATION SUMMER','A Touching Reflection of a Man And a Monkey who must Pursue a Womanizer in A MySQL Convention',2006,1,NULL,4,'0.99',168,'10.99','PG-13','Trailers','2006-02-15 05:03:42'),(908,'TRAP GUYS','A Unbelieveable Story of a Boy And a Mad Cow who must Challenge a Database Administrator in The Sahara Desert',2006,1,NULL,3,'4.99',110,'11.99','G','Commentaries,Behind the Scenes','2006-02-15 05:03:42'),(909,'TREASURE COMMAND','A Emotional Saga of a Car And a Madman who must Discover a Pioneer in California',2006,1,NULL,3,'0.99',102,'28.99','PG-13','Trailers,Commentaries,Deleted Scenes,Behind the Scenes','2006-02-15 05:03:42'),(910,'TREATMENT JEKYLL','A Boring Story of a Teacher And a Student who must Outgun a Cat in An Abandoned Mine Shaft',2006,1,NULL,3,'0.99',87,'19.99','PG','Trailers,Deleted Scenes,Behind the Scenes','2006-02-15 05:03:42'),(911,'TRIP NEWTON','A Fanciful Character Study of a Lumberjack And a Car who must Discover a Cat in An Abandoned Amusement Park',2006,1,NULL,7,'4.99',64,'14.99','PG-13','Commentaries,Deleted Scenes','2006-02-15 05:03:42'),(912,'TROJAN TOMORROW','A Astounding Panorama of a Husband And a Sumo Wrestler who must Pursue a Boat in Ancient India',2006,1,NULL,3,'2.99',52,'9.99','PG','Commentaries,Deleted Scenes','2006-02-15 05:03:42'),(913,'TROOPERS METAL','A Fanciful Drama of a Monkey And a Feminist who must Sink a Man in Berlin',2006,1,NULL,3,'0.99',115,'20.99','R','Deleted Scenes,Behind the Scenes','2006-02-15 05:03:42'),(914,'TROUBLE DATE','A Lacklusture Panorama of a Forensic Psychologist And a Woman who must Kill a Explorer in Ancient Japan',2006,1,NULL,6,'2.99',61,'13.99','PG','Trailers,Commentaries,Behind the Scenes','2006-02-15 05:03:42'),(915,'TRUMAN CRAZY','A Thrilling Epistle of a Moose And a Boy who must Meet a Database Administrator in A Monastery',2006,1,NULL,7,'4.99',92,'9.99','G','Trailers,Commentaries','2006-02-15 05:03:42'),(916,'TURN STAR','A Stunning Tale of a Man And a Monkey who must Chase a Student in New Orleans',2006,1,NULL,3,'2.99',80,'10.99','G','Commentaries,Behind the Scenes','2006-02-15 05:03:42'),(917,'TUXEDO MILE','A Boring Drama of a Man And a Forensic Psychologist who must Face a Frisbee in Ancient India',2006,1,NULL,3,'2.99',152,'24.99','R','Commentaries,Deleted Scenes,Behind the Scenes','2006-02-15 05:03:42'),(918,'TWISTED PIRATES','A Touching Display of a Frisbee And a Boat who must Kill a Girl in A MySQL Convention',2006,1,NULL,4,'4.99',152,'23.99','PG','Trailers,Commentaries,Deleted Scenes','2006-02-15 05:03:42'),(919,'TYCOON GATHERING','A Emotional Display of a Husband And a A Shark who must Succumb a Madman in A Manhattan Penthouse',2006,1,NULL,3,'4.99',82,'17.99','G','Trailers,Commentaries,Deleted Scenes','2006-02-15 05:03:42'),(920,'UNBREAKABLE KARATE','A Amazing Character Study of a Robot And a Student who must Chase a Robot in Australia',2006,1,NULL,3,'0.99',62,'16.99','G','Deleted Scenes,Behind the Scenes','2006-02-15 05:03:42'),(921,'UNCUT SUICIDES','A Intrepid Yarn of a Explorer And a Pastry Chef who must Pursue a Mad Cow in A U-Boat',2006,1,NULL,7,'2.99',172,'29.99','PG-13','Trailers,Commentaries,Behind the Scenes','2006-02-15 05:03:42'),(922,'UNDEFEATED DALMATIONS','A Unbelieveable Display of a Crocodile And a Feminist who must Overcome a Moose in An Abandoned Amusement Park',2006,1,NULL,7,'4.99',107,'22.99','PG-13','Commentaries','2006-02-15 05:03:42'),(923,'UNFAITHFUL KILL','A Taut Documentary of a Waitress And a Mad Scientist who must Battle a Technical Writer in New Orleans',2006,1,NULL,7,'2.99',78,'12.99','R','Commentaries,Deleted Scenes','2006-02-15 05:03:42'),(924,'UNFORGIVEN ZOOLANDER','A Taut Epistle of a Monkey And a Sumo Wrestler who must Vanquish a A Shark in A Baloon Factory',2006,1,NULL,7,'0.99',129,'15.99','PG','Trailers,Commentaries,Behind the Scenes','2006-02-15 05:03:42'),(925,'UNITED PILOT','A Fast-Paced Reflection of a Cat And a Mad Cow who must Fight a Car in The Sahara Desert',2006,1,NULL,3,'0.99',164,'27.99','R','Trailers,Deleted Scenes','2006-02-15 05:03:42'),(926,'UNTOUCHABLES SUNRISE','A Amazing Documentary of a Woman And a Astronaut who must Outrace a Teacher in An Abandoned Fun House',2006,1,NULL,5,'2.99',120,'11.99','NC-17','Trailers,Deleted Scenes','2006-02-15 05:03:42'),(927,'UPRISING UPTOWN','A Fanciful Reflection of a Boy And a Butler who must Pursue a Woman in Berlin',2006,1,NULL,6,'2.99',174,'16.99','NC-17','Trailers,Behind the Scenes','2006-02-15 05:03:42'),(928,'UPTOWN YOUNG','A Fateful Documentary of a Dog And a Hunter who must Pursue a Teacher in An Abandoned Amusement Park',2006,1,NULL,5,'2.99',84,'16.99','PG','Commentaries','2006-02-15 05:03:42'),(929,'USUAL UNTOUCHABLES','A Touching Display of a Explorer And a Lumberjack who must Fight a Forensic Psychologist in A Shark Tank',2006,1,NULL,5,'4.99',128,'21.99','PG-13','Trailers,Commentaries,Behind the Scenes','2006-02-15 05:03:42'),(930,'VACATION BOONDOCK','A Fanciful Character Study of a Secret Agent And a Mad Scientist who must Reach a Teacher in Australia',2006,1,NULL,4,'2.99',145,'23.99','R','Commentaries','2006-02-15 05:03:42'),(931,'VALENTINE VANISHING','A Thrilling Display of a Husband And a Butler who must Reach a Pastry Chef in California',2006,1,NULL,7,'0.99',48,'9.99','PG-13','Trailers,Behind the Scenes','2006-02-15 05:03:42'),(932,'VALLEY PACKER','A Astounding Documentary of a Astronaut And a Boy who must Outrace a Sumo Wrestler in Berlin',2006,1,NULL,3,'0.99',73,'21.99','G','Commentaries,Deleted Scenes','2006-02-15 05:03:42'),(933,'VAMPIRE WHALE','A Epic Story of a Lumberjack And a Monkey who must Confront a Pioneer in A MySQL Convention',2006,1,NULL,4,'4.99',126,'11.99','NC-17','Trailers,Commentaries','2006-02-15 05:03:42'),(934,'VANILLA DAY','A Fast-Paced Saga of a Girl And a Forensic Psychologist who must Redeem a Girl in Nigeria',2006,1,NULL,7,'4.99',122,'20.99','NC-17','Deleted Scenes,Behind the Scenes','2006-02-15 05:03:42'),(935,'VANISHED GARDEN','A Intrepid Character Study of a Squirrel And a A Shark who must Kill a Lumberjack in California',2006,1,NULL,5,'0.99',142,'17.99','R','Trailers,Commentaries,Deleted Scenes','2006-02-15 05:03:42'),(936,'VANISHING ROCKY','A Brilliant Reflection of a Man And a Woman who must Conquer a Pioneer in A MySQL Convention',2006,1,NULL,3,'2.99',123,'21.99','NC-17','Trailers,Commentaries,Behind the Scenes','2006-02-15 05:03:42'),(937,'VARSITY TRIP','A Action-Packed Character Study of a Astronaut And a Explorer who must Reach a Monkey in A MySQL Convention',2006,1,NULL,7,'2.99',85,'14.99','NC-17','Commentaries,Deleted Scenes','2006-02-15 05:03:42'),(938,'VELVET TERMINATOR','A Lacklusture Tale of a Pastry Chef And a Technical Writer who must Confront a Crocodile in An Abandoned Amusement Park',2006,1,NULL,3,'4.99',173,'14.99','R','Behind the Scenes','2006-02-15 05:03:42'),(939,'VERTIGO NORTHWEST','A Unbelieveable Display of a Mad Scientist And a Mad Scientist who must Outgun a Mad Cow in Ancient Japan',2006,1,NULL,4,'2.99',90,'17.99','R','Commentaries,Behind the Scenes','2006-02-15 05:03:42'),(940,'VICTORY ACADEMY','A Insightful Epistle of a Mad Scientist And a Explorer who must Challenge a Cat in The Sahara Desert',2006,1,NULL,6,'0.99',64,'19.99','PG-13','Trailers,Behind the Scenes','2006-02-15 05:03:42'),(941,'VIDEOTAPE ARSENIC','A Lacklusture Display of a Girl And a Astronaut who must Succumb a Student in Australia',2006,1,NULL,4,'4.99',145,'10.99','NC-17','Commentaries,Deleted Scenes,Behind the Scenes','2006-02-15 05:03:42'),(942,'VIETNAM SMOOCHY','A Lacklusture Display of a Butler And a Man who must Sink a Explorer in Soviet Georgia',2006,1,NULL,7,'0.99',174,'27.99','PG-13','Deleted Scenes,Behind the Scenes','2006-02-15 05:03:42'),(943,'VILLAIN DESPERATE','A Boring Yarn of a Pioneer And a Feminist who must Redeem a Cat in An Abandoned Amusement Park',2006,1,NULL,4,'4.99',76,'27.99','PG-13','Trailers,Commentaries','2006-02-15 05:03:42'),(944,'VIRGIN DAISY','A Awe-Inspiring Documentary of a Robot And a Mad Scientist who must Reach a Database Administrator in A Shark Tank',2006,1,NULL,6,'4.99',179,'29.99','PG-13','Trailers,Behind the Scenes','2006-02-15 05:03:42'),(945,'VIRGINIAN PLUTO','A Emotional Panorama of a Dentist And a Crocodile who must Meet a Boy in Berlin',2006,1,NULL,5,'0.99',164,'22.99','R','Deleted Scenes','2006-02-15 05:03:42'),(946,'VIRTUAL SPOILERS','A Fateful Tale of a Database Administrator And a Squirrel who must Discover a Student in Soviet Georgia',2006,1,NULL,3,'4.99',144,'14.99','NC-17','Commentaries,Deleted Scenes','2006-02-15 05:03:42'),(947,'VISION TORQUE','A Thoughtful Documentary of a Dog And a Man who must Sink a Man in A Shark Tank',2006,1,NULL,5,'0.99',59,'16.99','PG-13','Commentaries,Deleted Scenes','2006-02-15 05:03:42'),(948,'VOICE PEACH','A Amazing Panorama of a Pioneer And a Student who must Overcome a Mad Scientist in A Manhattan Penthouse',2006,1,NULL,6,'0.99',139,'22.99','PG-13','Commentaries,Behind the Scenes','2006-02-15 05:03:42'),(949,'VOLCANO TEXAS','A Awe-Inspiring Yarn of a Hunter And a Feminist who must Challenge a Dentist in The Outback',2006,1,NULL,6,'0.99',157,'27.99','NC-17','Trailers,Commentaries,Deleted Scenes,Behind the Scenes','2006-02-15 05:03:42'),(950,'VOLUME HOUSE','A Boring Tale of a Dog And a Woman who must Meet a Dentist in California',2006,1,NULL,7,'4.99',132,'12.99','PG','Commentaries','2006-02-15 05:03:42'),(951,'VOYAGE LEGALLY','A Epic Tale of a Squirrel And a Hunter who must Conquer a Boy in An Abandoned Mine Shaft',2006,1,NULL,6,'0.99',78,'28.99','PG-13','Commentaries,Behind the Scenes','2006-02-15 05:03:42'),(952,'WAGON JAWS','A Intrepid Drama of a Moose And a Boat who must Kill a Explorer in A Manhattan Penthouse',2006,1,NULL,7,'2.99',152,'17.99','PG','Deleted Scenes,Behind the Scenes','2006-02-15 05:03:42'),(953,'WAIT CIDER','A Intrepid Epistle of a Woman And a Forensic Psychologist who must Succumb a Astronaut in A Manhattan Penthouse',2006,1,NULL,3,'0.99',112,'9.99','PG-13','Trailers','2006-02-15 05:03:42'),(954,'WAKE JAWS','A Beautiful Saga of a Feminist And a Composer who must Challenge a Moose in Berlin',2006,1,NULL,7,'4.99',73,'18.99','G','Trailers,Commentaries,Deleted Scenes,Behind the Scenes','2006-02-15 05:03:42'),(955,'WALLS ARTIST','A Insightful Panorama of a Teacher And a Teacher who must Overcome a Mad Cow in An Abandoned Fun House',2006,1,NULL,7,'4.99',135,'19.99','PG','Trailers,Behind the Scenes','2006-02-15 05:03:42'),(956,'WANDA CHAMBER','A Insightful Drama of a A Shark And a Pioneer who must Find a Womanizer in The Outback',2006,1,NULL,7,'4.99',107,'23.99','PG-13','Commentaries,Deleted Scenes,Behind the Scenes','2006-02-15 05:03:42'),(957,'WAR NOTTING','A Boring Drama of a Teacher And a Sumo Wrestler who must Challenge a Secret Agent in The Canadian Rockies',2006,1,NULL,7,'4.99',80,'26.99','G','Deleted Scenes,Behind the Scenes','2006-02-15 05:03:42'),(958,'WARDROBE PHANTOM','A Action-Packed Display of a Mad Cow And a Astronaut who must Kill a Car in Ancient India',2006,1,NULL,6,'2.99',178,'19.99','G','Trailers,Commentaries','2006-02-15 05:03:42'),(959,'WARLOCK WEREWOLF','A Astounding Yarn of a Pioneer And a Crocodile who must Defeat a A Shark in The Outback',2006,1,NULL,6,'2.99',83,'10.99','G','Commentaries,Behind the Scenes','2006-02-15 05:03:42'),(960,'WARS PLUTO','A Taut Reflection of a Teacher And a Database Administrator who must Chase a Madman in The Sahara Desert',2006,1,NULL,5,'2.99',128,'15.99','G','Commentaries,Behind the Scenes','2006-02-15 05:03:42'),(961,'WASH HEAVENLY','A Awe-Inspiring Reflection of a Cat And a Pioneer who must Escape a Hunter in Ancient China',2006,1,NULL,7,'4.99',161,'22.99','R','Commentaries','2006-02-15 05:03:42'),(962,'WASTELAND DIVINE','A Fanciful Story of a Database Administrator And a Womanizer who must Fight a Database Administrator in Ancient China',2006,1,NULL,7,'2.99',85,'18.99','PG','Trailers,Deleted Scenes,Behind the Scenes','2006-02-15 05:03:42'),(963,'WATCH TRACY','A Fast-Paced Yarn of a Dog And a Frisbee who must Conquer a Hunter in Nigeria',2006,1,NULL,5,'0.99',78,'12.99','PG','Trailers,Deleted Scenes,Behind the Scenes','2006-02-15 05:03:42'),(964,'WATERFRONT DELIVERANCE','A Unbelieveable Documentary of a Dentist And a Technical Writer who must Build a Womanizer in Nigeria',2006,1,NULL,4,'4.99',61,'17.99','G','Behind the Scenes','2006-02-15 05:03:42'),(965,'WATERSHIP FRONTIER','A Emotional Yarn of a Boat And a Crocodile who must Meet a Moose in Soviet Georgia',2006,1,NULL,6,'0.99',112,'28.99','G','Commentaries','2006-02-15 05:03:42'),(966,'WEDDING APOLLO','A Action-Packed Tale of a Student And a Waitress who must Conquer a Lumberjack in An Abandoned Mine Shaft',2006,1,NULL,3,'0.99',70,'14.99','PG','Trailers','2006-02-15 05:03:42'),(967,'WEEKEND PERSONAL','A Fast-Paced Documentary of a Car And a Butler who must Find a Frisbee in A Jet Boat',2006,1,NULL,5,'2.99',134,'26.99','R','Trailers,Commentaries,Deleted Scenes,Behind the Scenes','2006-02-15 05:03:42'),(968,'WEREWOLF LOLA','A Fanciful Story of a Man And a Sumo Wrestler who must Outrace a Student in A Monastery',2006,1,NULL,6,'4.99',79,'19.99','G','Trailers,Behind the Scenes','2006-02-15 05:03:42'),(969,'WEST LION','A Intrepid Drama of a Butler And a Lumberjack who must Challenge a Database Administrator in A Manhattan Penthouse',2006,1,NULL,4,'4.99',159,'29.99','G','Trailers','2006-02-15 05:03:42'),(970,'WESTWARD SEABISCUIT','A Lacklusture Tale of a Butler And a Husband who must Face a Boy in Ancient China',2006,1,NULL,7,'0.99',52,'11.99','NC-17','Commentaries,Deleted Scenes','2006-02-15 05:03:42'),(971,'WHALE BIKINI','A Intrepid Story of a Pastry Chef And a Database Administrator who must Kill a Feminist in A MySQL Convention',2006,1,NULL,4,'4.99',109,'11.99','PG-13','Commentaries,Deleted Scenes,Behind the Scenes','2006-02-15 05:03:42'),(972,'WHISPERER GIANT','A Intrepid Story of a Dentist And a Hunter who must Confront a Monkey in Ancient Japan',2006,1,NULL,4,'4.99',59,'24.99','PG-13','Trailers,Deleted Scenes','2006-02-15 05:03:42'),(973,'WIFE TURN','A Awe-Inspiring Epistle of a Teacher And a Feminist who must Confront a Pioneer in Ancient Japan',2006,1,NULL,3,'4.99',183,'27.99','NC-17','Deleted Scenes,Behind the Scenes','2006-02-15 05:03:42'),(974,'WILD APOLLO','A Beautiful Story of a Monkey And a Sumo Wrestler who must Conquer a A Shark in A MySQL Convention',2006,1,NULL,4,'0.99',181,'24.99','R','Trailers,Commentaries,Deleted Scenes,Behind the Scenes','2006-02-15 05:03:42'),(975,'WILLOW TRACY','A Brilliant Panorama of a Boat And a Astronaut who must Challenge a Teacher in A Manhattan Penthouse',2006,1,NULL,6,'2.99',137,'22.99','R','Trailers,Commentaries,Behind the Scenes','2006-02-15 05:03:42'),(976,'WIND PHANTOM','A Touching Saga of a Madman And a Forensic Psychologist who must Build a Sumo Wrestler in An Abandoned Mine Shaft',2006,1,NULL,6,'0.99',111,'12.99','R','Commentaries,Deleted Scenes','2006-02-15 05:03:42'),(977,'WINDOW SIDE','A Astounding Character Study of a Womanizer And a Hunter who must Escape a Robot in A Monastery',2006,1,NULL,3,'2.99',85,'25.99','R','Deleted Scenes,Behind the Scenes','2006-02-15 05:03:42'),(978,'WISDOM WORKER','A Unbelieveable Saga of a Forensic Psychologist And a Student who must Face a Squirrel in The First Manned Space Station',2006,1,NULL,3,'0.99',98,'12.99','R','Deleted Scenes,Behind the Scenes','2006-02-15 05:03:42'),(979,'WITCHES PANIC','A Awe-Inspiring Drama of a Secret Agent And a Hunter who must Fight a Moose in Nigeria',2006,1,NULL,6,'4.99',100,'10.99','NC-17','Commentaries,Behind the Scenes','2006-02-15 05:03:42'),(980,'WIZARD COLDBLOODED','A Lacklusture Display of a Robot And a Girl who must Defeat a Sumo Wrestler in A MySQL Convention',2006,1,NULL,4,'4.99',75,'12.99','PG','Commentaries,Deleted Scenes,Behind the Scenes','2006-02-15 05:03:42'),(981,'WOLVES DESIRE','A Fast-Paced Drama of a Squirrel And a Robot who must Succumb a Technical Writer in A Manhattan Penthouse',2006,1,NULL,7,'0.99',55,'13.99','NC-17','Behind the Scenes','2006-02-15 05:03:42'),(982,'WOMEN DORADO','A Insightful Documentary of a Waitress And a Butler who must Vanquish a Composer in Australia',2006,1,NULL,4,'0.99',126,'23.99','R','Deleted Scenes,Behind the Scenes','2006-02-15 05:03:42'),(983,'WON DARES','A Unbelieveable Documentary of a Teacher And a Monkey who must Defeat a Explorer in A U-Boat',2006,1,NULL,7,'2.99',105,'18.99','PG','Behind the Scenes','2006-02-15 05:03:42'),(984,'WONDERFUL DROP','A Boring Panorama of a Woman And a Madman who must Overcome a Butler in A U-Boat',2006,1,NULL,3,'2.99',126,'20.99','NC-17','Commentaries','2006-02-15 05:03:42'),(985,'WONDERLAND CHRISTMAS','A Awe-Inspiring Character Study of a Waitress And a Car who must Pursue a Mad Scientist in The First Manned Space Station',2006,1,NULL,4,'4.99',111,'19.99','PG','Commentaries','2006-02-15 05:03:42'),(986,'WONKA SEA','A Brilliant Saga of a Boat And a Mad Scientist who must Meet a Moose in Ancient India',2006,1,NULL,6,'2.99',85,'24.99','NC-17','Trailers,Commentaries','2006-02-15 05:03:42'),(987,'WORDS HUNTER','A Action-Packed Reflection of a Composer And a Mad Scientist who must Face a Pioneer in A MySQL Convention',2006,1,NULL,3,'2.99',116,'13.99','PG','Trailers,Commentaries,Deleted Scenes','2006-02-15 05:03:42'),(988,'WORKER TARZAN','A Action-Packed Yarn of a Secret Agent And a Technical Writer who must Battle a Sumo Wrestler in The First Manned Space Station',2006,1,NULL,7,'2.99',139,'26.99','R','Trailers,Commentaries,Behind the Scenes','2006-02-15 05:03:42'),(989,'WORKING MICROCOSMOS','A Stunning Epistle of a Dentist And a Dog who must Kill a Madman in Ancient China',2006,1,NULL,4,'4.99',74,'22.99','R','Commentaries,Deleted Scenes','2006-02-15 05:03:42'),(990,'WORLD LEATHERNECKS','A Unbelieveable Tale of a Pioneer And a Astronaut who must Overcome a Robot in An Abandoned Amusement Park',2006,1,NULL,3,'0.99',171,'13.99','PG-13','Trailers,Behind the Scenes','2006-02-15 05:03:42'),(991,'WORST BANGER','A Thrilling Drama of a Madman And a Dentist who must Conquer a Boy in The Outback',2006,1,NULL,4,'2.99',185,'26.99','PG','Deleted Scenes,Behind the Scenes','2006-02-15 05:03:42'),(992,'WRATH MILE','A Intrepid Reflection of a Technical Writer And a Hunter who must Defeat a Sumo Wrestler in A Monastery',2006,1,NULL,5,'0.99',176,'17.99','NC-17','Trailers,Commentaries','2006-02-15 05:03:42'),(993,'WRONG BEHAVIOR','A Emotional Saga of a Crocodile And a Sumo Wrestler who must Discover a Mad Cow in New Orleans',2006,1,NULL,6,'2.99',178,'10.99','PG-13','Trailers,Behind the Scenes','2006-02-15 05:03:42'),(994,'WYOMING STORM','A Awe-Inspiring Panorama of a Robot And a Boat who must Overcome a Feminist in A U-Boat',2006,1,NULL,6,'4.99',100,'29.99','PG-13','Deleted Scenes','2006-02-15 05:03:42'),(995,'YENTL IDAHO','A Amazing Display of a Robot And a Astronaut who must Fight a Womanizer in Berlin',2006,1,NULL,5,'4.99',86,'11.99','R','Trailers,Commentaries,Deleted Scenes','2006-02-15 05:03:42'),(996,'YOUNG LANGUAGE','A Unbelieveable Yarn of a Boat And a Database Administrator who must Meet a Boy in The First Manned Space Station',2006,1,NULL,6,'0.99',183,'9.99','G','Trailers,Behind the Scenes','2006-02-15 05:03:42'),(997,'YOUTH KICK','A Touching Drama of a Teacher And a Cat who must Challenge a Technical Writer in A U-Boat',2006,1,NULL,4,'0.99',179,'14.99','NC-17','Trailers,Behind the Scenes','2006-02-15 05:03:42'),(998,'ZHIVAGO CORE','A Fateful Yarn of a Composer And a Man who must Face a Boy in The Canadian Rockies',2006,1,NULL,6,'0.99',105,'10.99','NC-17','Deleted Scenes','2006-02-15 05:03:42'),(999,'ZOOLANDER FICTION','A Fateful Reflection of a Waitress And a Boat who must Discover a Sumo Wrestler in Ancient China',2006,1,NULL,5,'2.99',101,'28.99','R','Trailers,Deleted Scenes','2006-02-15 05:03:42'),(1000,'ZORRO ARK','A Intrepid Panorama of a Mad Scientist And a Boy who must Redeem a Boy in A Monastery',2006,1,NULL,3,'4.99',50,'18.99','NC-17','Trailers,Commentaries,Behind the Scenes','2006-02-15 05:03:42'),(1001,'AFFAIR  2','nothing',NULL,1,NULL,3,'4.99',NULL,'19.99','G',NULL,'2016-12-19 14:00:35'),(1002,'CAPTAIN AMERICA','A Touching Saga of a Hunter And a Butler who must Discover a Butler in A Jet Boat',NULL,1,NULL,3,'4.99',NULL,'19.99','G',NULL,'2016-12-19 15:31:27'),(1003,'Times','time is ',NULL,1,NULL,3,'4.99',NULL,'19.99','G',NULL,'2016-12-19 17:28:31');

/*Table structure for table `fnd_company_b` */

DROP TABLE IF EXISTS `fnd_company_b`;

CREATE TABLE `fnd_company_b` (
  `company_id` bigint(20) NOT NULL AUTO_INCREMENT,
  `company_code` varchar(30) NOT NULL COMMENT '',
  `company_type` varchar(30) DEFAULT NULL COMMENT '',
  `address` varchar(2000) DEFAULT NULL COMMENT '',
  `company_level_id` bigint(20) DEFAULT NULL,
  `parent_company_id` bigint(20) DEFAULT NULL,
  `chief_position_id` bigint(20) DEFAULT NULL,
  `start_date_active` datetime DEFAULT NULL,
  `end_date_active` datetime DEFAULT NULL,
  `company_short_name` varchar(2000) DEFAULT NULL COMMENT '',
  `company_full_name` varchar(2000) DEFAULT NULL COMMENT '',
  `zipcode` varchar(100) DEFAULT NULL,
  `fax` varchar(100) DEFAULT NULL,
  `phone` varchar(100) DEFAULT NULL,
  `contact_person` varchar(100) DEFAULT NULL,
  `OBJECT_VERSION_NUMBER` bigint(20) DEFAULT '1',
  `REQUEST_ID` bigint(20) DEFAULT '-1',
  `PROGRAM_ID` bigint(20) DEFAULT '-1',
  `CREATED_BY` bigint(20) DEFAULT '-1',
  `CREATION_DATE` datetime DEFAULT CURRENT_TIMESTAMP,
  `LAST_UPDATED_BY` bigint(20) DEFAULT '-1',
  `LAST_UPDATE_DATE` datetime DEFAULT CURRENT_TIMESTAMP,
  `LAST_UPDATE_LOGIN` bigint(20) DEFAULT '-1',
  PRIMARY KEY (`company_id`),
  UNIQUE KEY `FND_COMPANY_B_U1` (`company_code`)
) ENGINE=InnoDB DEFAULT CHARSET=utf8;

/*Data for the table `fnd_company_b` */

/*Table structure for table `fnd_company_tl` */

DROP TABLE IF EXISTS `fnd_company_tl`;

CREATE TABLE `fnd_company_tl` (
  `company_id` bigint(20) NOT NULL,
  `LANG` varchar(10) NOT NULL,
  `company_short_name` varchar(2000) DEFAULT NULL,
  `company_full_name` varchar(2000) DEFAULT NULL,
  `OBJECT_VERSION_NUMBER` bigint(20) DEFAULT '1',
  `REQUEST_ID` bigint(20) DEFAULT '-1',
  `PROGRAM_ID` bigint(20) DEFAULT '-1',
  `CREATED_BY` bigint(20) DEFAULT '-1',
  `CREATION_DATE` datetime DEFAULT CURRENT_TIMESTAMP,
  `LAST_UPDATED_BY` bigint(20) DEFAULT '-1',
  `LAST_UPDATE_DATE` datetime DEFAULT CURRENT_TIMESTAMP,
  `LAST_UPDATE_LOGIN` bigint(20) DEFAULT '-1',
  PRIMARY KEY (`company_id`,`LANG`)
) ENGINE=InnoDB DEFAULT CHARSET=utf8;

/*Data for the table `fnd_company_tl` */

/*Table structure for table `hap_ar_customers` */

DROP TABLE IF EXISTS `hap_ar_customers`;

CREATE TABLE `hap_ar_customers` (
  `CUSTOMER_ID` bigint(20) NOT NULL AUTO_INCREMENT COMMENT 'ID',
  `CUSTOMER_NUMBER` varchar(60) CHARACTER SET utf8 COLLATE utf8_bin NOT NULL COMMENT '',
  `CUSTOMER_NAME` varchar(240) CHARACTER SET utf8 COLLATE utf8_bin NOT NULL COMMENT '',
  `COMPANY_ID` bigint(20) NOT NULL COMMENT 'ID',
  `ENABLED_FLAG` varchar(1) CHARACTER SET utf8 COLLATE utf8_bin NOT NULL DEFAULT 'Y' COMMENT '',
  `CREATION_DATE` datetime DEFAULT CURRENT_TIMESTAMP,
  `CREATED_BY` bigint(20) DEFAULT '-1',
  `LAST_UPDATED_BY` bigint(20) DEFAULT '-1',
  `LAST_UPDATE_DATE` datetime DEFAULT CURRENT_TIMESTAMP,
  `LAST_UPDATE_LOGIN` bigint(20) DEFAULT '-1',
  PRIMARY KEY (`CUSTOMER_ID`)
) ENGINE=InnoDB AUTO_INCREMENT=206 DEFAULT CHARSET=utf8 COMMENT='';

/*Data for the table `hap_ar_customers` */

insert  into `hap_ar_customers`(`CUSTOMER_ID`,`CUSTOMER_NUMBER`,`CUSTOMER_NAME`,`COMPANY_ID`,`ENABLED_FLAG`,`CREATION_DATE`,`CREATED_BY`,`LAST_UPDATED_BY`,`LAST_UPDATE_DATE`,`LAST_UPDATE_LOGIN`) values (201,'C001','',101,'Y','2016-08-24 16:48:17',-1,-1,'2016-08-24 16:48:17',-1),(202,'C002','',101,'Y','2016-08-24 16:48:17',-1,-1,'2016-08-24 16:48:17',-1),(203,'C003','',101,'N','2016-08-24 16:48:17',-1,-1,'2016-08-24 16:48:17',-1),(204,'C004','',101,'Y','2016-08-24 16:48:17',-1,-1,'2016-08-24 16:48:17',-1),(205,'C005','',104,'Y','2016-08-24 16:48:17',-1,-1,'2016-08-24 16:48:17',-1);

/*Table structure for table `hap_demo` */

DROP TABLE IF EXISTS `hap_demo`;

CREATE TABLE `hap_demo` (
  `id` bigint(20) NOT NULL AUTO_INCREMENT,
  `name` varchar(100) DEFAULT NULL,
  `object_version_number` bigint(20) DEFAULT '1',
  `request_id` bigint(20) DEFAULT '-1',
  `program_id` bigint(20) DEFAULT '-1',
  `created_by` bigint(20) DEFAULT '-1',
  `creation_date` datetime DEFAULT CURRENT_TIMESTAMP,
  `last_updated_by` bigint(20) DEFAULT '-1',
  `last_update_date` datetime DEFAULT CURRENT_TIMESTAMP,
  `last_update_login` bigint(20) DEFAULT '-1',
  PRIMARY KEY (`id`)
) ENGINE=InnoDB DEFAULT CHARSET=utf8;

/*Data for the table `hap_demo` */

/*Table structure for table `hap_inv_inventory_items` */

DROP TABLE IF EXISTS `hap_inv_inventory_items`;

CREATE TABLE `hap_inv_inventory_items` (
  `INVENTORY_ITEM_ID` bigint(20) NOT NULL AUTO_INCREMENT COMMENT 'ID',
  `ITEM_CODE` varchar(60) CHARACTER SET utf8 COLLATE utf8_bin NOT NULL COMMENT '',
  `ITEM_UOM` varchar(60) CHARACTER SET utf8 COLLATE utf8_bin NOT NULL COMMENT '',
  `ITEM_DESCRIPTION` varchar(240) CHARACTER SET utf8 COLLATE utf8_bin NOT NULL COMMENT '',
  `ORDER_FLAG` varchar(1) CHARACTER SET utf8 COLLATE utf8_bin NOT NULL DEFAULT 'Y' COMMENT '',
  `START_ACTIVE_DATE` datetime DEFAULT NULL COMMENT '',
  `END_ACTIVE_DATE` datetime DEFAULT NULL COMMENT '',
  `ENABLED_FLAG` varchar(1) CHARACTER SET utf8 COLLATE utf8_bin NOT NULL DEFAULT 'Y' COMMENT '',
  `CREATION_DATE` datetime DEFAULT CURRENT_TIMESTAMP,
  `CREATED_BY` bigint(20) DEFAULT '-1',
  `LAST_UPDATED_BY` bigint(20) DEFAULT '-1',
  `LAST_UPDATE_DATE` datetime DEFAULT CURRENT_TIMESTAMP,
  `LAST_UPDATE_LOGIN` bigint(20) DEFAULT '-1',
  PRIMARY KEY (`INVENTORY_ITEM_ID`)
) ENGINE=InnoDB AUTO_INCREMENT=1006 DEFAULT CHARSET=utf8 COMMENT='';

/*Data for the table `hap_inv_inventory_items` */

insert  into `hap_inv_inventory_items`(`INVENTORY_ITEM_ID`,`ITEM_CODE`,`ITEM_UOM`,`ITEM_DESCRIPTION`,`ORDER_FLAG`,`START_ACTIVE_DATE`,`END_ACTIVE_DATE`,`ENABLED_FLAG`,`CREATION_DATE`,`CREATED_BY`,`LAST_UPDATED_BY`,`LAST_UPDATE_DATE`,`LAST_UPDATE_LOGIN`) values (1001,'ITEM001','EA','HFM','Y',NULL,NULL,'Y','2016-08-24 16:48:17',-1,-1,'2016-08-24 16:48:17',-1),(1002,'ITEM002','EA','HWMS','Y',NULL,NULL,'Y','2016-08-24 16:48:17',-1,-1,'2016-08-24 16:48:17',-1),(1003,'ITEM003','EA','HAP','N',NULL,NULL,'Y','2016-08-24 16:48:17',-1,-1,'2016-08-24 16:48:17',-1),(1004,'ITEM004','EA','HEC','Y',NULL,NULL,'Y','2016-08-24 16:48:17',-1,-1,'2016-08-24 16:48:17',-1),(1005,'ITEM005','EA','HFS','Y','2016-10-01 00:00:00',NULL,'Y','2016-08-24 16:48:17',-1,-1,'2016-08-24 16:48:17',-1);

/*Table structure for table `hap_om_order_headers` */

DROP TABLE IF EXISTS `hap_om_order_headers`;

CREATE TABLE `hap_om_order_headers` (
  `HEADER_ID` bigint(20) NOT NULL AUTO_INCREMENT COMMENT 'ID',
  `ORDER_NUMBER` varchar(60) NOT NULL COMMENT '',
  `COMPANY_ID` bigint(20) NOT NULL COMMENT 'ID',
  `ORDER_DATE` datetime NOT NULL COMMENT '',
  `ORDER_STATUS` varchar(30) NOT NULL COMMENT '',
  `CUSTOMER_ID` bigint(20) NOT NULL COMMENT 'ID',
  `OBJECT_VERSION_NUMBER` decimal(20,0) DEFAULT '1',
  `REQUEST_ID` bigint(20) DEFAULT '-1' COMMENT '',
  `PROGRAM_ID` bigint(20) DEFAULT '-1',
  `CREATION_DATE` datetime DEFAULT CURRENT_TIMESTAMP,
  `CREATED_BY` decimal(20,0) DEFAULT '-1',
  `LAST_UPDATED_BY` decimal(20,0) DEFAULT '-1',
  `LAST_UPDATE_DATE` datetime DEFAULT CURRENT_TIMESTAMP,
  `LAST_UPDATE_LOGIN` decimal(20,0) DEFAULT NULL,
  `ATTRIBUTE_CATEGORY` varchar(30) DEFAULT NULL,
  `ATTRIBUTE1` varchar(240) DEFAULT NULL,
  `ATTRIBUTE2` varchar(240) DEFAULT NULL,
  `ATTRIBUTE3` varchar(240) DEFAULT NULL,
  `ATTRIBUTE4` varchar(240) DEFAULT NULL,
  `ATTRIBUTE5` varchar(240) DEFAULT NULL,
  `ATTRIBUTE6` varchar(240) DEFAULT NULL,
  `ATTRIBUTE7` varchar(240) DEFAULT NULL,
  `ATTRIBUTE8` varchar(240) DEFAULT NULL,
  `ATTRIBUTE9` varchar(240) DEFAULT NULL,
  `ATTRIBUTE10` varchar(240) DEFAULT NULL,
  `ATTRIBUTE11` varchar(240) DEFAULT NULL,
  `ATTRIBUTE12` varchar(240) DEFAULT NULL,
  `ATTRIBUTE13` varchar(240) DEFAULT NULL,
  `ATTRIBUTE14` varchar(240) DEFAULT NULL,
  `ATTRIBUTE15` varchar(240) DEFAULT NULL,
  PRIMARY KEY (`HEADER_ID`)
) ENGINE=MyISAM AUTO_INCREMENT=31 DEFAULT CHARSET=utf8 COMMENT='';

/*Data for the table `hap_om_order_headers` */

insert  into `hap_om_order_headers`(`HEADER_ID`,`ORDER_NUMBER`,`COMPANY_ID`,`ORDER_DATE`,`ORDER_STATUS`,`CUSTOMER_ID`,`OBJECT_VERSION_NUMBER`,`REQUEST_ID`,`PROGRAM_ID`,`CREATION_DATE`,`CREATED_BY`,`LAST_UPDATED_BY`,`LAST_UPDATE_DATE`,`LAST_UPDATE_LOGIN`,`ATTRIBUTE_CATEGORY`,`ATTRIBUTE1`,`ATTRIBUTE2`,`ATTRIBUTE3`,`ATTRIBUTE4`,`ATTRIBUTE5`,`ATTRIBUTE6`,`ATTRIBUTE7`,`ATTRIBUTE8`,`ATTRIBUTE9`,`ATTRIBUTE10`,`ATTRIBUTE11`,`ATTRIBUTE12`,`ATTRIBUTE13`,`ATTRIBUTE14`,`ATTRIBUTE15`) values (13,'2323',101,'2016-12-29 00:00:00','SUBMITED',201,'1',-1,-1,'2017-01-14 11:34:32','-1','-1','2017-01-14 11:34:32',NULL,NULL,NULL,NULL,NULL,NULL,NULL,NULL,NULL,NULL,NULL,NULL,NULL,NULL,NULL,NULL,NULL),(4,'343',101,'2017-01-14 00:00:00','APPROVED',202,'1',-1,-1,'2017-01-11 21:54:12','-1','-1','2017-01-11 21:54:12',NULL,NULL,NULL,NULL,NULL,NULL,NULL,NULL,NULL,NULL,NULL,NULL,NULL,NULL,NULL,NULL,NULL),(30,'www88',101,'2017-01-15 00:00:00','NEW',201,'1',-1,-1,'2017-01-15 18:40:46','-1','-1','2017-01-15 18:40:46',NULL,NULL,NULL,NULL,NULL,NULL,NULL,NULL,NULL,NULL,NULL,NULL,NULL,NULL,NULL,NULL,NULL),(11,'343432',101,'2017-01-12 00:00:00','APPROVED',201,'1',-1,-1,'2017-01-14 11:11:52','-1','-1','2017-01-14 11:11:52',NULL,NULL,NULL,NULL,NULL,NULL,NULL,NULL,NULL,NULL,NULL,NULL,NULL,NULL,NULL,NULL,NULL),(12,'2323',101,'2016-12-29 00:00:00','APPROVED',201,'1',-1,-1,'2017-01-14 11:27:48','-1','-1','2017-01-14 11:27:48',NULL,NULL,NULL,NULL,NULL,NULL,NULL,NULL,NULL,NULL,NULL,NULL,NULL,NULL,NULL,NULL,NULL),(9,'4342',101,'2017-01-05 00:00:00','APPROVED',201,'1',-1,-1,'2017-01-13 16:44:25','-1','-1','2017-01-13 16:44:25',NULL,NULL,NULL,NULL,NULL,NULL,NULL,NULL,NULL,NULL,NULL,NULL,NULL,NULL,NULL,NULL,NULL),(15,'2323232',101,'2017-01-05 00:00:00','NEW',201,'1',-1,-1,'2017-01-14 12:36:01','-1','-1','2017-01-14 12:36:01',NULL,NULL,NULL,NULL,NULL,NULL,NULL,NULL,NULL,NULL,NULL,NULL,NULL,NULL,NULL,NULL,NULL),(18,'888888',101,'2016-12-31 00:00:00','NEW',201,'1',-1,-1,'2017-01-14 13:06:10','-1','-1','2017-01-14 13:06:10',NULL,NULL,NULL,NULL,NULL,NULL,NULL,NULL,NULL,NULL,NULL,NULL,NULL,NULL,NULL,NULL,NULL),(19,'6666666',101,'2017-01-07 00:00:00','NEW',201,'1',-1,-1,'2017-01-14 13:09:55','-1','-1','2017-01-14 13:09:55',NULL,NULL,NULL,NULL,NULL,NULL,NULL,NULL,NULL,NULL,NULL,NULL,NULL,NULL,NULL,NULL,NULL),(20,'8888777779999',101,'2017-01-07 00:00:00','NEW',201,'1',-1,-1,'2017-01-14 13:13:01','-1','-1','2017-01-14 13:13:01',NULL,NULL,NULL,NULL,NULL,NULL,NULL,NULL,NULL,NULL,NULL,NULL,NULL,NULL,NULL,NULL,NULL);

/*Table structure for table `hap_om_order_lines` */

DROP TABLE IF EXISTS `hap_om_order_lines`;

CREATE TABLE `hap_om_order_lines` (
  `LINE_ID` bigint(20) NOT NULL AUTO_INCREMENT COMMENT 'ID',
  `HEADER_ID` bigint(20) NOT NULL COMMENT 'ID',
  `LINE_NUMBER` bigint(20) NOT NULL COMMENT '',
  `INVENTORY_ITEM_ID` bigint(20) NOT NULL COMMENT 'ID',
  `ORDERD_QUANTITY` bigint(20) NOT NULL COMMENT '',
  `ORDER_QUANTITY_UOM` varchar(30) NOT NULL COMMENT '',
  `UNIT_SELLING_PRICE` bigint(20) NOT NULL COMMENT '',
  `DESCRIPTION` varchar(240) NOT NULL COMMENT '',
  `COMPANY_ID` bigint(20) NOT NULL COMMENT 'ID',
  `ADDITION1` varchar(150) DEFAULT NULL COMMENT '1',
  `ADDITION2` varchar(150) DEFAULT NULL COMMENT '2',
  `ADDITION3` varchar(150) DEFAULT NULL COMMENT '3',
  `ADDITION4` varchar(150) DEFAULT NULL COMMENT '4',
  `ADDITION5` varchar(150) DEFAULT NULL COMMENT '5',
  `OBJECT_VERSION_NUMBER` decimal(20,0) DEFAULT '1' COMMENT '',
  `REQUEST_ID` bigint(20) DEFAULT '-1' COMMENT '',
  `PROGRAM_ID` bigint(20) DEFAULT '-1',
  `CREATION_DATE` datetime DEFAULT CURRENT_TIMESTAMP,
  `CREATED_BY` decimal(20,0) DEFAULT '-1',
  `LAST_UPDATED_BY` decimal(20,0) DEFAULT '-1',
  `LAST_UPDATE_DATE` datetime DEFAULT CURRENT_TIMESTAMP,
  `LAST_UPDATE_LOGIN` decimal(20,0) DEFAULT NULL,
  `ATTRIBUTE_CATEGORY` varchar(30) DEFAULT NULL,
  `ATTRIBUTE1` varchar(240) DEFAULT NULL,
  `ATTRIBUTE2` varchar(240) DEFAULT NULL,
  `ATTRIBUTE3` varchar(240) DEFAULT NULL,
  `ATTRIBUTE4` varchar(240) DEFAULT NULL,
  `ATTRIBUTE5` varchar(240) DEFAULT NULL,
  `ATTRIBUTE6` varchar(240) DEFAULT NULL,
  `ATTRIBUTE7` varchar(240) DEFAULT NULL,
  `ATTRIBUTE8` varchar(240) DEFAULT NULL,
  `ATTRIBUTE9` varchar(240) DEFAULT NULL,
  `ATTRIBUTE10` varchar(240) DEFAULT NULL,
  `ATTRIBUTE11` varchar(240) DEFAULT NULL,
  `ATTRIBUTE12` varchar(240) DEFAULT NULL,
  `ATTRIBUTE13` varchar(240) DEFAULT NULL,
  `ATTRIBUTE14` varchar(240) DEFAULT NULL,
  `ATTRIBUTE15` varchar(240) DEFAULT NULL,
  PRIMARY KEY (`LINE_ID`),
  KEY `HAP_OM_ORDER_LINES _N1` (`HEADER_ID`),
  KEY `HAP_OM_ORDER_LINES _N2` (`INVENTORY_ITEM_ID`)
) ENGINE=MyISAM AUTO_INCREMENT=17 DEFAULT CHARSET=utf8 COMMENT='';

/*Data for the table `hap_om_order_lines` */

insert  into `hap_om_order_lines`(`LINE_ID`,`HEADER_ID`,`LINE_NUMBER`,`INVENTORY_ITEM_ID`,`ORDERD_QUANTITY`,`ORDER_QUANTITY_UOM`,`UNIT_SELLING_PRICE`,`DESCRIPTION`,`COMPANY_ID`,`ADDITION1`,`ADDITION2`,`ADDITION3`,`ADDITION4`,`ADDITION5`,`OBJECT_VERSION_NUMBER`,`REQUEST_ID`,`PROGRAM_ID`,`CREATION_DATE`,`CREATED_BY`,`LAST_UPDATED_BY`,`LAST_UPDATE_DATE`,`LAST_UPDATE_LOGIN`,`ATTRIBUTE_CATEGORY`,`ATTRIBUTE1`,`ATTRIBUTE2`,`ATTRIBUTE3`,`ATTRIBUTE4`,`ATTRIBUTE5`,`ATTRIBUTE6`,`ATTRIBUTE7`,`ATTRIBUTE8`,`ATTRIBUTE9`,`ATTRIBUTE10`,`ATTRIBUTE11`,`ATTRIBUTE12`,`ATTRIBUTE13`,`ATTRIBUTE14`,`ATTRIBUTE15`) values (16,30,1,1001,2,'EA',3,'3232',101,'','','','','','1',-1,-1,'2017-01-15 18:40:46','-1','-1','2017-01-15 18:40:46',NULL,NULL,NULL,NULL,NULL,NULL,NULL,NULL,NULL,NULL,NULL,NULL,NULL,NULL,NULL,NULL,NULL),(15,18,1,1001,3323,'EA',3232,'321321',101,'','','','','','1',-1,-1,'2017-01-15 18:35:41','-1','-1','2017-01-15 18:35:41',NULL,NULL,NULL,NULL,NULL,NULL,NULL,NULL,NULL,NULL,NULL,NULL,NULL,NULL,NULL,NULL,NULL),(13,12,4,1001,5,'EA',2,'33',101,'','','','','','1',-1,-1,'2017-01-14 22:25:23','-1','-1','2017-01-14 22:51:58',NULL,NULL,NULL,NULL,NULL,NULL,NULL,NULL,NULL,NULL,NULL,NULL,NULL,NULL,NULL,NULL,NULL),(12,28,4,1001,3232,'EA',23,'A Brilliant D',101,'','','','','','1',-1,-1,'2017-01-14 19:25:37','-1','-1','2017-01-14 19:25:37',NULL,NULL,NULL,NULL,NULL,NULL,NULL,NULL,NULL,NULL,NULL,NULL,NULL,NULL,NULL,NULL,NULL),(10,9,4,1002,32,'EA',23,'32',101,'aaaa1','a3333','a34444','a45555','555555','1',-1,-1,'2017-01-13 16:57:39','-1','-1','2017-01-14 21:06:14',NULL,NULL,NULL,NULL,NULL,NULL,NULL,NULL,NULL,NULL,NULL,NULL,NULL,NULL,NULL,NULL,NULL);

/*Table structure for table `hap_org_companys` */

DROP TABLE IF EXISTS `hap_org_companys`;

CREATE TABLE `hap_org_companys` (
  `COMPANY_ID` bigint(20) NOT NULL AUTO_INCREMENT COMMENT 'ID',
  `COMPANY_NUMBER` varchar(60) CHARACTER SET utf8 COLLATE utf8_bin NOT NULL COMMENT '',
  `COMPANY_NAME` varchar(240) CHARACTER SET utf8 COLLATE utf8_bin NOT NULL COMMENT '',
  `ENABLED_FLAG` varchar(1) CHARACTER SET utf8 COLLATE utf8_bin NOT NULL DEFAULT 'Y' COMMENT '',
  `CREATION_DATE` datetime DEFAULT CURRENT_TIMESTAMP,
  `CREATED_BY` bigint(20) DEFAULT '-1',
  `LAST_UPDATED_BY` bigint(20) DEFAULT '-1',
  `LAST_UPDATE_DATE` datetime DEFAULT CURRENT_TIMESTAMP,
  `LAST_UPDATE_LOGIN` bigint(20) DEFAULT '-1',
  PRIMARY KEY (`COMPANY_ID`)
) ENGINE=InnoDB AUTO_INCREMENT=106 DEFAULT CHARSET=utf8 COMMENT='';

/*Data for the table `hap_org_companys` */

insert  into `hap_org_companys`(`COMPANY_ID`,`COMPANY_NUMBER`,`COMPANY_NAME`,`ENABLED_FLAG`,`CREATION_DATE`,`CREATED_BY`,`LAST_UPDATED_BY`,`LAST_UPDATE_DATE`,`LAST_UPDATE_LOGIN`) values (101,'HAND001','','Y','2016-08-24 16:48:17',-1,-1,'2016-08-24 16:48:17',-1),(102,'HAND002','','Y','2016-08-24 16:48:17',-1,-1,'2016-08-24 16:48:17',-1),(103,'HAND003','','Y','2016-08-24 16:48:17',-1,-1,'2016-08-24 16:48:17',-1),(104,'HAND004','','Y','2016-08-24 16:48:17',-1,-1,'2016-08-24 16:48:17',-1),(105,'HAND005','','N','2016-08-24 16:48:17',-1,-1,'2016-08-24 16:48:17',-1);

/*Table structure for table `hr_employee` */

DROP TABLE IF EXISTS `hr_employee`;

CREATE TABLE `hr_employee` (
  `EMPLOYEE_ID` bigint(20) NOT NULL AUTO_INCREMENT,
  `EMPLOYEE_CODE` varchar(30) NOT NULL COMMENT '',
  `NAME` varchar(50) NOT NULL COMMENT '',
  `BORN_DATE` date DEFAULT NULL COMMENT '',
  `EMAIL` varchar(50) DEFAULT NULL COMMENT '',
  `MOBIL` varchar(50) DEFAULT NULL COMMENT '',
  `JOIN_DATE` date DEFAULT NULL COMMENT '',
  `GENDER` varchar(1) DEFAULT NULL COMMENT '',
  `CERTIFICATE_ID` varchar(100) NOT NULL COMMENT 'ID',
  `STATUS` varchar(50) NOT NULL COMMENT '',
  `ENABLED_FLAG` varchar(1) NOT NULL DEFAULT 'Y' COMMENT '',
  `OBJECT_VERSION_NUMBER` bigint(20) DEFAULT '1',
  `REQUEST_ID` bigint(20) DEFAULT '-1',
  `PROGRAM_ID` bigint(20) DEFAULT '-1',
  `CREATED_BY` bigint(20) DEFAULT '-1',
  `CREATION_DATE` datetime DEFAULT CURRENT_TIMESTAMP,
  `LAST_UPDATED_BY` bigint(20) DEFAULT '-1',
  `LAST_UPDATE_DATE` datetime DEFAULT CURRENT_TIMESTAMP,
  `LAST_UPDATE_LOGIN` bigint(20) DEFAULT '-1',
  PRIMARY KEY (`EMPLOYEE_ID`),
  UNIQUE KEY `HR_EMPLOYEE_U1` (`EMPLOYEE_CODE`),
  UNIQUE KEY `HR_EMPLOYEE_U2` (`CERTIFICATE_ID`)
) ENGINE=InnoDB AUTO_INCREMENT=10007 DEFAULT CHARSET=utf8;

/*Data for the table `hr_employee` */

insert  into `hr_employee`(`EMPLOYEE_ID`,`EMPLOYEE_CODE`,`NAME`,`BORN_DATE`,`EMAIL`,`MOBIL`,`JOIN_DATE`,`GENDER`,`CERTIFICATE_ID`,`STATUS`,`ENABLED_FLAG`,`OBJECT_VERSION_NUMBER`,`REQUEST_ID`,`PROGRAM_ID`,`CREATED_BY`,`CREATION_DATE`,`LAST_UPDATED_BY`,`LAST_UPDATE_DATE`,`LAST_UPDATE_LOGIN`) values (10001,'ADMIN','','2000-01-01','shengyang.zhou@hand-china.com','13764784777','2016-06-15','M','1','NORMAL','Y',1,-1,-1,-1,'2016-12-26 19:31:32',-1,'2016-12-26 19:31:32',-1),(10002,'Rodgers','','2000-01-02','shengyang.zhou@hand-china.com','139','2016-06-16','M','37132502','NORMAL','Y',1,-1,-1,-1,'2016-12-26 19:31:32',-1,'2016-12-26 19:31:32',-1),(10003,'Hailen','','2000-01-03','shengyang.zhou@hand-china.com','189','2016-06-17','F','37132503','NORMAL','Y',1,-1,-1,-1,'2016-12-26 19:31:32',-1,'2016-12-26 19:31:32',-1),(10004,'Jessen','','2000-01-04','shengyang.zhou@hand-china.com','13764784776','2016-06-18','M','37132511','NORMAL','Y',1,-1,-1,-1,'2016-12-26 19:31:32',-1,'2016-12-26 19:31:32',-1),(10005,'Eric','','2000-01-05','eric.hap@126.com','13876499','2016-06-19','M','5675453','NORMAL','Y',1,-1,-1,-1,'2016-12-26 19:31:32',-1,'2016-12-26 19:31:32',-1),(10006,'Tony','','2000-01-06','tony.hap@126.com','1889343','2016-06-20','M','3445562','NORMAL','Y',1,-1,-1,-1,'2016-12-26 19:31:32',-1,'2016-12-26 19:31:32',-1);

/*Table structure for table `hr_employee_assign` */

DROP TABLE IF EXISTS `hr_employee_assign`;

CREATE TABLE `hr_employee_assign` (
  `ASSIGN_ID` bigint(20) NOT NULL AUTO_INCREMENT,
  `EMPLOYEE_ID` bigint(20) NOT NULL COMMENT 'ID',
  `POSITION_ID` bigint(20) NOT NULL COMMENT 'ID',
  `PRIMARY_POSITION_FLAG` varchar(1) DEFAULT NULL COMMENT '',
  `ENABLED_FLAG` varchar(1) NOT NULL DEFAULT 'Y' COMMENT '',
  `OBJECT_VERSION_NUMBER` bigint(20) DEFAULT '1',
  `REQUEST_ID` bigint(20) DEFAULT '-1',
  `PROGRAM_ID` bigint(20) DEFAULT '-1',
  `CREATED_BY` bigint(20) DEFAULT '-1',
  `CREATION_DATE` datetime DEFAULT CURRENT_TIMESTAMP,
  `LAST_UPDATED_BY` bigint(20) DEFAULT '-1',
  `LAST_UPDATE_DATE` datetime DEFAULT CURRENT_TIMESTAMP,
  `LAST_UPDATE_LOGIN` bigint(20) DEFAULT '-1',
  PRIMARY KEY (`ASSIGN_ID`),
  UNIQUE KEY `HR_EMPLOYEE_ASSIGN_U1` (`EMPLOYEE_ID`,`POSITION_ID`)
) ENGINE=InnoDB AUTO_INCREMENT=10008 DEFAULT CHARSET=utf8;

/*Data for the table `hr_employee_assign` */

insert  into `hr_employee_assign`(`ASSIGN_ID`,`EMPLOYEE_ID`,`POSITION_ID`,`PRIMARY_POSITION_FLAG`,`ENABLED_FLAG`,`OBJECT_VERSION_NUMBER`,`REQUEST_ID`,`PROGRAM_ID`,`CREATED_BY`,`CREATION_DATE`,`LAST_UPDATED_BY`,`LAST_UPDATE_DATE`,`LAST_UPDATE_LOGIN`) values (10001,10001,10001,'Y','Y',1,-1,-1,-1,'2016-12-26 19:31:33',-1,'2016-12-26 19:31:33',-1),(10002,10006,10003,'Y','Y',1,-1,-1,-1,'2016-12-26 19:31:33',-1,'2016-12-26 19:31:33',-1),(10003,10002,10011,'Y','Y',1,-1,-1,-1,'2016-12-26 19:31:33',-1,'2016-12-26 19:31:33',-1),(10004,10002,10012,'N','Y',1,-1,-1,-1,'2016-12-26 19:31:33',-1,'2016-12-26 19:31:33',-1),(10005,10004,10012,'Y','Y',1,-1,-1,-1,'2016-12-26 19:31:33',-1,'2016-12-26 19:31:33',-1),(10006,10003,10010,'Y','Y',1,-1,-1,-1,'2016-12-26 19:31:33',-1,'2016-12-26 19:31:33',-1),(10007,10005,10009,'Y','Y',1,-1,-1,-1,'2016-12-26 19:31:33',-1,'2016-12-26 19:31:33',-1);

/*Table structure for table `hr_org_position_b` */

DROP TABLE IF EXISTS `hr_org_position_b`;

CREATE TABLE `hr_org_position_b` (
  `POSITION_ID` bigint(20) NOT NULL AUTO_INCREMENT,
  `UNIT_ID` bigint(20) NOT NULL COMMENT 'ID',
  `POSITION_CODE` varchar(50) DEFAULT NULL COMMENT '',
  `NAME` varchar(100) DEFAULT NULL COMMENT '',
  `DESCRIPTION` varchar(255) DEFAULT NULL COMMENT '',
  `PARENT_POSITION_ID` bigint(20) DEFAULT NULL COMMENT 'ID',
  `ENABLED_FLAG` varchar(1) NOT NULL DEFAULT 'Y' COMMENT '',
  `OBJECT_VERSION_NUMBER` bigint(20) DEFAULT '1',
  `REQUEST_ID` bigint(20) DEFAULT '-1',
  `PROGRAM_ID` bigint(20) DEFAULT '-1',
  `CREATED_BY` bigint(20) DEFAULT '-1',
  `CREATION_DATE` datetime DEFAULT CURRENT_TIMESTAMP,
  `LAST_UPDATED_BY` bigint(20) DEFAULT '-1',
  `LAST_UPDATE_DATE` datetime DEFAULT CURRENT_TIMESTAMP,
  `LAST_UPDATE_LOGIN` bigint(20) DEFAULT '-1',
  PRIMARY KEY (`POSITION_ID`)
) ENGINE=InnoDB AUTO_INCREMENT=10013 DEFAULT CHARSET=utf8;

/*Data for the table `hr_org_position_b` */

insert  into `hr_org_position_b`(`POSITION_ID`,`UNIT_ID`,`POSITION_CODE`,`NAME`,`DESCRIPTION`,`PARENT_POSITION_ID`,`ENABLED_FLAG`,`OBJECT_VERSION_NUMBER`,`REQUEST_ID`,`PROGRAM_ID`,`CREATED_BY`,`CREATION_DATE`,`LAST_UPDATED_BY`,`LAST_UPDATE_DATE`,`LAST_UPDATE_LOGIN`) values (10001,10002,'ADMIN','','',NULL,'Y',1,-1,-1,-1,'2016-12-26 19:31:33',-1,'2016-12-26 19:31:33',-1),(10002,10002,'CEO','','',10001,'Y',1,-1,-1,-1,'2016-12-26 19:31:33',-1,'2016-12-26 19:31:33',-1),(10003,10003,'TECT_INSPECTOR','','',10002,'Y',1,-1,-1,-1,'2016-12-26 19:31:33',-1,'2016-12-26 19:31:33',-1),(10004,10007,'SALE_INSPECTOR','','',10002,'Y',1,-1,-1,-1,'2016-12-26 19:31:33',-1,'2016-12-26 19:31:33',-1),(10005,10008,'FIN_INSPECTOR','','',10002,'Y',1,-1,-1,-1,'2016-12-26 19:31:33',-1,'2016-12-26 19:31:33',-1),(10006,10006,'MARKET_INSPECTOR','','',10002,'Y',1,-1,-1,-1,'2016-12-26 19:31:33',-1,'2016-12-26 19:31:33',-1),(10007,10005,'111428','','',10002,'Y',1,-1,-1,-1,'2016-12-26 19:31:33',-1,'2016-12-26 19:31:33',-1),(10008,10005,'101662','','',10007,'Y',1,-1,-1,-1,'2016-12-26 19:31:33',-1,'2016-12-26 19:31:33',-1),(10009,10005,'115189','','',10008,'Y',1,-1,-1,-1,'2016-12-26 19:31:33',-1,'2016-12-26 19:31:33',-1),(10010,10005,'110143','','',10009,'Y',1,-1,-1,-1,'2016-12-26 19:31:33',-1,'2016-12-26 19:31:33',-1),(10011,10004,'115769','','',10003,'Y',1,-1,-1,-1,'2016-12-26 19:31:33',-1,'2016-12-26 19:31:33',-1),(10012,10004,'115731','','',10011,'Y',1,-1,-1,-1,'2016-12-26 19:31:33',-1,'2016-12-26 19:31:33',-1);

/*Table structure for table `hr_org_position_tl` */

DROP TABLE IF EXISTS `hr_org_position_tl`;

CREATE TABLE `hr_org_position_tl` (
  `POSITION_ID` bigint(20) NOT NULL,
  `LANG` varchar(50) NOT NULL,
  `NAME` varchar(100) DEFAULT NULL COMMENT '',
  `DESCRIPTION` varchar(255) DEFAULT NULL COMMENT '',
  `OBJECT_VERSION_NUMBER` bigint(20) DEFAULT '1',
  `REQUEST_ID` bigint(20) DEFAULT '-1',
  `PROGRAM_ID` bigint(20) DEFAULT '-1',
  `CREATED_BY` bigint(20) DEFAULT '-1',
  `CREATION_DATE` datetime DEFAULT CURRENT_TIMESTAMP,
  `LAST_UPDATED_BY` bigint(20) DEFAULT '-1',
  `LAST_UPDATE_DATE` datetime DEFAULT CURRENT_TIMESTAMP,
  `LAST_UPDATE_LOGIN` bigint(20) DEFAULT '-1',
  PRIMARY KEY (`POSITION_ID`,`LANG`)
) ENGINE=InnoDB DEFAULT CHARSET=utf8;

/*Data for the table `hr_org_position_tl` */

insert  into `hr_org_position_tl`(`POSITION_ID`,`LANG`,`NAME`,`DESCRIPTION`,`OBJECT_VERSION_NUMBER`,`REQUEST_ID`,`PROGRAM_ID`,`CREATED_BY`,`CREATION_DATE`,`LAST_UPDATED_BY`,`LAST_UPDATE_DATE`,`LAST_UPDATE_LOGIN`) values (10001,'en_GB','ADMIN','ADMIN',1,-1,-1,-1,'2016-12-26 19:31:33',-1,'2016-12-26 19:31:33',-1),(10001,'zh_CN','','',1,-1,-1,-1,'2016-12-26 19:31:33',-1,'2016-12-26 19:31:33',-1),(10002,'en_GB','CEO','CEO',1,-1,-1,-1,'2016-12-26 19:31:33',-1,'2016-12-26 19:31:33',-1),(10002,'zh_CN','','',1,-1,-1,-1,'2016-12-26 19:31:33',-1,'2016-12-26 19:31:33',-1),(10003,'en_GB','TECH','Technical Director',1,-1,-1,-1,'2016-12-26 19:31:33',-1,'2016-12-26 19:31:33',-1),(10003,'zh_CN','','',1,-1,-1,-1,'2016-12-26 19:31:33',-1,'2016-12-26 19:31:33',-1),(10004,'en_GB','Sales Director','Sales Director',1,-1,-1,-1,'2016-12-26 19:31:33',-1,'2016-12-26 19:31:33',-1),(10004,'zh_CN','','',1,-1,-1,-1,'2016-12-26 19:31:33',-1,'2016-12-26 19:31:33',-1),(10005,'en_GB','Financial Controller','Financial Controller',1,-1,-1,-1,'2016-12-26 19:31:33',-1,'2016-12-26 19:31:33',-1),(10005,'zh_CN','','',1,-1,-1,-1,'2016-12-26 19:31:33',-1,'2016-12-26 19:31:33',-1),(10006,'en_GB','Marketing Director','Marketing Director',1,-1,-1,-1,'2016-12-26 19:31:33',-1,'2016-12-26 19:31:33',-1),(10006,'zh_CN','','',1,-1,-1,-1,'2016-12-26 19:31:33',-1,'2016-12-26 19:31:33',-1),(10007,'en_GB','Human Resources Director','Human Resources Director',1,-1,-1,-1,'2016-12-26 19:31:33',-1,'2016-12-26 19:31:33',-1),(10007,'zh_CN','','',1,-1,-1,-1,'2016-12-26 19:31:33',-1,'2016-12-26 19:31:33',-1),(10008,'en_GB','HR Manager','HR Manager',1,-1,-1,-1,'2016-12-26 19:31:33',-1,'2016-12-26 19:31:33',-1),(10008,'zh_CN','','',1,-1,-1,-1,'2016-12-26 19:31:33',-1,'2016-12-26 19:31:33',-1),(10009,'en_GB','Human Resources Supervisor','Human Resources Supervisor',1,-1,-1,-1,'2016-12-26 19:31:33',-1,'2016-12-26 19:31:33',-1),(10009,'zh_CN','','',1,-1,-1,-1,'2016-12-26 19:31:33',-1,'2016-12-26 19:31:33',-1),(10010,'en_GB','HR Consultant','HR Consultant',1,-1,-1,-1,'2016-12-26 19:31:33',-1,'2016-12-26 19:31:33',-1),(10010,'zh_CN','','',1,-1,-1,-1,'2016-12-26 19:31:33',-1,'2016-12-26 19:31:33',-1),(10011,'en_GB','R & D Director','Research & Development Director',1,-1,-1,-1,'2016-12-26 19:31:33',-1,'2016-12-26 19:31:33',-1),(10011,'zh_CN','','',1,-1,-1,-1,'2016-12-26 19:31:33',-1,'2016-12-26 19:31:33',-1),(10012,'en_GB','R & D Engineer','R & D Engineer',1,-1,-1,-1,'2016-12-26 19:31:33',-1,'2016-12-26 19:31:33',-1),(10012,'zh_CN','','',1,-1,-1,-1,'2016-12-26 19:31:33',-1,'2016-12-26 19:31:33',-1);

/*Table structure for table `hr_org_unit_b` */

DROP TABLE IF EXISTS `hr_org_unit_b`;

CREATE TABLE `hr_org_unit_b` (
  `UNIT_ID` bigint(20) NOT NULL AUTO_INCREMENT,
  `PARENT_ID` bigint(20) DEFAULT NULL COMMENT '',
  `UNIT_CODE` varchar(50) DEFAULT NULL COMMENT '',
  `NAME` varchar(100) DEFAULT NULL COMMENT '',
  `DESCRIPTION` varchar(255) DEFAULT NULL COMMENT '',
  `MANAGER_POSITION` bigint(20) DEFAULT NULL COMMENT '',
  `COMPANY_ID` bigint(20) DEFAULT NULL COMMENT 'ID',
  `ENABLED_FLAG` varchar(1) NOT NULL DEFAULT 'Y' COMMENT '',
  `OBJECT_VERSION_NUMBER` bigint(20) DEFAULT '1',
  `REQUEST_ID` bigint(20) DEFAULT '-1',
  `PROGRAM_ID` bigint(20) DEFAULT '-1',
  `CREATED_BY` bigint(20) DEFAULT '-1',
  `CREATION_DATE` datetime DEFAULT CURRENT_TIMESTAMP,
  `LAST_UPDATED_BY` bigint(20) DEFAULT '-1',
  `LAST_UPDATE_DATE` datetime DEFAULT CURRENT_TIMESTAMP,
  `LAST_UPDATE_LOGIN` bigint(20) DEFAULT '-1',
  PRIMARY KEY (`UNIT_ID`),
  UNIQUE KEY `HR_ORG_UNIT_U1` (`UNIT_CODE`)
) ENGINE=InnoDB AUTO_INCREMENT=10009 DEFAULT CHARSET=utf8;

/*Data for the table `hr_org_unit_b` */

insert  into `hr_org_unit_b`(`UNIT_ID`,`PARENT_ID`,`UNIT_CODE`,`NAME`,`DESCRIPTION`,`MANAGER_POSITION`,`COMPANY_ID`,`ENABLED_FLAG`,`OBJECT_VERSION_NUMBER`,`REQUEST_ID`,`PROGRAM_ID`,`CREATED_BY`,`CREATION_DATE`,`LAST_UPDATED_BY`,`LAST_UPDATE_DATE`,`LAST_UPDATE_LOGIN`) values (10001,NULL,'1000','','',10002,NULL,'Y',1,-1,-1,-1,'2016-12-26 19:31:33',-1,'2016-12-26 19:31:33',-1),(10002,10001,'100000','','',10002,NULL,'Y',1,-1,-1,-1,'2016-12-26 19:31:33',-1,'2016-12-26 19:31:33',-1),(10003,10002,'100020','','',10003,NULL,'Y',1,-1,-1,-1,'2016-12-26 19:31:33',-1,'2016-12-26 19:31:33',-1),(10004,10003,'100040','','',10011,NULL,'Y',1,-1,-1,-1,'2016-12-26 19:31:33',-1,'2016-12-26 19:31:33',-1),(10005,10002,'100050','','',10007,NULL,'Y',1,-1,-1,-1,'2016-12-26 19:31:33',-1,'2016-12-26 19:31:33',-1),(10006,10002,'100060','','',10006,NULL,'Y',1,-1,-1,-1,'2016-12-26 19:31:33',-1,'2016-12-26 19:31:33',-1),(10007,10002,'100070','','',10004,NULL,'Y',1,-1,-1,-1,'2016-12-26 19:31:33',-1,'2016-12-26 19:31:33',-1),(10008,10002,'100080','','',10005,NULL,'Y',1,-1,-1,-1,'2016-12-26 19:31:33',-1,'2016-12-26 19:31:33',-1);

/*Table structure for table `hr_org_unit_tl` */

DROP TABLE IF EXISTS `hr_org_unit_tl`;

CREATE TABLE `hr_org_unit_tl` (
  `UNIT_ID` bigint(20) NOT NULL,
  `LANG` varchar(50) NOT NULL,
  `NAME` varchar(100) DEFAULT NULL COMMENT '',
  `DESCRIPTION` varchar(255) DEFAULT NULL COMMENT '',
  `OBJECT_VERSION_NUMBER` bigint(20) DEFAULT '1',
  `REQUEST_ID` bigint(20) DEFAULT '-1',
  `PROGRAM_ID` bigint(20) DEFAULT '-1',
  `CREATED_BY` bigint(20) DEFAULT '-1',
  `CREATION_DATE` datetime DEFAULT CURRENT_TIMESTAMP,
  `LAST_UPDATED_BY` bigint(20) DEFAULT '-1',
  `LAST_UPDATE_DATE` datetime DEFAULT CURRENT_TIMESTAMP,
  `LAST_UPDATE_LOGIN` bigint(20) DEFAULT '-1',
  PRIMARY KEY (`UNIT_ID`,`LANG`)
) ENGINE=InnoDB DEFAULT CHARSET=utf8;

/*Data for the table `hr_org_unit_tl` */

insert  into `hr_org_unit_tl`(`UNIT_ID`,`LANG`,`NAME`,`DESCRIPTION`,`OBJECT_VERSION_NUMBER`,`REQUEST_ID`,`PROGRAM_ID`,`CREATED_BY`,`CREATION_DATE`,`LAST_UPDATED_BY`,`LAST_UPDATE_DATE`,`LAST_UPDATE_LOGIN`) values (10001,'en_GB','Hand China Co.,Ltd','Hand China Co.,Ltd',1,-1,-1,-1,'2016-12-26 19:31:33',-1,'2016-12-26 19:31:33',-1),(10001,'zh_CN','','',1,-1,-1,-1,'2016-12-26 19:31:33',-1,'2016-12-26 19:31:33',-1),(10002,'en_GB','Hand','Hand',1,-1,-1,-1,'2016-12-26 19:31:33',-1,'2016-12-26 19:31:33',-1),(10002,'zh_CN','','',1,-1,-1,-1,'2016-12-26 19:31:33',-1,'2016-12-26 19:31:33',-1),(10003,'en_GB','TECH','TECH',1,-1,-1,-1,'2016-12-26 19:31:33',-1,'2016-12-26 19:31:33',-1),(10003,'zh_CN','','',1,-1,-1,-1,'2016-12-26 19:31:33',-1,'2016-12-26 19:31:33',-1),(10004,'en_GB','R&D','Research & Developement',1,-1,-1,-1,'2016-12-26 19:31:33',-1,'2016-12-26 19:31:33',-1),(10004,'zh_CN','','',1,-1,-1,-1,'2016-12-26 19:31:33',-1,'2016-12-26 19:31:33',-1),(10005,'en_GB','HR','HR',1,-1,-1,-1,'2016-12-26 19:31:33',-1,'2016-12-26 19:31:33',-1),(10005,'zh_CN','','',1,-1,-1,-1,'2016-12-26 19:31:33',-1,'2016-12-26 19:31:33',-1),(10006,'en_GB','Marketing Department','Marketing Department',1,-1,-1,-1,'2016-12-26 19:31:33',-1,'2016-12-26 19:31:33',-1),(10006,'zh_CN','','',1,-1,-1,-1,'2016-12-26 19:31:33',-1,'2016-12-26 19:31:33',-1),(10007,'en_GB','Sales Department','Sales Department',1,-1,-1,-1,'2016-12-26 19:31:33',-1,'2016-12-26 19:31:33',-1),(10007,'zh_CN','','',1,-1,-1,-1,'2016-12-26 19:31:33',-1,'2016-12-26 19:31:33',-1),(10008,'en_GB','Financial','Financial Management Department',1,-1,-1,-1,'2016-12-26 19:31:33',-1,'2016-12-26 19:31:33',-1),(10008,'zh_CN','','',1,-1,-1,-1,'2016-12-26 19:31:33',-1,'2016-12-26 19:31:33',-1);

/*Table structure for table `qrtz_blob_triggers` */

DROP TABLE IF EXISTS `qrtz_blob_triggers`;

CREATE TABLE `qrtz_blob_triggers` (
  `SCHED_NAME` varchar(120) NOT NULL,
  `TRIGGER_NAME` varchar(200) NOT NULL,
  `TRIGGER_GROUP` varchar(200) NOT NULL,
  `BLOB_DATA` blob,
  PRIMARY KEY (`SCHED_NAME`,`TRIGGER_NAME`,`TRIGGER_GROUP`),
  KEY `SCHED_NAME` (`SCHED_NAME`,`TRIGGER_NAME`,`TRIGGER_GROUP`),
  CONSTRAINT `qrtz_blob_triggers_ibfk_1` FOREIGN KEY (`SCHED_NAME`, `TRIGGER_NAME`, `TRIGGER_GROUP`) REFERENCES `qrtz_triggers` (`SCHED_NAME`, `TRIGGER_NAME`, `TRIGGER_GROUP`)
) ENGINE=InnoDB DEFAULT CHARSET=utf8;

/*Data for the table `qrtz_blob_triggers` */

/*Table structure for table `qrtz_calendars` */

DROP TABLE IF EXISTS `qrtz_calendars`;

CREATE TABLE `qrtz_calendars` (
  `SCHED_NAME` varchar(120) NOT NULL,
  `CALENDAR_NAME` varchar(200) NOT NULL,
  `CALENDAR` blob NOT NULL,
  PRIMARY KEY (`SCHED_NAME`,`CALENDAR_NAME`)
) ENGINE=InnoDB DEFAULT CHARSET=utf8;

/*Data for the table `qrtz_calendars` */

/*Table structure for table `qrtz_cron_triggers` */

DROP TABLE IF EXISTS `qrtz_cron_triggers`;

CREATE TABLE `qrtz_cron_triggers` (
  `SCHED_NAME` varchar(120) NOT NULL,
  `TRIGGER_NAME` varchar(200) NOT NULL,
  `TRIGGER_GROUP` varchar(200) NOT NULL,
  `CRON_EXPRESSION` varchar(120) NOT NULL,
  `TIME_ZONE_ID` varchar(80) DEFAULT NULL,
  PRIMARY KEY (`SCHED_NAME`,`TRIGGER_NAME`,`TRIGGER_GROUP`),
  CONSTRAINT `qrtz_cron_triggers_ibfk_1` FOREIGN KEY (`SCHED_NAME`, `TRIGGER_NAME`, `TRIGGER_GROUP`) REFERENCES `qrtz_triggers` (`SCHED_NAME`, `TRIGGER_NAME`, `TRIGGER_GROUP`)
) ENGINE=InnoDB DEFAULT CHARSET=utf8;

/*Data for the table `qrtz_cron_triggers` */

/*Table structure for table `qrtz_fired_triggers` */

DROP TABLE IF EXISTS `qrtz_fired_triggers`;

CREATE TABLE `qrtz_fired_triggers` (
  `SCHED_NAME` varchar(120) NOT NULL,
  `ENTRY_ID` varchar(95) NOT NULL,
  `TRIGGER_NAME` varchar(200) NOT NULL,
  `TRIGGER_GROUP` varchar(200) NOT NULL,
  `INSTANCE_NAME` varchar(200) NOT NULL,
  `FIRED_TIME` bigint(13) NOT NULL,
  `SCHED_TIME` bigint(13) NOT NULL,
  `PRIORITY` int(11) NOT NULL,
  `STATE` varchar(16) NOT NULL,
  `JOB_NAME` varchar(200) DEFAULT NULL,
  `JOB_GROUP` varchar(200) DEFAULT NULL,
  `IS_NONCONCURRENT` varchar(1) DEFAULT NULL,
  `REQUESTS_RECOVERY` varchar(1) DEFAULT NULL,
  PRIMARY KEY (`SCHED_NAME`,`ENTRY_ID`),
  KEY `IDX_QRTZ_FT_TRIG_INST_NAME` (`SCHED_NAME`,`INSTANCE_NAME`),
  KEY `IDX_QRTZ_FT_INST_JOB_REQ_RCVRY` (`SCHED_NAME`,`INSTANCE_NAME`,`REQUESTS_RECOVERY`),
  KEY `IDX_QRTZ_FT_J_G` (`SCHED_NAME`,`JOB_NAME`,`JOB_GROUP`),
  KEY `IDX_QRTZ_FT_JG` (`SCHED_NAME`,`JOB_GROUP`),
  KEY `IDX_QRTZ_FT_T_G` (`SCHED_NAME`,`TRIGGER_NAME`,`TRIGGER_GROUP`),
  KEY `IDX_QRTZ_FT_TG` (`SCHED_NAME`,`TRIGGER_GROUP`)
) ENGINE=InnoDB DEFAULT CHARSET=utf8;

/*Data for the table `qrtz_fired_triggers` */

/*Table structure for table `qrtz_job_details` */

DROP TABLE IF EXISTS `qrtz_job_details`;

CREATE TABLE `qrtz_job_details` (
  `SCHED_NAME` varchar(120) NOT NULL,
  `JOB_NAME` varchar(200) NOT NULL,
  `JOB_GROUP` varchar(200) NOT NULL,
  `DESCRIPTION` varchar(250) DEFAULT NULL,
  `JOB_CLASS_NAME` varchar(250) NOT NULL,
  `IS_DURABLE` varchar(1) NOT NULL,
  `IS_NONCONCURRENT` varchar(1) NOT NULL,
  `IS_UPDATE_DATA` varchar(1) NOT NULL,
  `REQUESTS_RECOVERY` varchar(1) NOT NULL,
  `JOB_DATA` blob,
  PRIMARY KEY (`SCHED_NAME`,`JOB_NAME`,`JOB_GROUP`),
  KEY `IDX_QRTZ_J_REQ_RECOVERY` (`SCHED_NAME`,`REQUESTS_RECOVERY`),
  KEY `IDX_QRTZ_J_GRP` (`SCHED_NAME`,`JOB_GROUP`)
) ENGINE=InnoDB DEFAULT CHARSET=utf8;

/*Data for the table `qrtz_job_details` */

/*Table structure for table `qrtz_locks` */

DROP TABLE IF EXISTS `qrtz_locks`;

CREATE TABLE `qrtz_locks` (
  `SCHED_NAME` varchar(120) NOT NULL,
  `LOCK_NAME` varchar(40) NOT NULL,
  PRIMARY KEY (`SCHED_NAME`,`LOCK_NAME`)
) ENGINE=InnoDB DEFAULT CHARSET=utf8;

/*Data for the table `qrtz_locks` */

insert  into `qrtz_locks`(`SCHED_NAME`,`LOCK_NAME`) values ('quartzScheduler','STATE_ACCESS'),('quartzScheduler','TRIGGER_ACCESS');

/*Table structure for table `qrtz_paused_trigger_grps` */

DROP TABLE IF EXISTS `qrtz_paused_trigger_grps`;

CREATE TABLE `qrtz_paused_trigger_grps` (
  `SCHED_NAME` varchar(120) NOT NULL,
  `TRIGGER_GROUP` varchar(200) NOT NULL,
  PRIMARY KEY (`SCHED_NAME`,`TRIGGER_GROUP`)
) ENGINE=InnoDB DEFAULT CHARSET=utf8;

/*Data for the table `qrtz_paused_trigger_grps` */

/*Table structure for table `qrtz_scheduler_state` */

DROP TABLE IF EXISTS `qrtz_scheduler_state`;

CREATE TABLE `qrtz_scheduler_state` (
  `SCHED_NAME` varchar(120) NOT NULL,
  `INSTANCE_NAME` varchar(200) NOT NULL,
  `LAST_CHECKIN_TIME` bigint(13) NOT NULL,
  `CHECKIN_INTERVAL` bigint(13) NOT NULL,
  PRIMARY KEY (`SCHED_NAME`,`INSTANCE_NAME`)
) ENGINE=InnoDB DEFAULT CHARSET=utf8;

/*Data for the table `qrtz_scheduler_state` */

insert  into `qrtz_scheduler_state`(`SCHED_NAME`,`INSTANCE_NAME`,`LAST_CHECKIN_TIME`,`CHECKIN_INTERVAL`) values ('quartzScheduler','1484464469020',1484477415629,20000),('quartzScheduler','1484476417313',1484477422056,20000);

/*Table structure for table `qrtz_simple_triggers` */

DROP TABLE IF EXISTS `qrtz_simple_triggers`;

CREATE TABLE `qrtz_simple_triggers` (
  `SCHED_NAME` varchar(120) NOT NULL,
  `TRIGGER_NAME` varchar(200) NOT NULL,
  `TRIGGER_GROUP` varchar(200) NOT NULL,
  `REPEAT_COUNT` bigint(7) NOT NULL,
  `REPEAT_INTERVAL` bigint(12) NOT NULL,
  `TIMES_TRIGGERED` bigint(10) NOT NULL,
  PRIMARY KEY (`SCHED_NAME`,`TRIGGER_NAME`,`TRIGGER_GROUP`),
  CONSTRAINT `qrtz_simple_triggers_ibfk_1` FOREIGN KEY (`SCHED_NAME`, `TRIGGER_NAME`, `TRIGGER_GROUP`) REFERENCES `qrtz_triggers` (`SCHED_NAME`, `TRIGGER_NAME`, `TRIGGER_GROUP`)
) ENGINE=InnoDB DEFAULT CHARSET=utf8;

/*Data for the table `qrtz_simple_triggers` */

/*Table structure for table `qrtz_simprop_triggers` */

DROP TABLE IF EXISTS `qrtz_simprop_triggers`;

CREATE TABLE `qrtz_simprop_triggers` (
  `SCHED_NAME` varchar(120) NOT NULL,
  `TRIGGER_NAME` varchar(200) NOT NULL,
  `TRIGGER_GROUP` varchar(200) NOT NULL,
  `STR_PROP_1` varchar(512) DEFAULT NULL,
  `STR_PROP_2` varchar(512) DEFAULT NULL,
  `STR_PROP_3` varchar(512) DEFAULT NULL,
  `INT_PROP_1` int(11) DEFAULT NULL,
  `INT_PROP_2` int(11) DEFAULT NULL,
  `LONG_PROP_1` bigint(20) DEFAULT NULL,
  `LONG_PROP_2` bigint(20) DEFAULT NULL,
  `DEC_PROP_1` decimal(13,4) DEFAULT NULL,
  `DEC_PROP_2` decimal(13,4) DEFAULT NULL,
  `BOOL_PROP_1` varchar(1) DEFAULT NULL,
  `BOOL_PROP_2` varchar(1) DEFAULT NULL,
  PRIMARY KEY (`SCHED_NAME`,`TRIGGER_NAME`,`TRIGGER_GROUP`),
  CONSTRAINT `qrtz_simprop_triggers_ibfk_1` FOREIGN KEY (`SCHED_NAME`, `TRIGGER_NAME`, `TRIGGER_GROUP`) REFERENCES `qrtz_triggers` (`SCHED_NAME`, `TRIGGER_NAME`, `TRIGGER_GROUP`)
) ENGINE=InnoDB DEFAULT CHARSET=utf8;

/*Data for the table `qrtz_simprop_triggers` */

/*Table structure for table `qrtz_triggers` */

DROP TABLE IF EXISTS `qrtz_triggers`;

CREATE TABLE `qrtz_triggers` (
  `SCHED_NAME` varchar(120) NOT NULL,
  `TRIGGER_NAME` varchar(200) NOT NULL,
  `TRIGGER_GROUP` varchar(200) NOT NULL,
  `JOB_NAME` varchar(200) NOT NULL,
  `JOB_GROUP` varchar(200) NOT NULL,
  `DESCRIPTION` varchar(250) DEFAULT NULL,
  `NEXT_FIRE_TIME` bigint(13) DEFAULT NULL,
  `PREV_FIRE_TIME` bigint(13) DEFAULT NULL,
  `PRIORITY` int(11) DEFAULT NULL,
  `TRIGGER_STATE` varchar(16) NOT NULL,
  `TRIGGER_TYPE` varchar(8) NOT NULL,
  `START_TIME` bigint(13) NOT NULL,
  `END_TIME` bigint(13) DEFAULT NULL,
  `CALENDAR_NAME` varchar(200) DEFAULT NULL,
  `MISFIRE_INSTR` smallint(2) DEFAULT NULL,
  `JOB_DATA` blob,
  PRIMARY KEY (`SCHED_NAME`,`TRIGGER_NAME`,`TRIGGER_GROUP`),
  KEY `IDX_QRTZ_T_J` (`SCHED_NAME`,`JOB_NAME`,`JOB_GROUP`),
  KEY `IDX_QRTZ_T_JG` (`SCHED_NAME`,`JOB_GROUP`),
  KEY `IDX_QRTZ_T_C` (`SCHED_NAME`,`CALENDAR_NAME`),
  KEY `IDX_QRTZ_T_G` (`SCHED_NAME`,`TRIGGER_GROUP`),
  KEY `IDX_QRTZ_T_STATE` (`SCHED_NAME`,`TRIGGER_STATE`),
  KEY `IDX_QRTZ_T_N_STATE` (`SCHED_NAME`,`TRIGGER_NAME`,`TRIGGER_GROUP`,`TRIGGER_STATE`),
  KEY `IDX_QRTZ_T_N_G_STATE` (`SCHED_NAME`,`TRIGGER_GROUP`,`TRIGGER_STATE`),
  KEY `IDX_QRTZ_T_NEXT_FIRE_TIME` (`SCHED_NAME`,`NEXT_FIRE_TIME`),
  KEY `IDX_QRTZ_T_NFT_ST` (`SCHED_NAME`,`TRIGGER_STATE`,`NEXT_FIRE_TIME`),
  KEY `IDX_QRTZ_T_NFT_MISFIRE` (`SCHED_NAME`,`MISFIRE_INSTR`,`NEXT_FIRE_TIME`),
  KEY `IDX_QRTZ_T_NFT_ST_MISFIRE` (`SCHED_NAME`,`MISFIRE_INSTR`,`NEXT_FIRE_TIME`,`TRIGGER_STATE`),
  KEY `IDX_QRTZ_T_NFT_ST_MISFIRE_GRP` (`SCHED_NAME`,`MISFIRE_INSTR`,`NEXT_FIRE_TIME`,`TRIGGER_GROUP`,`TRIGGER_STATE`),
  CONSTRAINT `qrtz_triggers_ibfk_1` FOREIGN KEY (`SCHED_NAME`, `JOB_NAME`, `JOB_GROUP`) REFERENCES `qrtz_job_details` (`SCHED_NAME`, `JOB_NAME`, `JOB_GROUP`)
) ENGINE=InnoDB DEFAULT CHARSET=utf8;

/*Data for the table `qrtz_triggers` */

/*Table structure for table `sys_account_retrieve` */

DROP TABLE IF EXISTS `sys_account_retrieve`;

CREATE TABLE `sys_account_retrieve` (
  `USER_ID` bigint(20) NOT NULL AUTO_INCREMENT,
  `RETRIEVE_TYPE` varchar(30) DEFAULT NULL COMMENT ':NAME/PWD',
  `RETRIEVE_DATE` datetime DEFAULT NULL COMMENT '',
  `OBJECT_VERSION_NUMBER` bigint(20) DEFAULT '1',
  `REQUEST_ID` bigint(20) DEFAULT '-1',
  `PROGRAM_ID` bigint(20) DEFAULT '-1',
  `CREATED_BY` bigint(20) DEFAULT '-1',
  `CREATION_DATE` datetime DEFAULT CURRENT_TIMESTAMP,
  `LAST_UPDATED_BY` bigint(20) DEFAULT '-1',
  `LAST_UPDATE_DATE` datetime DEFAULT CURRENT_TIMESTAMP,
  `LAST_UPDATE_LOGIN` bigint(20) DEFAULT '-1',
  PRIMARY KEY (`USER_ID`)
) ENGINE=InnoDB DEFAULT CHARSET=utf8;

/*Data for the table `sys_account_retrieve` */

/*Table structure for table `sys_attach_category_b` */

DROP TABLE IF EXISTS `sys_attach_category_b`;

CREATE TABLE `sys_attach_category_b` (
  `CATEGORY_ID` bigint(20) NOT NULL AUTO_INCREMENT,
  `CATEGORY_NAME` varchar(40) DEFAULT NULL,
  `LEAF_FLAG` varchar(1) DEFAULT NULL,
  `DESCRIPTION` varchar(240) DEFAULT NULL,
  `STATUS` varchar(1) DEFAULT NULL,
  `PARENT_CATEGORY_ID` bigint(20) DEFAULT NULL,
  `PATH` varchar(200) DEFAULT NULL COMMENT '',
  `SOURCE_TYPE` varchar(30) DEFAULT NULL,
  `ALLOWED_FILE_TYPE` varchar(30) DEFAULT NULL,
  `ALLOWED_FILE_SIZE` decimal(20,0) DEFAULT NULL,
  `IS_UNIQUE` varchar(1) DEFAULT NULL,
  `CATEGORY_PATH` varchar(255) DEFAULT NULL,
  `OBJECT_VERSION_NUMBER` bigint(20) DEFAULT '1',
  `REQUEST_ID` bigint(20) DEFAULT '-1',
  `PROGRAM_ID` bigint(20) DEFAULT '-1',
  `CREATED_BY` bigint(20) DEFAULT '-1',
  `CREATION_DATE` datetime DEFAULT CURRENT_TIMESTAMP,
  `LAST_UPDATED_BY` bigint(20) DEFAULT '-1',
  `LAST_UPDATE_DATE` datetime DEFAULT CURRENT_TIMESTAMP,
  `LAST_UPDATE_LOGIN` bigint(20) DEFAULT '-1',
  `ATTRIBUTE_CATEGORY` varchar(30) DEFAULT NULL,
  `ATTRIBUTE1` varchar(240) DEFAULT NULL,
  `ATTRIBUTE2` varchar(240) DEFAULT NULL,
  `ATTRIBUTE3` varchar(240) DEFAULT NULL,
  `ATTRIBUTE4` varchar(240) DEFAULT NULL,
  `ATTRIBUTE5` varchar(240) DEFAULT NULL,
  `ATTRIBUTE6` varchar(240) DEFAULT NULL,
  `ATTRIBUTE7` varchar(240) DEFAULT NULL,
  `ATTRIBUTE8` varchar(240) DEFAULT NULL,
  `ATTRIBUTE9` varchar(240) DEFAULT NULL,
  `ATTRIBUTE10` varchar(240) DEFAULT NULL,
  `ATTRIBUTE11` varchar(240) DEFAULT NULL,
  `ATTRIBUTE12` varchar(240) DEFAULT NULL,
  `ATTRIBUTE13` varchar(240) DEFAULT NULL,
  `ATTRIBUTE14` varchar(240) DEFAULT NULL,
  `ATTRIBUTE15` varchar(240) DEFAULT NULL,
  PRIMARY KEY (`CATEGORY_ID`)
) ENGINE=InnoDB AUTO_INCREMENT=5 DEFAULT CHARSET=utf8;

/*Data for the table `sys_attach_category_b` */

insert  into `sys_attach_category_b`(`CATEGORY_ID`,`CATEGORY_NAME`,`LEAF_FLAG`,`DESCRIPTION`,`STATUS`,`PARENT_CATEGORY_ID`,`PATH`,`SOURCE_TYPE`,`ALLOWED_FILE_TYPE`,`ALLOWED_FILE_SIZE`,`IS_UNIQUE`,`CATEGORY_PATH`,`OBJECT_VERSION_NUMBER`,`REQUEST_ID`,`PROGRAM_ID`,`CREATED_BY`,`CREATION_DATE`,`LAST_UPDATED_BY`,`LAST_UPDATE_DATE`,`LAST_UPDATE_LOGIN`,`ATTRIBUTE_CATEGORY`,`ATTRIBUTE1`,`ATTRIBUTE2`,`ATTRIBUTE3`,`ATTRIBUTE4`,`ATTRIBUTE5`,`ATTRIBUTE6`,`ATTRIBUTE7`,`ATTRIBUTE8`,`ATTRIBUTE9`,`ATTRIBUTE10`,`ATTRIBUTE11`,`ATTRIBUTE12`,`ATTRIBUTE13`,`ATTRIBUTE14`,`ATTRIBUTE15`) values (1,'1','0','1','1',-1,'1','FOLDER',NULL,NULL,'Y',NULL,1,-1,-1,-1,'2016-12-26 19:31:22',-1,'2016-12-26 19:31:22',-1,NULL,NULL,NULL,NULL,NULL,NULL,NULL,NULL,NULL,NULL,NULL,NULL,NULL,NULL,NULL,NULL),(2,'2','0','2','1',1,'1.2','FOLDER',NULL,NULL,'N',NULL,1,-1,-1,-1,'2016-12-26 19:31:22',-1,'2016-12-26 19:31:22',-1,NULL,NULL,NULL,NULL,NULL,NULL,NULL,NULL,NULL,NULL,NULL,NULL,NULL,NULL,NULL,NULL),(3,'3','0','1','1',2,'1.2.3','IMG',NULL,NULL,'Y','/Users/jessen/Pictures/hap/img',1,-1,-1,-1,'2016-12-26 19:31:22',-1,'2016-12-26 19:31:22',-1,NULL,NULL,NULL,NULL,NULL,NULL,NULL,NULL,NULL,NULL,NULL,NULL,NULL,NULL,NULL,NULL),(4,'Leaf 1.1','1','Leaf 1.1','1',3,'1.2.3.4','IMG2','.jpg;.jpeg;.png',NULL,'N','/Users/jessen/Pictures/hap/img',1,-1,-1,-1,'2016-12-26 19:31:22',-1,'2016-12-26 19:31:22',-1,NULL,NULL,NULL,NULL,NULL,NULL,NULL,NULL,NULL,NULL,NULL,NULL,NULL,NULL,NULL,NULL);

/*Table structure for table `sys_attach_category_tl` */

DROP TABLE IF EXISTS `sys_attach_category_tl`;

CREATE TABLE `sys_attach_category_tl` (
  `CATEGORY_ID` bigint(20) NOT NULL,
  `LANG` varchar(10) NOT NULL,
  `CATEGORY_NAME` varchar(40) DEFAULT NULL COMMENT '',
  `DESCRIPTION` varchar(240) DEFAULT NULL COMMENT '',
  `OBJECT_VERSION_NUMBER` bigint(20) DEFAULT '1',
  `REQUEST_ID` bigint(20) DEFAULT '-1',
  `PROGRAM_ID` bigint(20) DEFAULT '-1',
  `CREATED_BY` bigint(20) DEFAULT '-1',
  `CREATION_DATE` datetime DEFAULT CURRENT_TIMESTAMP,
  `LAST_UPDATED_BY` bigint(20) DEFAULT '-1',
  `LAST_UPDATE_DATE` datetime DEFAULT CURRENT_TIMESTAMP,
  `LAST_UPDATE_LOGIN` bigint(20) DEFAULT '-1',
  `ATTRIBUTE_CATEGORY` varchar(30) DEFAULT NULL,
  `ATTRIBUTE1` varchar(240) DEFAULT NULL,
  `ATTRIBUTE2` varchar(240) DEFAULT NULL,
  `ATTRIBUTE3` varchar(240) DEFAULT NULL,
  `ATTRIBUTE4` varchar(240) DEFAULT NULL,
  `ATTRIBUTE5` varchar(240) DEFAULT NULL,
  `ATTRIBUTE6` varchar(240) DEFAULT NULL,
  `ATTRIBUTE7` varchar(240) DEFAULT NULL,
  `ATTRIBUTE8` varchar(240) DEFAULT NULL,
  `ATTRIBUTE9` varchar(240) DEFAULT NULL,
  `ATTRIBUTE10` varchar(240) DEFAULT NULL,
  `ATTRIBUTE11` varchar(240) DEFAULT NULL,
  `ATTRIBUTE12` varchar(240) DEFAULT NULL,
  `ATTRIBUTE13` varchar(240) DEFAULT NULL,
  `ATTRIBUTE14` varchar(240) DEFAULT NULL,
  `ATTRIBUTE15` varchar(240) DEFAULT NULL,
  PRIMARY KEY (`CATEGORY_ID`,`LANG`)
) ENGINE=InnoDB DEFAULT CHARSET=utf8;

/*Data for the table `sys_attach_category_tl` */

insert  into `sys_attach_category_tl`(`CATEGORY_ID`,`LANG`,`CATEGORY_NAME`,`DESCRIPTION`,`OBJECT_VERSION_NUMBER`,`REQUEST_ID`,`PROGRAM_ID`,`CREATED_BY`,`CREATION_DATE`,`LAST_UPDATED_BY`,`LAST_UPDATE_DATE`,`LAST_UPDATE_LOGIN`,`ATTRIBUTE_CATEGORY`,`ATTRIBUTE1`,`ATTRIBUTE2`,`ATTRIBUTE3`,`ATTRIBUTE4`,`ATTRIBUTE5`,`ATTRIBUTE6`,`ATTRIBUTE7`,`ATTRIBUTE8`,`ATTRIBUTE9`,`ATTRIBUTE10`,`ATTRIBUTE11`,`ATTRIBUTE12`,`ATTRIBUTE13`,`ATTRIBUTE14`,`ATTRIBUTE15`) values (1,'en_GB','Category1','Category1',1,-1,-1,-1,'2016-12-26 19:31:22',-1,'2016-12-26 19:31:22',-1,NULL,NULL,NULL,NULL,NULL,NULL,NULL,NULL,NULL,NULL,NULL,NULL,NULL,NULL,NULL,NULL),(1,'zh_CN','1','1',1,-1,-1,-1,'2016-12-26 19:31:22',-1,'2016-12-26 19:31:22',-1,NULL,NULL,NULL,NULL,NULL,NULL,NULL,NULL,NULL,NULL,NULL,NULL,NULL,NULL,NULL,NULL),(2,'en_GB','Category2','Category2',1,-1,-1,-1,'2016-12-26 19:31:22',-1,'2016-12-26 19:31:22',-1,NULL,NULL,NULL,NULL,NULL,NULL,NULL,NULL,NULL,NULL,NULL,NULL,NULL,NULL,NULL,NULL),(2,'zh_CN','2','2',1,-1,-1,-1,'2016-12-26 19:31:22',-1,'2016-12-26 19:31:22',-1,NULL,NULL,NULL,NULL,NULL,NULL,NULL,NULL,NULL,NULL,NULL,NULL,NULL,NULL,NULL,NULL),(3,'en_GB','Category3','Left1',1,-1,-1,-1,'2016-12-26 19:31:22',-1,'2016-12-26 19:31:22',-1,NULL,NULL,NULL,NULL,NULL,NULL,NULL,NULL,NULL,NULL,NULL,NULL,NULL,NULL,NULL,NULL),(3,'zh_CN','3','1',1,-1,-1,-1,'2016-12-26 19:31:22',-1,'2016-12-26 19:31:22',-1,NULL,NULL,NULL,NULL,NULL,NULL,NULL,NULL,NULL,NULL,NULL,NULL,NULL,NULL,NULL,NULL),(4,'en_GB','Leaf1.1','Leaf 1.1',1,-1,-1,-1,'2016-12-26 19:31:22',-1,'2016-12-26 19:31:22',-1,NULL,NULL,NULL,NULL,NULL,NULL,NULL,NULL,NULL,NULL,NULL,NULL,NULL,NULL,NULL,NULL),(4,'zh_CN','Leaf 1.1','Leaf 1.1',1,-1,-1,-1,'2016-12-26 19:31:22',-1,'2016-12-26 19:31:22',-1,NULL,NULL,NULL,NULL,NULL,NULL,NULL,NULL,NULL,NULL,NULL,NULL,NULL,NULL,NULL,NULL);

/*Table structure for table `sys_attachment` */

DROP TABLE IF EXISTS `sys_attachment`;

CREATE TABLE `sys_attachment` (
  `ATTACHMENT_ID` bigint(20) NOT NULL AUTO_INCREMENT,
  `CATEGORY_ID` bigint(20) DEFAULT NULL COMMENT 'ID',
  `NAME` varchar(40) DEFAULT NULL COMMENT '',
  `SOURCE_TYPE` varchar(30) DEFAULT NULL COMMENT '',
  `SOURCE_KEY` varchar(40) DEFAULT NULL COMMENT '',
  `STATUS` varchar(1) DEFAULT NULL COMMENT '',
  `START_ACTIVE_DATE` datetime DEFAULT NULL COMMENT '',
  `END_ACTIVE_DATE` datetime DEFAULT NULL COMMENT '',
  `OBJECT_VERSION_NUMBER` bigint(20) DEFAULT '1',
  `REQUEST_ID` bigint(20) DEFAULT '-1',
  `PROGRAM_ID` bigint(20) DEFAULT '-1',
  `CREATED_BY` bigint(20) DEFAULT '-1',
  `CREATION_DATE` datetime DEFAULT CURRENT_TIMESTAMP,
  `LAST_UPDATED_BY` bigint(20) DEFAULT '-1',
  `LAST_UPDATE_DATE` datetime DEFAULT CURRENT_TIMESTAMP,
  `LAST_UPDATE_LOGIN` bigint(20) DEFAULT '-1',
  `ATTRIBUTE_CATEGORY` varchar(30) DEFAULT NULL,
  `ATTRIBUTE1` varchar(240) DEFAULT NULL,
  `ATTRIBUTE2` varchar(240) DEFAULT NULL,
  `ATTRIBUTE3` varchar(240) DEFAULT NULL,
  `ATTRIBUTE4` varchar(240) DEFAULT NULL,
  `ATTRIBUTE5` varchar(240) DEFAULT NULL,
  `ATTRIBUTE6` varchar(240) DEFAULT NULL,
  `ATTRIBUTE7` varchar(240) DEFAULT NULL,
  `ATTRIBUTE8` varchar(240) DEFAULT NULL,
  `ATTRIBUTE9` varchar(240) DEFAULT NULL,
  `ATTRIBUTE10` varchar(240) DEFAULT NULL,
  `ATTRIBUTE11` varchar(240) DEFAULT NULL,
  `ATTRIBUTE12` varchar(240) DEFAULT NULL,
  `ATTRIBUTE13` varchar(240) DEFAULT NULL,
  `ATTRIBUTE14` varchar(240) DEFAULT NULL,
  `ATTRIBUTE15` varchar(240) DEFAULT NULL,
  PRIMARY KEY (`ATTACHMENT_ID`),
  KEY `SYS_ATTACHMENT_N1` (`CATEGORY_ID`),
  KEY `SYS_ATTACHMENT_N2` (`SOURCE_TYPE`,`SOURCE_KEY`)
) ENGINE=InnoDB DEFAULT CHARSET=utf8;

/*Data for the table `sys_attachment` */

/*Table structure for table `sys_code_b` */

DROP TABLE IF EXISTS `sys_code_b`;

CREATE TABLE `sys_code_b` (
  `CODE_ID` bigint(20) NOT NULL AUTO_INCREMENT,
  `CODE` varchar(30) NOT NULL COMMENT '',
  `DESCRIPTION` varchar(240) DEFAULT NULL COMMENT '',
  `OBJECT_VERSION_NUMBER` bigint(20) DEFAULT '1',
  `REQUEST_ID` bigint(20) DEFAULT '-1',
  `PROGRAM_ID` bigint(20) DEFAULT '-1',
  `CREATED_BY` bigint(20) DEFAULT '-1',
  `CREATION_DATE` datetime DEFAULT CURRENT_TIMESTAMP,
  `LAST_UPDATED_BY` bigint(20) DEFAULT '-1',
  `LAST_UPDATE_DATE` datetime DEFAULT CURRENT_TIMESTAMP,
  `LAST_UPDATE_LOGIN` bigint(20) DEFAULT '-1',
  `ATTRIBUTE_CATEGORY` varchar(30) DEFAULT NULL,
  `ATTRIBUTE1` varchar(240) DEFAULT NULL,
  `ATTRIBUTE2` varchar(240) DEFAULT NULL,
  `ATTRIBUTE3` varchar(240) DEFAULT NULL,
  `ATTRIBUTE4` varchar(240) DEFAULT NULL,
  `ATTRIBUTE5` varchar(240) DEFAULT NULL,
  `ATTRIBUTE6` varchar(240) DEFAULT NULL,
  `ATTRIBUTE7` varchar(240) DEFAULT NULL,
  `ATTRIBUTE8` varchar(240) DEFAULT NULL,
  `ATTRIBUTE9` varchar(240) DEFAULT NULL,
  `ATTRIBUTE10` varchar(240) DEFAULT NULL,
  `ATTRIBUTE11` varchar(240) DEFAULT NULL,
  `ATTRIBUTE12` varchar(240) DEFAULT NULL,
  `ATTRIBUTE13` varchar(240) DEFAULT NULL,
  `ATTRIBUTE14` varchar(240) DEFAULT NULL,
  `ATTRIBUTE15` varchar(240) DEFAULT NULL,
  PRIMARY KEY (`CODE_ID`),
  UNIQUE KEY `SYS_CODE_B_U1` (`CODE`)
) ENGINE=InnoDB AUTO_INCREMENT=10015 DEFAULT CHARSET=utf8;

/*Data for the table `sys_code_b` */

insert  into `sys_code_b`(`CODE_ID`,`CODE`,`DESCRIPTION`,`OBJECT_VERSION_NUMBER`,`REQUEST_ID`,`PROGRAM_ID`,`CREATED_BY`,`CREATION_DATE`,`LAST_UPDATED_BY`,`LAST_UPDATE_DATE`,`LAST_UPDATE_LOGIN`,`ATTRIBUTE_CATEGORY`,`ATTRIBUTE1`,`ATTRIBUTE2`,`ATTRIBUTE3`,`ATTRIBUTE4`,`ATTRIBUTE5`,`ATTRIBUTE6`,`ATTRIBUTE7`,`ATTRIBUTE8`,`ATTRIBUTE9`,`ATTRIBUTE10`,`ATTRIBUTE11`,`ATTRIBUTE12`,`ATTRIBUTE13`,`ATTRIBUTE14`,`ATTRIBUTE15`) values (10001,'HR.EMPLOYEE_GENDER','',1,-1,-1,-1,'2016-12-26 19:31:32',-1,'2016-12-26 19:31:32',-1,NULL,NULL,NULL,NULL,NULL,NULL,NULL,NULL,NULL,NULL,NULL,NULL,NULL,NULL,NULL,NULL),(10002,'HR.EMPLOYEE_STATUS','',1,-1,-1,-1,'2016-12-26 19:31:32',-1,'2016-12-26 19:31:32',-1,NULL,NULL,NULL,NULL,NULL,NULL,NULL,NULL,NULL,NULL,NULL,NULL,NULL,NULL,NULL,NULL),(10003,'SYS.ALIGN_TYPE','',1,-1,-1,-1,'2016-12-26 19:31:32',-1,'2016-12-26 19:31:32',-1,NULL,NULL,NULL,NULL,NULL,NULL,NULL,NULL,NULL,NULL,NULL,NULL,NULL,NULL,NULL,NULL),(10004,'SYS.CAPTCHA_POLICY','',1,-1,-1,-1,'2016-12-26 19:31:32',-1,'2016-12-26 19:31:32',-1,NULL,NULL,NULL,NULL,NULL,NULL,NULL,NULL,NULL,NULL,NULL,NULL,NULL,NULL,NULL,NULL),(10005,'SYS.LOV_EDITOR_TYPE','LOV ',1,-1,-1,-1,'2016-12-26 19:31:32',-1,'2016-12-26 19:31:32',-1,NULL,NULL,NULL,NULL,NULL,NULL,NULL,NULL,NULL,NULL,NULL,NULL,NULL,NULL,NULL,NULL),(10006,'SYS.PRIORITY_LEVEL','',1,-1,-1,-1,'2016-12-26 19:31:32',-1,'2016-12-26 19:31:32',-1,NULL,NULL,NULL,NULL,NULL,NULL,NULL,NULL,NULL,NULL,NULL,NULL,NULL,NULL,NULL,NULL),(10007,'SYS.PROFILE_LEVEL_ID','',1,-1,-1,-1,'2016-12-26 19:31:32',-1,'2016-12-26 19:31:32',-1,NULL,NULL,NULL,NULL,NULL,NULL,NULL,NULL,NULL,NULL,NULL,NULL,NULL,NULL,NULL,NULL),(10008,'SYS.RESOURCE_TYPE','',1,-1,-1,-1,'2016-12-26 19:31:32',-1,'2016-12-26 19:31:32',-1,NULL,NULL,NULL,NULL,NULL,NULL,NULL,NULL,NULL,NULL,NULL,NULL,NULL,NULL,NULL,NULL),(10009,'SYS.TIME_ZONE','',1,-1,-1,-1,'2016-12-26 19:31:32',-1,'2016-12-26 19:31:32',-1,NULL,NULL,NULL,NULL,NULL,NULL,NULL,NULL,NULL,NULL,NULL,NULL,NULL,NULL,NULL,NULL),(10010,'SYS.USER_STATUS','',1,-1,-1,-1,'2016-12-26 19:31:32',-1,'2016-12-26 19:31:32',-1,NULL,NULL,NULL,NULL,NULL,NULL,NULL,NULL,NULL,NULL,NULL,NULL,NULL,NULL,NULL,NULL),(10011,'SYS.YES_NO',' YN',1,-1,-1,-1,'2016-12-26 19:31:32',-1,'2016-12-26 19:31:32',-1,NULL,NULL,NULL,NULL,NULL,NULL,NULL,NULL,NULL,NULL,NULL,NULL,NULL,NULL,NULL,NULL),(10012,'SYS.PASSWORD_COMPLEXITY','',1,-1,-1,-1,'2016-12-26 19:31:32',-1,'2016-12-26 19:31:32',-1,NULL,NULL,NULL,NULL,NULL,NULL,NULL,NULL,NULL,NULL,NULL,NULL,NULL,NULL,NULL,NULL),(10013,'SYS.IF.REQUEST_STATUS','',1,-1,-1,-1,'2016-12-26 19:31:32',-1,'2016-12-26 19:31:32',-1,NULL,NULL,NULL,NULL,NULL,NULL,NULL,NULL,NULL,NULL,NULL,NULL,NULL,NULL,NULL,NULL),(10014,'HAP_OM_ORDER_STATUS','',1,-1,-1,10001,'2017-01-09 12:37:00',10001,'2017-01-09 12:37:00',10001,NULL,NULL,NULL,NULL,NULL,NULL,NULL,NULL,NULL,NULL,NULL,NULL,NULL,NULL,NULL,NULL);

/*Table structure for table `sys_code_tl` */

DROP TABLE IF EXISTS `sys_code_tl`;

CREATE TABLE `sys_code_tl` (
  `CODE_ID` bigint(20) NOT NULL,
  `LANG` varchar(10) NOT NULL,
  `DESCRIPTION` varchar(240) DEFAULT NULL COMMENT '',
  `OBJECT_VERSION_NUMBER` bigint(20) DEFAULT '1',
  `REQUEST_ID` bigint(20) DEFAULT '-1',
  `PROGRAM_ID` bigint(20) DEFAULT '-1',
  `CREATED_BY` bigint(20) DEFAULT '-1',
  `CREATION_DATE` datetime DEFAULT CURRENT_TIMESTAMP,
  `LAST_UPDATED_BY` bigint(20) DEFAULT '-1',
  `LAST_UPDATE_DATE` datetime DEFAULT CURRENT_TIMESTAMP,
  `LAST_UPDATE_LOGIN` bigint(20) DEFAULT '-1',
  `ATTRIBUTE_CATEGORY` varchar(30) DEFAULT NULL,
  `ATTRIBUTE1` varchar(240) DEFAULT NULL,
  `ATTRIBUTE2` varchar(240) DEFAULT NULL,
  `ATTRIBUTE3` varchar(240) DEFAULT NULL,
  `ATTRIBUTE4` varchar(240) DEFAULT NULL,
  `ATTRIBUTE5` varchar(240) DEFAULT NULL,
  `ATTRIBUTE6` varchar(240) DEFAULT NULL,
  `ATTRIBUTE7` varchar(240) DEFAULT NULL,
  `ATTRIBUTE8` varchar(240) DEFAULT NULL,
  `ATTRIBUTE9` varchar(240) DEFAULT NULL,
  `ATTRIBUTE10` varchar(240) DEFAULT NULL,
  `ATTRIBUTE11` varchar(240) DEFAULT NULL,
  `ATTRIBUTE12` varchar(240) DEFAULT NULL,
  `ATTRIBUTE13` varchar(240) DEFAULT NULL,
  `ATTRIBUTE14` varchar(240) DEFAULT NULL,
  `ATTRIBUTE15` varchar(240) DEFAULT NULL,
  PRIMARY KEY (`CODE_ID`,`LANG`)
) ENGINE=InnoDB DEFAULT CHARSET=utf8;

/*Data for the table `sys_code_tl` */

insert  into `sys_code_tl`(`CODE_ID`,`LANG`,`DESCRIPTION`,`OBJECT_VERSION_NUMBER`,`REQUEST_ID`,`PROGRAM_ID`,`CREATED_BY`,`CREATION_DATE`,`LAST_UPDATED_BY`,`LAST_UPDATE_DATE`,`LAST_UPDATE_LOGIN`,`ATTRIBUTE_CATEGORY`,`ATTRIBUTE1`,`ATTRIBUTE2`,`ATTRIBUTE3`,`ATTRIBUTE4`,`ATTRIBUTE5`,`ATTRIBUTE6`,`ATTRIBUTE7`,`ATTRIBUTE8`,`ATTRIBUTE9`,`ATTRIBUTE10`,`ATTRIBUTE11`,`ATTRIBUTE12`,`ATTRIBUTE13`,`ATTRIBUTE14`,`ATTRIBUTE15`) values (10001,'en_GB','Gender',1,-1,-1,-1,'2016-12-26 19:31:32',-1,'2016-12-26 19:31:32',-1,NULL,NULL,NULL,NULL,NULL,NULL,NULL,NULL,NULL,NULL,NULL,NULL,NULL,NULL,NULL,NULL),(10001,'zh_CN','',1,-1,-1,-1,'2016-12-26 19:31:32',-1,'2016-12-26 19:31:32',-1,NULL,NULL,NULL,NULL,NULL,NULL,NULL,NULL,NULL,NULL,NULL,NULL,NULL,NULL,NULL,NULL),(10002,'en_GB','Employee Status',1,-1,-1,-1,'2016-12-26 19:31:32',-1,'2016-12-26 19:31:32',-1,NULL,NULL,NULL,NULL,NULL,NULL,NULL,NULL,NULL,NULL,NULL,NULL,NULL,NULL,NULL,NULL),(10002,'zh_CN','',1,-1,-1,-1,'2016-12-26 19:31:32',-1,'2016-12-26 19:31:32',-1,NULL,NULL,NULL,NULL,NULL,NULL,NULL,NULL,NULL,NULL,NULL,NULL,NULL,NULL,NULL,NULL),(10003,'en_GB','Align Type',1,-1,-1,-1,'2016-12-26 19:31:32',-1,'2016-12-26 19:31:32',-1,NULL,NULL,NULL,NULL,NULL,NULL,NULL,NULL,NULL,NULL,NULL,NULL,NULL,NULL,NULL,NULL),(10003,'zh_CN','',1,-1,-1,-1,'2016-12-26 19:31:32',-1,'2016-12-26 19:31:32',-1,NULL,NULL,NULL,NULL,NULL,NULL,NULL,NULL,NULL,NULL,NULL,NULL,NULL,NULL,NULL,NULL),(10004,'en_GB','Captcha Policy',1,-1,-1,-1,'2016-12-26 19:31:32',-1,'2016-12-26 19:31:32',-1,NULL,NULL,NULL,NULL,NULL,NULL,NULL,NULL,NULL,NULL,NULL,NULL,NULL,NULL,NULL,NULL),(10004,'zh_CN','',1,-1,-1,-1,'2016-12-26 19:31:32',-1,'2016-12-26 19:31:32',-1,NULL,NULL,NULL,NULL,NULL,NULL,NULL,NULL,NULL,NULL,NULL,NULL,NULL,NULL,NULL,NULL),(10005,'en_GB','LOV Editor Type',1,-1,-1,-1,'2016-12-26 19:31:32',-1,'2016-12-26 19:31:32',-1,NULL,NULL,NULL,NULL,NULL,NULL,NULL,NULL,NULL,NULL,NULL,NULL,NULL,NULL,NULL,NULL),(10005,'zh_CN','LOV ',1,-1,-1,-1,'2016-12-26 19:31:32',-1,'2016-12-26 19:31:32',-1,NULL,NULL,NULL,NULL,NULL,NULL,NULL,NULL,NULL,NULL,NULL,NULL,NULL,NULL,NULL,NULL),(10006,'en_GB','Template Priority',1,-1,-1,-1,'2016-12-26 19:31:32',-1,'2016-12-26 19:31:32',-1,NULL,NULL,NULL,NULL,NULL,NULL,NULL,NULL,NULL,NULL,NULL,NULL,NULL,NULL,NULL,NULL),(10006,'zh_CN','',1,-1,-1,-1,'2016-12-26 19:31:32',-1,'2016-12-26 19:31:32',-1,NULL,NULL,NULL,NULL,NULL,NULL,NULL,NULL,NULL,NULL,NULL,NULL,NULL,NULL,NULL,NULL),(10007,'en_GB','Profile Level',1,-1,-1,-1,'2016-12-26 19:31:32',-1,'2016-12-26 19:31:32',-1,NULL,NULL,NULL,NULL,NULL,NULL,NULL,NULL,NULL,NULL,NULL,NULL,NULL,NULL,NULL,NULL),(10007,'zh_CN','',1,-1,-1,-1,'2016-12-26 19:31:32',-1,'2016-12-26 19:31:32',-1,NULL,NULL,NULL,NULL,NULL,NULL,NULL,NULL,NULL,NULL,NULL,NULL,NULL,NULL,NULL,NULL),(10008,'en_GB','Resource Type',1,-1,-1,-1,'2016-12-26 19:31:32',-1,'2016-12-26 19:31:32',-1,NULL,NULL,NULL,NULL,NULL,NULL,NULL,NULL,NULL,NULL,NULL,NULL,NULL,NULL,NULL,NULL),(10008,'zh_CN','',1,-1,-1,-1,'2016-12-26 19:31:32',-1,'2016-12-26 19:31:32',-1,NULL,NULL,NULL,NULL,NULL,NULL,NULL,NULL,NULL,NULL,NULL,NULL,NULL,NULL,NULL,NULL),(10009,'en_GB','Time Zone',1,-1,-1,-1,'2016-12-26 19:31:32',-1,'2016-12-26 19:31:32',-1,NULL,NULL,NULL,NULL,NULL,NULL,NULL,NULL,NULL,NULL,NULL,NULL,NULL,NULL,NULL,NULL),(10009,'zh_CN','',1,-1,-1,-1,'2016-12-26 19:31:32',-1,'2016-12-26 19:31:32',-1,NULL,NULL,NULL,NULL,NULL,NULL,NULL,NULL,NULL,NULL,NULL,NULL,NULL,NULL,NULL,NULL),(10010,'en_GB','User Status',1,-1,-1,-1,'2016-12-26 19:31:32',-1,'2016-12-26 19:31:32',-1,NULL,NULL,NULL,NULL,NULL,NULL,NULL,NULL,NULL,NULL,NULL,NULL,NULL,NULL,NULL,NULL),(10010,'zh_CN','',1,-1,-1,-1,'2016-12-26 19:31:32',-1,'2016-12-26 19:31:32',-1,NULL,NULL,NULL,NULL,NULL,NULL,NULL,NULL,NULL,NULL,NULL,NULL,NULL,NULL,NULL,NULL),(10011,'en_GB','Yes No',1,-1,-1,-1,'2016-12-26 19:31:32',-1,'2016-12-26 19:31:32',-1,NULL,NULL,NULL,NULL,NULL,NULL,NULL,NULL,NULL,NULL,NULL,NULL,NULL,NULL,NULL,NULL),(10011,'zh_CN',' YN',1,-1,-1,-1,'2016-12-26 19:31:32',-1,'2016-12-26 19:31:32',-1,NULL,NULL,NULL,NULL,NULL,NULL,NULL,NULL,NULL,NULL,NULL,NULL,NULL,NULL,NULL,NULL),(10012,'en_GB','Password Complexity',1,-1,-1,-1,'2016-12-26 19:31:32',-1,'2016-12-26 19:31:32',-1,NULL,NULL,NULL,NULL,NULL,NULL,NULL,NULL,NULL,NULL,NULL,NULL,NULL,NULL,NULL,NULL),(10012,'zh_CN','',1,-1,-1,-1,'2016-12-26 19:31:32',-1,'2016-12-26 19:31:32',-1,NULL,NULL,NULL,NULL,NULL,NULL,NULL,NULL,NULL,NULL,NULL,NULL,NULL,NULL,NULL,NULL),(10013,'en_GB','Interface Invoke State',1,-1,-1,-1,'2016-12-26 19:31:32',-1,'2016-12-26 19:31:32',-1,NULL,NULL,NULL,NULL,NULL,NULL,NULL,NULL,NULL,NULL,NULL,NULL,NULL,NULL,NULL,NULL),(10013,'zh_CN','',1,-1,-1,-1,'2016-12-26 19:31:32',-1,'2016-12-26 19:31:32',-1,NULL,NULL,NULL,NULL,NULL,NULL,NULL,NULL,NULL,NULL,NULL,NULL,NULL,NULL,NULL,NULL),(10014,'en_GB','',1,-1,-1,10001,'2017-01-09 12:37:00',10001,'2017-01-09 12:37:00',-1,NULL,NULL,NULL,NULL,NULL,NULL,NULL,NULL,NULL,NULL,NULL,NULL,NULL,NULL,NULL,NULL),(10014,'zh_CN','',1,-1,-1,10001,'2017-01-09 12:37:00',10001,'2017-01-09 12:37:00',-1,NULL,NULL,NULL,NULL,NULL,NULL,NULL,NULL,NULL,NULL,NULL,NULL,NULL,NULL,NULL,NULL);

/*Table structure for table `sys_code_value_b` */

DROP TABLE IF EXISTS `sys_code_value_b`;

CREATE TABLE `sys_code_value_b` (
  `CODE_VALUE_ID` bigint(20) NOT NULL AUTO_INCREMENT,
  `CODE_ID` bigint(20) DEFAULT NULL,
  `VALUE` varchar(150) DEFAULT NULL COMMENT '',
  `MEANING` varchar(150) DEFAULT NULL COMMENT '',
  `DESCRIPTION` varchar(240) DEFAULT NULL COMMENT '',
  `OBJECT_VERSION_NUMBER` bigint(20) DEFAULT '1',
  `REQUEST_ID` bigint(20) DEFAULT '-1',
  `PROGRAM_ID` bigint(20) DEFAULT '-1',
  `CREATED_BY` bigint(20) DEFAULT '-1',
  `CREATION_DATE` datetime DEFAULT CURRENT_TIMESTAMP,
  `LAST_UPDATED_BY` bigint(20) DEFAULT '-1',
  `LAST_UPDATE_DATE` datetime DEFAULT CURRENT_TIMESTAMP,
  `LAST_UPDATE_LOGIN` bigint(20) DEFAULT '-1',
  `ATTRIBUTE_CATEGORY` varchar(30) DEFAULT NULL,
  `ATTRIBUTE1` varchar(240) DEFAULT NULL,
  `ATTRIBUTE2` varchar(240) DEFAULT NULL,
  `ATTRIBUTE3` varchar(240) DEFAULT NULL,
  `ATTRIBUTE4` varchar(240) DEFAULT NULL,
  `ATTRIBUTE5` varchar(240) DEFAULT NULL,
  `ATTRIBUTE6` varchar(240) DEFAULT NULL,
  `ATTRIBUTE7` varchar(240) DEFAULT NULL,
  `ATTRIBUTE8` varchar(240) DEFAULT NULL,
  `ATTRIBUTE9` varchar(240) DEFAULT NULL,
  `ATTRIBUTE10` varchar(240) DEFAULT NULL,
  `ATTRIBUTE11` varchar(240) DEFAULT NULL,
  `ATTRIBUTE12` varchar(240) DEFAULT NULL,
  `ATTRIBUTE13` varchar(240) DEFAULT NULL,
  `ATTRIBUTE14` varchar(240) DEFAULT NULL,
  `ATTRIBUTE15` varchar(240) DEFAULT NULL,
  `ORDER_SEQ` int(11) DEFAULT '10',
  PRIMARY KEY (`CODE_VALUE_ID`),
  UNIQUE KEY `SYS_CODE_VALUE_B_U1` (`CODE_ID`,`VALUE`)
) ENGINE=InnoDB AUTO_INCREMENT=10043 DEFAULT CHARSET=utf8;

/*Data for the table `sys_code_value_b` */

insert  into `sys_code_value_b`(`CODE_VALUE_ID`,`CODE_ID`,`VALUE`,`MEANING`,`DESCRIPTION`,`OBJECT_VERSION_NUMBER`,`REQUEST_ID`,`PROGRAM_ID`,`CREATED_BY`,`CREATION_DATE`,`LAST_UPDATED_BY`,`LAST_UPDATE_DATE`,`LAST_UPDATE_LOGIN`,`ATTRIBUTE_CATEGORY`,`ATTRIBUTE1`,`ATTRIBUTE2`,`ATTRIBUTE3`,`ATTRIBUTE4`,`ATTRIBUTE5`,`ATTRIBUTE6`,`ATTRIBUTE7`,`ATTRIBUTE8`,`ATTRIBUTE9`,`ATTRIBUTE10`,`ATTRIBUTE11`,`ATTRIBUTE12`,`ATTRIBUTE13`,`ATTRIBUTE14`,`ATTRIBUTE15`,`ORDER_SEQ`) values (10001,10008,'HTML','HTML','HTML',1,-1,-1,-1,'2016-12-26 19:31:32',-1,'2016-12-26 19:31:32',-1,NULL,NULL,NULL,NULL,NULL,NULL,NULL,NULL,NULL,NULL,NULL,NULL,NULL,NULL,NULL,NULL,10),(10002,10008,'SERVICE','URL','URL',1,-1,-1,-1,'2016-12-26 19:31:32',-1,'2016-12-26 19:31:32',-1,NULL,NULL,NULL,NULL,NULL,NULL,NULL,NULL,NULL,NULL,NULL,NULL,NULL,NULL,NULL,NULL,10),(10003,10005,'INT','',NULL,1,-1,-1,-1,'2016-12-26 19:31:32',-1,'2016-12-26 19:31:32',-1,NULL,NULL,NULL,NULL,NULL,NULL,NULL,NULL,NULL,NULL,NULL,NULL,NULL,NULL,NULL,NULL,10),(10004,10005,'POPUP','',NULL,1,-1,-1,-1,'2016-12-26 19:31:32',-1,'2016-12-26 19:31:32',-1,NULL,NULL,NULL,NULL,NULL,NULL,NULL,NULL,NULL,NULL,NULL,NULL,NULL,NULL,NULL,NULL,10),(10005,10005,'SELECT','',NULL,1,-1,-1,-1,'2016-12-26 19:31:32',-1,'2016-12-26 19:31:32',-1,NULL,NULL,NULL,NULL,NULL,NULL,NULL,NULL,NULL,NULL,NULL,NULL,NULL,NULL,NULL,NULL,10),(10006,10005,'TEXT','',NULL,1,-1,-1,-1,'2016-12-26 19:31:32',-1,'2016-12-26 19:31:32',-1,NULL,NULL,NULL,NULL,NULL,NULL,NULL,NULL,NULL,NULL,NULL,NULL,NULL,NULL,NULL,NULL,10),(10007,10005,'DATE','',NULL,1,-1,-1,-1,'2016-12-26 19:31:32',-1,'2016-12-26 19:31:32',-1,NULL,NULL,NULL,NULL,NULL,NULL,NULL,NULL,NULL,NULL,NULL,NULL,NULL,NULL,NULL,NULL,10),(10008,10011,'N','',NULL,1,-1,-1,-1,'2016-12-26 19:31:32',-1,'2016-12-26 19:31:32',-1,NULL,NULL,NULL,NULL,NULL,NULL,NULL,NULL,NULL,NULL,NULL,NULL,NULL,NULL,NULL,NULL,10),(10009,10011,'Y','',NULL,1,-1,-1,-1,'2016-12-26 19:31:32',-1,'2016-12-26 19:31:32',-1,NULL,NULL,NULL,NULL,NULL,NULL,NULL,NULL,NULL,NULL,NULL,NULL,NULL,NULL,NULL,NULL,10),(10010,10003,'CENTER','',NULL,1,-1,-1,-1,'2016-12-26 19:31:32',-1,'2016-12-26 19:31:32',-1,NULL,NULL,NULL,NULL,NULL,NULL,NULL,NULL,NULL,NULL,NULL,NULL,NULL,NULL,NULL,NULL,10),(10011,10003,'LEFT','',NULL,1,-1,-1,-1,'2016-12-26 19:31:32',-1,'2016-12-26 19:31:32',-1,NULL,NULL,NULL,NULL,NULL,NULL,NULL,NULL,NULL,NULL,NULL,NULL,NULL,NULL,NULL,NULL,10),(10012,10003,'RIGHT','',NULL,1,-1,-1,-1,'2016-12-26 19:31:32',-1,'2016-12-26 19:31:32',-1,NULL,NULL,NULL,NULL,NULL,NULL,NULL,NULL,NULL,NULL,NULL,NULL,NULL,NULL,NULL,NULL,10),(10013,10007,'10','',NULL,1,-1,-1,-1,'2016-12-26 19:31:32',-1,'2016-12-26 19:31:32',-1,NULL,NULL,NULL,NULL,NULL,NULL,NULL,NULL,NULL,NULL,NULL,NULL,NULL,NULL,NULL,NULL,10),(10014,10007,'20','',NULL,1,-1,-1,-1,'2016-12-26 19:31:32',-1,'2016-12-26 19:31:32',-1,NULL,NULL,NULL,NULL,NULL,NULL,NULL,NULL,NULL,NULL,NULL,NULL,NULL,NULL,NULL,NULL,10),(10015,10007,'30','',NULL,1,-1,-1,-1,'2016-12-26 19:31:32',-1,'2016-12-26 19:31:32',-1,NULL,NULL,NULL,NULL,NULL,NULL,NULL,NULL,NULL,NULL,NULL,NULL,NULL,NULL,NULL,NULL,10),(10016,10006,'NORMAL','',NULL,1,-1,-1,-1,'2016-12-26 19:31:32',-1,'2016-12-26 19:31:32',-1,NULL,NULL,NULL,NULL,NULL,NULL,NULL,NULL,NULL,NULL,NULL,NULL,NULL,NULL,NULL,NULL,10),(10017,10006,'VIP','VIP',NULL,1,-1,-1,-1,'2016-12-26 19:31:32',-1,'2016-12-26 19:31:32',-1,NULL,NULL,NULL,NULL,NULL,NULL,NULL,NULL,NULL,NULL,NULL,NULL,NULL,NULL,NULL,NULL,10),(10018,10009,'GMT+0800','(GMT+8)',NULL,1,-1,-1,-1,'2016-12-26 19:31:32',-1,'2016-12-26 19:31:32',-1,NULL,NULL,NULL,NULL,NULL,NULL,NULL,NULL,NULL,NULL,NULL,NULL,NULL,NULL,NULL,NULL,10),(10019,10009,'GMT-0500','(GMT-5)',NULL,1,-1,-1,-1,'2016-12-26 19:31:32',-1,'2016-12-26 19:31:32',-1,NULL,NULL,NULL,NULL,NULL,NULL,NULL,NULL,NULL,NULL,NULL,NULL,NULL,NULL,NULL,NULL,10),(10020,10009,'GMT-0800','(GMT-8)',NULL,1,-1,-1,-1,'2016-12-26 19:31:32',-1,'2016-12-26 19:31:32',-1,NULL,NULL,NULL,NULL,NULL,NULL,NULL,NULL,NULL,NULL,NULL,NULL,NULL,NULL,NULL,NULL,10),(10021,10010,'ACTV','','',1,-1,-1,-1,'2016-12-26 19:31:32',-1,'2016-12-26 19:31:32',-1,NULL,NULL,NULL,NULL,NULL,NULL,NULL,NULL,NULL,NULL,NULL,NULL,NULL,NULL,NULL,NULL,10),(10022,10010,'EXPR','','',1,-1,-1,-1,'2016-12-26 19:31:32',-1,'2016-12-26 19:31:32',-1,NULL,NULL,NULL,NULL,NULL,NULL,NULL,NULL,NULL,NULL,NULL,NULL,NULL,NULL,NULL,NULL,10),(10023,10010,'LOCK','','',1,-1,-1,-1,'2016-12-26 19:31:32',-1,'2016-12-26 19:31:32',-1,NULL,NULL,NULL,NULL,NULL,NULL,NULL,NULL,NULL,NULL,NULL,NULL,NULL,NULL,NULL,NULL,10),(10024,10004,'AFTER3','3','3',1,-1,-1,-1,'2016-12-26 19:31:32',-1,'2016-12-26 19:31:32',-1,NULL,NULL,NULL,NULL,NULL,NULL,NULL,NULL,NULL,NULL,NULL,NULL,NULL,NULL,NULL,NULL,10),(10025,10004,'DISABLE','','',1,-1,-1,-1,'2016-12-26 19:31:32',-1,'2016-12-26 19:31:32',-1,NULL,NULL,NULL,NULL,NULL,NULL,NULL,NULL,NULL,NULL,NULL,NULL,NULL,NULL,NULL,NULL,10),(10026,10004,'ENABLE','','',1,-1,-1,-1,'2016-12-26 19:31:32',-1,'2016-12-26 19:31:32',-1,NULL,NULL,NULL,NULL,NULL,NULL,NULL,NULL,NULL,NULL,NULL,NULL,NULL,NULL,NULL,NULL,10),(10027,10001,'F','',NULL,1,-1,-1,-1,'2016-12-26 19:31:32',-1,'2016-12-26 19:31:32',-1,NULL,NULL,NULL,NULL,NULL,NULL,NULL,NULL,NULL,NULL,NULL,NULL,NULL,NULL,NULL,NULL,10),(10028,10001,'M','',NULL,1,-1,-1,-1,'2016-12-26 19:31:32',-1,'2016-12-26 19:31:32',-1,NULL,NULL,NULL,NULL,NULL,NULL,NULL,NULL,NULL,NULL,NULL,NULL,NULL,NULL,NULL,NULL,10),(10029,10002,'NORMAL','',NULL,1,-1,-1,-1,'2016-12-26 19:31:32',-1,'2016-12-26 19:31:32',-1,NULL,NULL,NULL,NULL,NULL,NULL,NULL,NULL,NULL,NULL,NULL,NULL,NULL,NULL,NULL,NULL,10),(10030,10002,'OFFWORK','',NULL,1,-1,-1,-1,'2016-12-26 19:31:32',-1,'2016-12-26 19:31:32',-1,NULL,NULL,NULL,NULL,NULL,NULL,NULL,NULL,NULL,NULL,NULL,NULL,NULL,NULL,NULL,NULL,10),(10031,10002,'PRAC','',NULL,1,-1,-1,-1,'2016-12-26 19:31:32',-1,'2016-12-26 19:31:32',-1,NULL,NULL,NULL,NULL,NULL,NULL,NULL,NULL,NULL,NULL,NULL,NULL,NULL,NULL,NULL,NULL,10),(10032,10002,'RETIRE','',NULL,1,-1,-1,-1,'2016-12-26 19:31:32',-1,'2016-12-26 19:31:32',-1,NULL,NULL,NULL,NULL,NULL,NULL,NULL,NULL,NULL,NULL,NULL,NULL,NULL,NULL,NULL,NULL,10),(10033,10002,'TRAIL','',NULL,1,-1,-1,-1,'2016-12-26 19:31:32',-1,'2016-12-26 19:31:32',-1,NULL,NULL,NULL,NULL,NULL,NULL,NULL,NULL,NULL,NULL,NULL,NULL,NULL,NULL,NULL,NULL,10),(10034,10012,'no_limit','',NULL,1,-1,-1,-1,'2016-12-26 19:31:32',-1,'2016-12-26 19:31:32',-1,NULL,NULL,NULL,NULL,NULL,NULL,NULL,NULL,NULL,NULL,NULL,NULL,NULL,NULL,NULL,NULL,10),(10035,10012,'digits_and_letters','',NULL,1,-1,-1,-1,'2016-12-26 19:31:32',-1,'2016-12-26 19:31:32',-1,NULL,NULL,NULL,NULL,NULL,NULL,NULL,NULL,NULL,NULL,NULL,NULL,NULL,NULL,NULL,NULL,10),(10036,10012,'digits_and_case_letters','',NULL,1,-1,-1,-1,'2016-12-26 19:31:32',-1,'2016-12-26 19:31:32',-1,NULL,NULL,NULL,NULL,NULL,NULL,NULL,NULL,NULL,NULL,NULL,NULL,NULL,NULL,NULL,NULL,10),(10037,10013,'success','','',1,-1,-1,-1,'2016-12-26 19:31:32',-1,'2016-12-26 19:31:32',-1,NULL,NULL,NULL,NULL,NULL,NULL,NULL,NULL,NULL,NULL,NULL,NULL,NULL,NULL,NULL,NULL,10),(10038,10013,'failure','','',1,-1,-1,-1,'2016-12-26 19:31:32',-1,'2016-12-26 19:31:32',-1,NULL,NULL,NULL,NULL,NULL,NULL,NULL,NULL,NULL,NULL,NULL,NULL,NULL,NULL,NULL,NULL,10),(10039,10014,'REJECTED','',NULL,1,-1,-1,10001,'2017-01-09 12:37:00',10001,'2017-01-09 12:37:00',10001,NULL,NULL,NULL,NULL,NULL,NULL,NULL,NULL,NULL,NULL,NULL,NULL,NULL,NULL,NULL,NULL,0),(10040,10014,'APPROVED','',NULL,1,-1,-1,10001,'2017-01-09 12:37:00',10001,'2017-01-09 12:37:00',10001,NULL,NULL,NULL,NULL,NULL,NULL,NULL,NULL,NULL,NULL,NULL,NULL,NULL,NULL,NULL,NULL,0),(10041,10014,'SUBMITED','',NULL,1,-1,-1,10001,'2017-01-09 12:37:00',10001,'2017-01-09 12:37:00',10001,NULL,NULL,NULL,NULL,NULL,NULL,NULL,NULL,NULL,NULL,NULL,NULL,NULL,NULL,NULL,NULL,0),(10042,10014,'NEW','',NULL,1,-1,-1,10001,'2017-01-09 12:37:00',10001,'2017-01-09 12:37:00',10001,NULL,NULL,NULL,NULL,NULL,NULL,NULL,NULL,NULL,NULL,NULL,NULL,NULL,NULL,NULL,NULL,0);

/*Table structure for table `sys_code_value_tl` */

DROP TABLE IF EXISTS `sys_code_value_tl`;

CREATE TABLE `sys_code_value_tl` (
  `CODE_VALUE_ID` bigint(20) NOT NULL,
  `LANG` varchar(10) NOT NULL,
  `MEANING` varchar(150) DEFAULT NULL COMMENT '',
  `DESCRIPTION` varchar(240) DEFAULT NULL COMMENT '',
  `OBJECT_VERSION_NUMBER` bigint(20) DEFAULT '1',
  `REQUEST_ID` bigint(20) DEFAULT '-1',
  `PROGRAM_ID` bigint(20) DEFAULT '-1',
  `CREATED_BY` bigint(20) DEFAULT '-1',
  `CREATION_DATE` datetime DEFAULT CURRENT_TIMESTAMP,
  `LAST_UPDATED_BY` bigint(20) DEFAULT '-1',
  `LAST_UPDATE_DATE` datetime DEFAULT CURRENT_TIMESTAMP,
  `LAST_UPDATE_LOGIN` bigint(20) DEFAULT '-1',
  `ATTRIBUTE_CATEGORY` varchar(30) DEFAULT NULL,
  `ATTRIBUTE1` varchar(240) DEFAULT NULL,
  `ATTRIBUTE2` varchar(240) DEFAULT NULL,
  `ATTRIBUTE3` varchar(240) DEFAULT NULL,
  `ATTRIBUTE4` varchar(240) DEFAULT NULL,
  `ATTRIBUTE5` varchar(240) DEFAULT NULL,
  `ATTRIBUTE6` varchar(240) DEFAULT NULL,
  `ATTRIBUTE7` varchar(240) DEFAULT NULL,
  `ATTRIBUTE8` varchar(240) DEFAULT NULL,
  `ATTRIBUTE9` varchar(240) DEFAULT NULL,
  `ATTRIBUTE10` varchar(240) DEFAULT NULL,
  `ATTRIBUTE11` varchar(240) DEFAULT NULL,
  `ATTRIBUTE12` varchar(240) DEFAULT NULL,
  `ATTRIBUTE13` varchar(240) DEFAULT NULL,
  `ATTRIBUTE14` varchar(240) DEFAULT NULL,
  `ATTRIBUTE15` varchar(240) DEFAULT NULL,
  PRIMARY KEY (`CODE_VALUE_ID`,`LANG`)
) ENGINE=InnoDB DEFAULT CHARSET=utf8;

/*Data for the table `sys_code_value_tl` */

insert  into `sys_code_value_tl`(`CODE_VALUE_ID`,`LANG`,`MEANING`,`DESCRIPTION`,`OBJECT_VERSION_NUMBER`,`REQUEST_ID`,`PROGRAM_ID`,`CREATED_BY`,`CREATION_DATE`,`LAST_UPDATED_BY`,`LAST_UPDATE_DATE`,`LAST_UPDATE_LOGIN`,`ATTRIBUTE_CATEGORY`,`ATTRIBUTE1`,`ATTRIBUTE2`,`ATTRIBUTE3`,`ATTRIBUTE4`,`ATTRIBUTE5`,`ATTRIBUTE6`,`ATTRIBUTE7`,`ATTRIBUTE8`,`ATTRIBUTE9`,`ATTRIBUTE10`,`ATTRIBUTE11`,`ATTRIBUTE12`,`ATTRIBUTE13`,`ATTRIBUTE14`,`ATTRIBUTE15`) values (10001,'en_GB','HTML','HTML',1,-1,-1,-1,'2016-12-26 19:31:32',-1,'2016-12-26 19:31:32',-1,NULL,NULL,NULL,NULL,NULL,NULL,NULL,NULL,NULL,NULL,NULL,NULL,NULL,NULL,NULL,NULL),(10001,'zh_CN','HTML','HTML',1,-1,-1,-1,'2016-12-26 19:31:32',-1,'2016-12-26 19:31:32',-1,NULL,NULL,NULL,NULL,NULL,NULL,NULL,NULL,NULL,NULL,NULL,NULL,NULL,NULL,NULL,NULL),(10002,'en_GB','URL','URL',1,-1,-1,-1,'2016-12-26 19:31:32',-1,'2016-12-26 19:31:32',-1,NULL,NULL,NULL,NULL,NULL,NULL,NULL,NULL,NULL,NULL,NULL,NULL,NULL,NULL,NULL,NULL),(10002,'zh_CN','URL','URL',1,-1,-1,-1,'2016-12-26 19:31:32',-1,'2016-12-26 19:31:32',-1,NULL,NULL,NULL,NULL,NULL,NULL,NULL,NULL,NULL,NULL,NULL,NULL,NULL,NULL,NULL,NULL),(10003,'en_GB','Number',NULL,1,-1,-1,-1,'2016-12-26 19:31:32',-1,'2016-12-26 19:31:32',-1,NULL,NULL,NULL,NULL,NULL,NULL,NULL,NULL,NULL,NULL,NULL,NULL,NULL,NULL,NULL,NULL),(10003,'zh_CN','',NULL,1,-1,-1,-1,'2016-12-26 19:31:32',-1,'2016-12-26 19:31:32',-1,NULL,NULL,NULL,NULL,NULL,NULL,NULL,NULL,NULL,NULL,NULL,NULL,NULL,NULL,NULL,NULL),(10004,'en_GB','Popup',NULL,1,-1,-1,-1,'2016-12-26 19:31:32',-1,'2016-12-26 19:31:32',-1,NULL,NULL,NULL,NULL,NULL,NULL,NULL,NULL,NULL,NULL,NULL,NULL,NULL,NULL,NULL,NULL),(10004,'zh_CN','',NULL,1,-1,-1,-1,'2016-12-26 19:31:32',-1,'2016-12-26 19:31:32',-1,NULL,NULL,NULL,NULL,NULL,NULL,NULL,NULL,NULL,NULL,NULL,NULL,NULL,NULL,NULL,NULL),(10005,'en_GB','Select',NULL,1,-1,-1,-1,'2016-12-26 19:31:32',-1,'2016-12-26 19:31:32',-1,NULL,NULL,NULL,NULL,NULL,NULL,NULL,NULL,NULL,NULL,NULL,NULL,NULL,NULL,NULL,NULL),(10005,'zh_CN','',NULL,1,-1,-1,-1,'2016-12-26 19:31:32',-1,'2016-12-26 19:31:32',-1,NULL,NULL,NULL,NULL,NULL,NULL,NULL,NULL,NULL,NULL,NULL,NULL,NULL,NULL,NULL,NULL),(10006,'en_GB','Text',NULL,1,-1,-1,-1,'2016-12-26 19:31:32',-1,'2016-12-26 19:31:32',-1,NULL,NULL,NULL,NULL,NULL,NULL,NULL,NULL,NULL,NULL,NULL,NULL,NULL,NULL,NULL,NULL),(10006,'zh_CN','',NULL,1,-1,-1,-1,'2016-12-26 19:31:32',-1,'2016-12-26 19:31:32',-1,NULL,NULL,NULL,NULL,NULL,NULL,NULL,NULL,NULL,NULL,NULL,NULL,NULL,NULL,NULL,NULL),(10007,'en_GB','Date',NULL,1,-1,-1,-1,'2016-12-26 19:31:32',-1,'2016-12-26 19:31:32',-1,NULL,NULL,NULL,NULL,NULL,NULL,NULL,NULL,NULL,NULL,NULL,NULL,NULL,NULL,NULL,NULL),(10007,'zh_CN','',NULL,1,-1,-1,-1,'2016-12-26 19:31:32',-1,'2016-12-26 19:31:32',-1,NULL,NULL,NULL,NULL,NULL,NULL,NULL,NULL,NULL,NULL,NULL,NULL,NULL,NULL,NULL,NULL),(10008,'en_GB','No',NULL,1,-1,-1,-1,'2016-12-26 19:31:32',-1,'2016-12-26 19:31:32',-1,NULL,NULL,NULL,NULL,NULL,NULL,NULL,NULL,NULL,NULL,NULL,NULL,NULL,NULL,NULL,NULL),(10008,'zh_CN','',NULL,1,-1,-1,-1,'2016-12-26 19:31:32',-1,'2016-12-26 19:31:32',-1,NULL,NULL,NULL,NULL,NULL,NULL,NULL,NULL,NULL,NULL,NULL,NULL,NULL,NULL,NULL,NULL),(10009,'en_GB','Yes',NULL,1,-1,-1,-1,'2016-12-26 19:31:32',-1,'2016-12-26 19:31:32',-1,NULL,NULL,NULL,NULL,NULL,NULL,NULL,NULL,NULL,NULL,NULL,NULL,NULL,NULL,NULL,NULL),(10009,'zh_CN','',NULL,1,-1,-1,-1,'2016-12-26 19:31:32',-1,'2016-12-26 19:31:32',-1,NULL,NULL,NULL,NULL,NULL,NULL,NULL,NULL,NULL,NULL,NULL,NULL,NULL,NULL,NULL,NULL),(10010,'en_GB','Center',NULL,1,-1,-1,-1,'2016-12-26 19:31:32',-1,'2016-12-26 19:31:32',-1,NULL,NULL,NULL,NULL,NULL,NULL,NULL,NULL,NULL,NULL,NULL,NULL,NULL,NULL,NULL,NULL),(10010,'zh_CN','',NULL,1,-1,-1,-1,'2016-12-26 19:31:32',-1,'2016-12-26 19:31:32',-1,NULL,NULL,NULL,NULL,NULL,NULL,NULL,NULL,NULL,NULL,NULL,NULL,NULL,NULL,NULL,NULL),(10011,'en_GB','Left',NULL,1,-1,-1,-1,'2016-12-26 19:31:32',-1,'2016-12-26 19:31:32',-1,NULL,NULL,NULL,NULL,NULL,NULL,NULL,NULL,NULL,NULL,NULL,NULL,NULL,NULL,NULL,NULL),(10011,'zh_CN','',NULL,1,-1,-1,-1,'2016-12-26 19:31:32',-1,'2016-12-26 19:31:32',-1,NULL,NULL,NULL,NULL,NULL,NULL,NULL,NULL,NULL,NULL,NULL,NULL,NULL,NULL,NULL,NULL),(10012,'en_GB','Right',NULL,1,-1,-1,-1,'2016-12-26 19:31:32',-1,'2016-12-26 19:31:32',-1,NULL,NULL,NULL,NULL,NULL,NULL,NULL,NULL,NULL,NULL,NULL,NULL,NULL,NULL,NULL,NULL),(10012,'zh_CN','',NULL,1,-1,-1,-1,'2016-12-26 19:31:32',-1,'2016-12-26 19:31:32',-1,NULL,NULL,NULL,NULL,NULL,NULL,NULL,NULL,NULL,NULL,NULL,NULL,NULL,NULL,NULL,NULL),(10013,'en_GB','Global',NULL,1,-1,-1,-1,'2016-12-26 19:31:32',-1,'2016-12-26 19:31:32',-1,NULL,NULL,NULL,NULL,NULL,NULL,NULL,NULL,NULL,NULL,NULL,NULL,NULL,NULL,NULL,NULL),(10013,'zh_CN','',NULL,1,-1,-1,-1,'2016-12-26 19:31:32',-1,'2016-12-26 19:31:32',-1,NULL,NULL,NULL,NULL,NULL,NULL,NULL,NULL,NULL,NULL,NULL,NULL,NULL,NULL,NULL,NULL),(10014,'en_GB','Role',NULL,1,-1,-1,-1,'2016-12-26 19:31:32',-1,'2016-12-26 19:31:32',-1,NULL,NULL,NULL,NULL,NULL,NULL,NULL,NULL,NULL,NULL,NULL,NULL,NULL,NULL,NULL,NULL),(10014,'zh_CN','',NULL,1,-1,-1,-1,'2016-12-26 19:31:32',-1,'2016-12-26 19:31:32',-1,NULL,NULL,NULL,NULL,NULL,NULL,NULL,NULL,NULL,NULL,NULL,NULL,NULL,NULL,NULL,NULL),(10015,'en_GB','User',NULL,1,-1,-1,-1,'2016-12-26 19:31:32',-1,'2016-12-26 19:31:32',-1,NULL,NULL,NULL,NULL,NULL,NULL,NULL,NULL,NULL,NULL,NULL,NULL,NULL,NULL,NULL,NULL),(10015,'zh_CN','',NULL,1,-1,-1,-1,'2016-12-26 19:31:32',-1,'2016-12-26 19:31:32',-1,NULL,NULL,NULL,NULL,NULL,NULL,NULL,NULL,NULL,NULL,NULL,NULL,NULL,NULL,NULL,NULL),(10016,'en_GB','Normal',NULL,1,-1,-1,-1,'2016-12-26 19:31:32',-1,'2016-12-26 19:31:32',-1,NULL,NULL,NULL,NULL,NULL,NULL,NULL,NULL,NULL,NULL,NULL,NULL,NULL,NULL,NULL,NULL),(10016,'zh_CN','',NULL,1,-1,-1,-1,'2016-12-26 19:31:32',-1,'2016-12-26 19:31:32',-1,NULL,NULL,NULL,NULL,NULL,NULL,NULL,NULL,NULL,NULL,NULL,NULL,NULL,NULL,NULL,NULL),(10017,'en_GB','VIP',NULL,1,-1,-1,-1,'2016-12-26 19:31:32',-1,'2016-12-26 19:31:32',-1,NULL,NULL,NULL,NULL,NULL,NULL,NULL,NULL,NULL,NULL,NULL,NULL,NULL,NULL,NULL,NULL),(10017,'zh_CN','VIP',NULL,1,-1,-1,-1,'2016-12-26 19:31:32',-1,'2016-12-26 19:31:32',-1,NULL,NULL,NULL,NULL,NULL,NULL,NULL,NULL,NULL,NULL,NULL,NULL,NULL,NULL,NULL,NULL),(10018,'en_GB','(GMT+8)Beijing',NULL,1,-1,-1,-1,'2016-12-26 19:31:32',-1,'2016-12-26 19:31:32',-1,NULL,NULL,NULL,NULL,NULL,NULL,NULL,NULL,NULL,NULL,NULL,NULL,NULL,NULL,NULL,NULL),(10018,'zh_CN','(GMT+8)',NULL,1,-1,-1,-1,'2016-12-26 19:31:32',-1,'2016-12-26 19:31:32',-1,NULL,NULL,NULL,NULL,NULL,NULL,NULL,NULL,NULL,NULL,NULL,NULL,NULL,NULL,NULL,NULL),(10019,'en_GB','(GMT-5)New York',NULL,1,-1,-1,-1,'2016-12-26 19:31:32',-1,'2016-12-26 19:31:32',-1,NULL,NULL,NULL,NULL,NULL,NULL,NULL,NULL,NULL,NULL,NULL,NULL,NULL,NULL,NULL,NULL),(10019,'zh_CN','(GMT-5)',NULL,1,-1,-1,-1,'2016-12-26 19:31:32',-1,'2016-12-26 19:31:32',-1,NULL,NULL,NULL,NULL,NULL,NULL,NULL,NULL,NULL,NULL,NULL,NULL,NULL,NULL,NULL,NULL),(10020,'en_GB','(GMT-8)San Francisco',NULL,1,-1,-1,-1,'2016-12-26 19:31:32',-1,'2016-12-26 19:31:32',-1,NULL,NULL,NULL,NULL,NULL,NULL,NULL,NULL,NULL,NULL,NULL,NULL,NULL,NULL,NULL,NULL),(10020,'zh_CN','(GMT-8)',NULL,1,-1,-1,-1,'2016-12-26 19:31:32',-1,'2016-12-26 19:31:32',-1,NULL,NULL,NULL,NULL,NULL,NULL,NULL,NULL,NULL,NULL,NULL,NULL,NULL,NULL,NULL,NULL),(10021,'en_GB','Active','Active',1,-1,-1,-1,'2016-12-26 19:31:32',-1,'2016-12-26 19:31:32',-1,NULL,NULL,NULL,NULL,NULL,NULL,NULL,NULL,NULL,NULL,NULL,NULL,NULL,NULL,NULL,NULL),(10021,'zh_CN','','',1,-1,-1,-1,'2016-12-26 19:31:32',-1,'2016-12-26 19:31:32',-1,NULL,NULL,NULL,NULL,NULL,NULL,NULL,NULL,NULL,NULL,NULL,NULL,NULL,NULL,NULL,NULL),(10022,'en_GB','Expired','Expired',1,-1,-1,-1,'2016-12-26 19:31:32',-1,'2016-12-26 19:31:32',-1,NULL,NULL,NULL,NULL,NULL,NULL,NULL,NULL,NULL,NULL,NULL,NULL,NULL,NULL,NULL,NULL),(10022,'zh_CN','','',1,-1,-1,-1,'2016-12-26 19:31:32',-1,'2016-12-26 19:31:32',-1,NULL,NULL,NULL,NULL,NULL,NULL,NULL,NULL,NULL,NULL,NULL,NULL,NULL,NULL,NULL,NULL),(10023,'en_GB','Locked','Locked',1,-1,-1,-1,'2016-12-26 19:31:32',-1,'2016-12-26 19:31:32',-1,NULL,NULL,NULL,NULL,NULL,NULL,NULL,NULL,NULL,NULL,NULL,NULL,NULL,NULL,NULL,NULL),(10023,'zh_CN','','',1,-1,-1,-1,'2016-12-26 19:31:32',-1,'2016-12-26 19:31:32',-1,NULL,NULL,NULL,NULL,NULL,NULL,NULL,NULL,NULL,NULL,NULL,NULL,NULL,NULL,NULL,NULL),(10024,'en_GB','Enable captcha after 3 failure','Enable captcha after login failed 3 times.',1,-1,-1,-1,'2016-12-26 19:31:32',-1,'2016-12-26 19:31:32',-1,NULL,NULL,NULL,NULL,NULL,NULL,NULL,NULL,NULL,NULL,NULL,NULL,NULL,NULL,NULL,NULL),(10024,'zh_CN','3','3',1,-1,-1,-1,'2016-12-26 19:31:32',-1,'2016-12-26 19:31:32',-1,NULL,NULL,NULL,NULL,NULL,NULL,NULL,NULL,NULL,NULL,NULL,NULL,NULL,NULL,NULL,NULL),(10025,'en_GB','Disable captcha','Disable captcha',1,-1,-1,-1,'2016-12-26 19:31:32',-1,'2016-12-26 19:31:32',-1,NULL,NULL,NULL,NULL,NULL,NULL,NULL,NULL,NULL,NULL,NULL,NULL,NULL,NULL,NULL,NULL),(10025,'zh_CN','','',1,-1,-1,-1,'2016-12-26 19:31:32',-1,'2016-12-26 19:31:32',-1,NULL,NULL,NULL,NULL,NULL,NULL,NULL,NULL,NULL,NULL,NULL,NULL,NULL,NULL,NULL,NULL),(10026,'en_GB','Enable captcha','Enable captcha',1,-1,-1,-1,'2016-12-26 19:31:32',-1,'2016-12-26 19:31:32',-1,NULL,NULL,NULL,NULL,NULL,NULL,NULL,NULL,NULL,NULL,NULL,NULL,NULL,NULL,NULL,NULL),(10026,'zh_CN','','',1,-1,-1,-1,'2016-12-26 19:31:32',-1,'2016-12-26 19:31:32',-1,NULL,NULL,NULL,NULL,NULL,NULL,NULL,NULL,NULL,NULL,NULL,NULL,NULL,NULL,NULL,NULL),(10027,'en_GB','Female',NULL,1,-1,-1,-1,'2016-12-26 19:31:32',-1,'2016-12-26 19:31:32',-1,NULL,NULL,NULL,NULL,NULL,NULL,NULL,NULL,NULL,NULL,NULL,NULL,NULL,NULL,NULL,NULL),(10027,'zh_CN','',NULL,1,-1,-1,-1,'2016-12-26 19:31:32',-1,'2016-12-26 19:31:32',-1,NULL,NULL,NULL,NULL,NULL,NULL,NULL,NULL,NULL,NULL,NULL,NULL,NULL,NULL,NULL,NULL),(10028,'en_GB','Male',NULL,1,-1,-1,-1,'2016-12-26 19:31:32',-1,'2016-12-26 19:31:32',-1,NULL,NULL,NULL,NULL,NULL,NULL,NULL,NULL,NULL,NULL,NULL,NULL,NULL,NULL,NULL,NULL),(10028,'zh_CN','',NULL,1,-1,-1,-1,'2016-12-26 19:31:32',-1,'2016-12-26 19:31:32',-1,NULL,NULL,NULL,NULL,NULL,NULL,NULL,NULL,NULL,NULL,NULL,NULL,NULL,NULL,NULL,NULL),(10029,'en_GB','',NULL,1,-1,-1,-1,'2016-12-26 19:31:32',-1,'2016-12-26 19:31:32',-1,NULL,NULL,NULL,NULL,NULL,NULL,NULL,NULL,NULL,NULL,NULL,NULL,NULL,NULL,NULL,NULL),(10029,'zh_CN','',NULL,1,-1,-1,-1,'2016-12-26 19:31:32',-1,'2016-12-26 19:31:32',-1,NULL,NULL,NULL,NULL,NULL,NULL,NULL,NULL,NULL,NULL,NULL,NULL,NULL,NULL,NULL,NULL),(10030,'en_GB','Off Work',NULL,1,-1,-1,-1,'2016-12-26 19:31:32',-1,'2016-12-26 19:31:32',-1,NULL,NULL,NULL,NULL,NULL,NULL,NULL,NULL,NULL,NULL,NULL,NULL,NULL,NULL,NULL,NULL),(10030,'zh_CN','',NULL,1,-1,-1,-1,'2016-12-26 19:31:32',-1,'2016-12-26 19:31:32',-1,NULL,NULL,NULL,NULL,NULL,NULL,NULL,NULL,NULL,NULL,NULL,NULL,NULL,NULL,NULL,NULL),(10031,'en_GB','Practice',NULL,1,-1,-1,-1,'2016-12-26 19:31:32',-1,'2016-12-26 19:31:32',-1,NULL,NULL,NULL,NULL,NULL,NULL,NULL,NULL,NULL,NULL,NULL,NULL,NULL,NULL,NULL,NULL),(10031,'zh_CN','',NULL,1,-1,-1,-1,'2016-12-26 19:31:32',-1,'2016-12-26 19:31:32',-1,NULL,NULL,NULL,NULL,NULL,NULL,NULL,NULL,NULL,NULL,NULL,NULL,NULL,NULL,NULL,NULL),(10032,'en_GB','Retired',NULL,1,-1,-1,-1,'2016-12-26 19:31:32',-1,'2016-12-26 19:31:32',-1,NULL,NULL,NULL,NULL,NULL,NULL,NULL,NULL,NULL,NULL,NULL,NULL,NULL,NULL,NULL,NULL),(10032,'zh_CN','',NULL,1,-1,-1,-1,'2016-12-26 19:31:32',-1,'2016-12-26 19:31:32',-1,NULL,NULL,NULL,NULL,NULL,NULL,NULL,NULL,NULL,NULL,NULL,NULL,NULL,NULL,NULL,NULL),(10033,'en_GB','Trail',NULL,1,-1,-1,-1,'2016-12-26 19:31:32',-1,'2016-12-26 19:31:32',-1,NULL,NULL,NULL,NULL,NULL,NULL,NULL,NULL,NULL,NULL,NULL,NULL,NULL,NULL,NULL,NULL),(10033,'zh_CN','',NULL,1,-1,-1,-1,'2016-12-26 19:31:32',-1,'2016-12-26 19:31:32',-1,NULL,NULL,NULL,NULL,NULL,NULL,NULL,NULL,NULL,NULL,NULL,NULL,NULL,NULL,NULL,NULL),(10034,'en_GB','No Limit',NULL,1,-1,-1,-1,'2016-12-26 19:31:32',-1,'2016-12-26 19:31:32',-1,NULL,NULL,NULL,NULL,NULL,NULL,NULL,NULL,NULL,NULL,NULL,NULL,NULL,NULL,NULL,NULL),(10034,'zh_CN','',NULL,1,-1,-1,-1,'2016-12-26 19:31:32',-1,'2016-12-26 19:31:32',-1,NULL,NULL,NULL,NULL,NULL,NULL,NULL,NULL,NULL,NULL,NULL,NULL,NULL,NULL,NULL,NULL),(10035,'en_GB','Contains Digits And Letters',NULL,1,-1,-1,-1,'2016-12-26 19:31:32',-1,'2016-12-26 19:31:32',-1,NULL,NULL,NULL,NULL,NULL,NULL,NULL,NULL,NULL,NULL,NULL,NULL,NULL,NULL,NULL,NULL),(10035,'zh_CN','',NULL,1,-1,-1,-1,'2016-12-26 19:31:32',-1,'2016-12-26 19:31:32',-1,NULL,NULL,NULL,NULL,NULL,NULL,NULL,NULL,NULL,NULL,NULL,NULL,NULL,NULL,NULL,NULL),(10036,'en_GB','Contains Digits And Case Letters',NULL,1,-1,-1,-1,'2016-12-26 19:31:32',-1,'2016-12-26 19:31:32',-1,NULL,NULL,NULL,NULL,NULL,NULL,NULL,NULL,NULL,NULL,NULL,NULL,NULL,NULL,NULL,NULL),(10036,'zh_CN','',NULL,1,-1,-1,-1,'2016-12-26 19:31:32',-1,'2016-12-26 19:31:32',-1,NULL,NULL,NULL,NULL,NULL,NULL,NULL,NULL,NULL,NULL,NULL,NULL,NULL,NULL,NULL,NULL),(10037,'en_GB','SUCCESS','Successful Interface Invoke',1,-1,-1,-1,'2016-12-26 19:31:32',-1,'2016-12-26 19:31:32',-1,NULL,NULL,NULL,NULL,NULL,NULL,NULL,NULL,NULL,NULL,NULL,NULL,NULL,NULL,NULL,NULL),(10037,'zh_CN','','',1,-1,-1,-1,'2016-12-26 19:31:32',-1,'2016-12-26 19:31:32',-1,NULL,NULL,NULL,NULL,NULL,NULL,NULL,NULL,NULL,NULL,NULL,NULL,NULL,NULL,NULL,NULL),(10038,'en_GB','FAILURE','Fails Interface Invoke',1,-1,-1,-1,'2016-12-26 19:31:32',-1,'2016-12-26 19:31:32',-1,NULL,NULL,NULL,NULL,NULL,NULL,NULL,NULL,NULL,NULL,NULL,NULL,NULL,NULL,NULL,NULL),(10038,'zh_CN','','',1,-1,-1,-1,'2016-12-26 19:31:32',-1,'2016-12-26 19:31:32',-1,NULL,NULL,NULL,NULL,NULL,NULL,NULL,NULL,NULL,NULL,NULL,NULL,NULL,NULL,NULL,NULL),(10039,'en_GB','',NULL,1,-1,-1,10001,'2017-01-09 12:37:00',10001,'2017-01-09 12:37:00',-1,NULL,NULL,NULL,NULL,NULL,NULL,NULL,NULL,NULL,NULL,NULL,NULL,NULL,NULL,NULL,NULL),(10039,'zh_CN','',NULL,1,-1,-1,10001,'2017-01-09 12:37:00',10001,'2017-01-09 12:37:00',-1,NULL,NULL,NULL,NULL,NULL,NULL,NULL,NULL,NULL,NULL,NULL,NULL,NULL,NULL,NULL,NULL),(10040,'en_GB','',NULL,1,-1,-1,10001,'2017-01-09 12:37:00',10001,'2017-01-09 12:37:00',-1,NULL,NULL,NULL,NULL,NULL,NULL,NULL,NULL,NULL,NULL,NULL,NULL,NULL,NULL,NULL,NULL),(10040,'zh_CN','',NULL,1,-1,-1,10001,'2017-01-09 12:37:00',10001,'2017-01-09 12:37:00',-1,NULL,NULL,NULL,NULL,NULL,NULL,NULL,NULL,NULL,NULL,NULL,NULL,NULL,NULL,NULL,NULL),(10041,'en_GB','',NULL,1,-1,-1,10001,'2017-01-09 12:37:00',10001,'2017-01-09 12:37:00',-1,NULL,NULL,NULL,NULL,NULL,NULL,NULL,NULL,NULL,NULL,NULL,NULL,NULL,NULL,NULL,NULL),(10041,'zh_CN','',NULL,1,-1,-1,10001,'2017-01-09 12:37:00',10001,'2017-01-09 12:37:00',-1,NULL,NULL,NULL,NULL,NULL,NULL,NULL,NULL,NULL,NULL,NULL,NULL,NULL,NULL,NULL,NULL),(10042,'en_GB','',NULL,1,-1,-1,10001,'2017-01-09 12:37:00',10001,'2017-01-09 12:37:00',-1,NULL,NULL,NULL,NULL,NULL,NULL,NULL,NULL,NULL,NULL,NULL,NULL,NULL,NULL,NULL,NULL),(10042,'zh_CN','',NULL,1,-1,-1,10001,'2017-01-09 12:37:00',10001,'2017-01-09 12:37:00',-1,NULL,NULL,NULL,NULL,NULL,NULL,NULL,NULL,NULL,NULL,NULL,NULL,NULL,NULL,NULL,NULL);

/*Table structure for table `sys_config` */

DROP TABLE IF EXISTS `sys_config`;

CREATE TABLE `sys_config` (
  `CONFIG_ID` bigint(20) NOT NULL AUTO_INCREMENT,
  `CONFIG_CODE` varchar(240) NOT NULL COMMENT '',
  `CONFIG_VALUE` varchar(240) DEFAULT NULL COMMENT '',
  `CATEGORY` varchar(240) DEFAULT NULL COMMENT '',
  `ENABLED_FLAG` varchar(1) DEFAULT 'Y' COMMENT '',
  `OBJECT_VERSION_NUMBER` bigint(20) DEFAULT '1',
  `REQUEST_ID` bigint(20) DEFAULT '-1',
  `PROGRAM_ID` bigint(20) DEFAULT '-1',
  `CREATED_BY` bigint(20) DEFAULT '-1',
  `CREATION_DATE` datetime DEFAULT CURRENT_TIMESTAMP,
  `LAST_UPDATED_BY` bigint(20) DEFAULT '-1',
  `LAST_UPDATE_DATE` datetime DEFAULT CURRENT_TIMESTAMP,
  `LAST_UPDATE_LOGIN` bigint(20) DEFAULT '-1',
  PRIMARY KEY (`CONFIG_ID`),
  UNIQUE KEY `SYS_CONFIG_U1` (`CONFIG_CODE`)
) ENGINE=InnoDB AUTO_INCREMENT=10009 DEFAULT CHARSET=utf8;

/*Data for the table `sys_config` */

insert  into `sys_config`(`CONFIG_ID`,`CONFIG_CODE`,`CONFIG_VALUE`,`CATEGORY`,`ENABLED_FLAG`,`OBJECT_VERSION_NUMBER`,`REQUEST_ID`,`PROGRAM_ID`,`CREATED_BY`,`CREATION_DATE`,`LAST_UPDATED_BY`,`LAST_UPDATE_DATE`,`LAST_UPDATE_LOGIN`) values (10001,'SYS_TITLE','HAND Application Platform',NULL,'Y',2,-1,-1,-1,'2016-12-26 19:31:32',10001,'2017-01-09 17:01:20',10001),(10002,'CAPTCHA','DISABLE',NULL,'Y',2,-1,-1,-1,'2016-12-26 19:31:32',10001,'2017-01-09 17:01:20',10001),(10003,'DEFAULT_PASSWORD','123456',NULL,'Y',2,-1,-1,-1,'2016-12-26 19:31:32',10001,'2017-01-09 17:01:20',10001),(10004,'PASSWORD_MIN_LENGTH','8',NULL,'Y',2,-1,-1,-1,'2016-12-26 19:31:32',10001,'2017-01-09 17:01:20',10001),(10005,'PASSWORD_COMPLEXITY','no_limit',NULL,'Y',2,-1,-1,-1,'2016-12-26 19:31:32',10001,'2017-01-09 17:01:20',10001),(10006,'PASSWORD_INVALID_TIME','0',NULL,'Y',2,-1,-1,-1,'2016-12-26 19:31:32',10001,'2017-01-09 17:01:20',10001),(10007,'USER_ROLE_MERGE','Y',NULL,'Y',2,-1,-1,-1,'2016-12-26 19:31:32',10001,'2017-01-09 17:01:20',10001),(10008,'DEFAULT_TARGET_URL','/index',NULL,'Y',2,-1,-1,-1,'2016-12-26 19:31:32',10001,'2017-01-09 17:01:20',10001);

/*Table structure for table `sys_dashboard_b` */

DROP TABLE IF EXISTS `sys_dashboard_b`;

CREATE TABLE `sys_dashboard_b` (
  `DASHBOARD_ID` bigint(20) NOT NULL AUTO_INCREMENT,
  `DASHBOARD_CODE` varchar(100) NOT NULL COMMENT '',
  `TITLE` varchar(100) DEFAULT NULL COMMENT '',
  `DESCRIPTION` varchar(255) DEFAULT NULL COMMENT '',
  `RESOURCE_ID` bigint(20) NOT NULL COMMENT 'ID',
  `ENABLED_FLAG` varchar(1) NOT NULL DEFAULT 'Y' COMMENT '',
  `OBJECT_VERSION_NUMBER` bigint(20) DEFAULT '1',
  `REQUEST_ID` bigint(20) DEFAULT '-1',
  `PROGRAM_ID` bigint(20) DEFAULT '-1',
  `CREATED_BY` bigint(20) DEFAULT '-1',
  `CREATION_DATE` datetime DEFAULT CURRENT_TIMESTAMP,
  `LAST_UPDATED_BY` bigint(20) DEFAULT '-1',
  `LAST_UPDATE_DATE` datetime DEFAULT CURRENT_TIMESTAMP,
  `LAST_UPDATE_LOGIN` bigint(20) DEFAULT '-1',
  PRIMARY KEY (`DASHBOARD_ID`),
  UNIQUE KEY `SYS_DASHBOARD_B_U1` (`DASHBOARD_CODE`)
) ENGINE=InnoDB AUTO_INCREMENT=10004 DEFAULT CHARSET=utf8;

/*Data for the table `sys_dashboard_b` */

insert  into `sys_dashboard_b`(`DASHBOARD_ID`,`DASHBOARD_CODE`,`TITLE`,`DESCRIPTION`,`RESOURCE_ID`,`ENABLED_FLAG`,`OBJECT_VERSION_NUMBER`,`REQUEST_ID`,`PROGRAM_ID`,`CREATED_BY`,`CREATION_DATE`,`LAST_UPDATED_BY`,`LAST_UPDATE_DATE`,`LAST_UPDATE_LOGIN`) values (10001,'DB_WFL_TODO','11','',10178,'Y',1,-1,-1,-1,'2016-12-26 19:31:33',-1,'2016-12-26 19:31:33',-1),(10002,'DB_WFL_TODO2','22','',10178,'Y',1,-1,-1,-1,'2016-12-26 19:31:33',-1,'2016-12-26 19:31:33',-1),(10003,'DB_SYS_JVM_METRICS','','',10179,'Y',1,-1,-1,-1,'2016-12-26 19:31:33',-1,'2016-12-26 19:31:33',-1);

/*Table structure for table `sys_dashboard_tl` */

DROP TABLE IF EXISTS `sys_dashboard_tl`;

CREATE TABLE `sys_dashboard_tl` (
  `DASHBOARD_ID` bigint(20) NOT NULL,
  `LANG` varchar(50) NOT NULL,
  `TITLE` varchar(100) DEFAULT NULL COMMENT '',
  `DESCRIPTION` varchar(255) DEFAULT NULL COMMENT '',
  `OBJECT_VERSION_NUMBER` bigint(20) DEFAULT '1',
  `REQUEST_ID` bigint(20) DEFAULT '-1',
  `PROGRAM_ID` bigint(20) DEFAULT '-1',
  `CREATED_BY` bigint(20) DEFAULT '-1',
  `CREATION_DATE` datetime DEFAULT CURRENT_TIMESTAMP,
  `LAST_UPDATED_BY` bigint(20) DEFAULT '-1',
  `LAST_UPDATE_DATE` datetime DEFAULT CURRENT_TIMESTAMP,
  `LAST_UPDATE_LOGIN` bigint(20) DEFAULT '-1',
  PRIMARY KEY (`DASHBOARD_ID`,`LANG`)
) ENGINE=InnoDB DEFAULT CHARSET=utf8;

/*Data for the table `sys_dashboard_tl` */

insert  into `sys_dashboard_tl`(`DASHBOARD_ID`,`LANG`,`TITLE`,`DESCRIPTION`,`OBJECT_VERSION_NUMBER`,`REQUEST_ID`,`PROGRAM_ID`,`CREATED_BY`,`CREATION_DATE`,`LAST_UPDATED_BY`,`LAST_UPDATE_DATE`,`LAST_UPDATE_LOGIN`) values (10001,'en_GB','11','',1,-1,-1,-1,'2016-12-26 19:31:33',-1,'2016-12-26 19:31:33',-1),(10001,'zh_CN','11','',1,-1,-1,-1,'2016-12-26 19:31:33',-1,'2016-12-26 19:31:33',-1),(10002,'en_GB','22','',1,-1,-1,-1,'2016-12-26 19:31:33',-1,'2016-12-26 19:31:33',-1),(10002,'zh_CN','22','',1,-1,-1,-1,'2016-12-26 19:31:33',-1,'2016-12-26 19:31:33',-1),(10003,'en_GB','system metrics','',1,-1,-1,-1,'2016-12-26 19:31:33',-1,'2016-12-26 19:31:33',-1),(10003,'zh_CN','','',1,-1,-1,-1,'2016-12-26 19:31:33',-1,'2016-12-26 19:31:33',-1);

/*Table structure for table `sys_file` */

DROP TABLE IF EXISTS `sys_file`;

CREATE TABLE `sys_file` (
  `FILE_ID` bigint(20) NOT NULL AUTO_INCREMENT,
  `ATTACHMENT_ID` bigint(20) DEFAULT NULL COMMENT 'ID',
  `FILE_NAME` varchar(255) DEFAULT NULL COMMENT '',
  `FILE_PATH` varchar(255) DEFAULT NULL COMMENT '',
  `FILE_SIZE` decimal(20,0) DEFAULT NULL COMMENT '',
  `FILE_TYPE` varchar(240) DEFAULT NULL COMMENT '',
  `UPLOAD_DATE` datetime DEFAULT NULL COMMENT '',
  `OBJECT_VERSION_NUMBER` bigint(20) DEFAULT '1',
  `REQUEST_ID` bigint(20) DEFAULT '-1',
  `PROGRAM_ID` bigint(20) DEFAULT '-1',
  `CREATED_BY` bigint(20) DEFAULT '-1',
  `CREATION_DATE` datetime DEFAULT CURRENT_TIMESTAMP,
  `LAST_UPDATED_BY` bigint(20) DEFAULT '-1',
  `LAST_UPDATE_DATE` datetime DEFAULT CURRENT_TIMESTAMP,
  `LAST_UPDATE_LOGIN` bigint(20) DEFAULT '-1',
  `ATTRIBUTE_CATEGORY` varchar(30) DEFAULT NULL,
  `ATTRIBUTE1` varchar(240) DEFAULT NULL,
  `ATTRIBUTE2` varchar(240) DEFAULT NULL,
  `ATTRIBUTE3` varchar(240) DEFAULT NULL,
  `ATTRIBUTE4` varchar(240) DEFAULT NULL,
  `ATTRIBUTE5` varchar(240) DEFAULT NULL,
  `ATTRIBUTE6` varchar(240) DEFAULT NULL,
  `ATTRIBUTE7` varchar(240) DEFAULT NULL,
  `ATTRIBUTE8` varchar(240) DEFAULT NULL,
  `ATTRIBUTE9` varchar(240) DEFAULT NULL,
  `ATTRIBUTE10` varchar(240) DEFAULT NULL,
  `ATTRIBUTE11` varchar(240) DEFAULT NULL,
  `ATTRIBUTE12` varchar(240) DEFAULT NULL,
  `ATTRIBUTE13` varchar(240) DEFAULT NULL,
  `ATTRIBUTE14` varchar(240) DEFAULT NULL,
  `ATTRIBUTE15` varchar(240) DEFAULT NULL,
  PRIMARY KEY (`FILE_ID`),
  KEY `SYS_FILE_N1` (`ATTACHMENT_ID`)
) ENGINE=InnoDB DEFAULT CHARSET=utf8;

/*Data for the table `sys_file` */

/*Table structure for table `sys_function_b` */

DROP TABLE IF EXISTS `sys_function_b`;

CREATE TABLE `sys_function_b` (
  `FUNCTION_ID` bigint(20) NOT NULL AUTO_INCREMENT,
  `MODULE_CODE` varchar(30) DEFAULT NULL COMMENT '',
  `FUNCTION_ICON` varchar(100) DEFAULT NULL COMMENT '',
  `FUNCTION_CODE` varchar(30) NOT NULL COMMENT '',
  `FUNCTION_NAME` varchar(150) DEFAULT NULL COMMENT '',
  `FUNCTION_DESCRIPTION` varchar(240) DEFAULT NULL COMMENT '',
  `RESOURCE_ID` bigint(20) DEFAULT NULL COMMENT '',
  `TYPE` varchar(30) DEFAULT NULL COMMENT '',
  `PARENT_FUNCTION_ID` bigint(20) DEFAULT NULL COMMENT '',
  `ENABLED_FLAG` varchar(1) DEFAULT 'Y' COMMENT '',
  `FUNCTION_SEQUENCE` decimal(20,0) DEFAULT '1' COMMENT '',
  `OBJECT_VERSION_NUMBER` bigint(20) DEFAULT '1',
  `REQUEST_ID` bigint(20) DEFAULT '-1',
  `PROGRAM_ID` bigint(20) DEFAULT '-1',
  `CREATED_BY` bigint(20) DEFAULT '-1',
  `CREATION_DATE` datetime DEFAULT CURRENT_TIMESTAMP,
  `LAST_UPDATED_BY` bigint(20) DEFAULT '-1',
  `LAST_UPDATE_DATE` datetime DEFAULT CURRENT_TIMESTAMP,
  `LAST_UPDATE_LOGIN` bigint(20) DEFAULT '-1',
  `ATTRIBUTE_CATEGORY` varchar(30) DEFAULT NULL,
  `ATTRIBUTE1` varchar(240) DEFAULT NULL,
  `ATTRIBUTE2` varchar(240) DEFAULT NULL,
  `ATTRIBUTE3` varchar(240) DEFAULT NULL,
  `ATTRIBUTE4` varchar(240) DEFAULT NULL,
  `ATTRIBUTE5` varchar(240) DEFAULT NULL,
  `ATTRIBUTE6` varchar(240) DEFAULT NULL,
  `ATTRIBUTE7` varchar(240) DEFAULT NULL,
  `ATTRIBUTE8` varchar(240) DEFAULT NULL,
  `ATTRIBUTE9` varchar(240) DEFAULT NULL,
  `ATTRIBUTE10` varchar(240) DEFAULT NULL,
  `ATTRIBUTE11` varchar(240) DEFAULT NULL,
  `ATTRIBUTE12` varchar(240) DEFAULT NULL,
  `ATTRIBUTE13` varchar(240) DEFAULT NULL,
  `ATTRIBUTE14` varchar(240) DEFAULT NULL,
  `ATTRIBUTE15` varchar(240) DEFAULT NULL,
  PRIMARY KEY (`FUNCTION_ID`),
  UNIQUE KEY `SYS_FUNCTION_B_U1` (`FUNCTION_CODE`),
  KEY `SYS_FUNCTION_B_N1` (`PARENT_FUNCTION_ID`)
) ENGINE=InnoDB AUTO_INCREMENT=10049 DEFAULT CHARSET=utf8;

/*Data for the table `sys_function_b` */

insert  into `sys_function_b`(`FUNCTION_ID`,`MODULE_CODE`,`FUNCTION_ICON`,`FUNCTION_CODE`,`FUNCTION_NAME`,`FUNCTION_DESCRIPTION`,`RESOURCE_ID`,`TYPE`,`PARENT_FUNCTION_ID`,`ENABLED_FLAG`,`FUNCTION_SEQUENCE`,`OBJECT_VERSION_NUMBER`,`REQUEST_ID`,`PROGRAM_ID`,`CREATED_BY`,`CREATION_DATE`,`LAST_UPDATED_BY`,`LAST_UPDATE_DATE`,`LAST_UPDATE_LOGIN`,`ATTRIBUTE_CATEGORY`,`ATTRIBUTE1`,`ATTRIBUTE2`,`ATTRIBUTE3`,`ATTRIBUTE4`,`ATTRIBUTE5`,`ATTRIBUTE6`,`ATTRIBUTE7`,`ATTRIBUTE8`,`ATTRIBUTE9`,`ATTRIBUTE10`,`ATTRIBUTE11`,`ATTRIBUTE12`,`ATTRIBUTE13`,`ATTRIBUTE14`,`ATTRIBUTE15`) values (10001,'SYS','fa fa-gears','SYSTEM','','',NULL,'PAGE',NULL,'Y','99',1,-1,-1,-1,'2016-12-26 19:31:28',-1,'2016-12-26 19:31:28',-1,NULL,NULL,NULL,NULL,NULL,NULL,NULL,NULL,NULL,NULL,NULL,NULL,NULL,NULL,NULL,NULL),(10002,'SYS','fa fa-edit','PROMPT','','',10143,'PAGE',10001,'Y','20',1,-1,-1,-1,'2016-12-26 19:31:28',-1,'2016-12-26 19:31:28',-1,NULL,NULL,NULL,NULL,NULL,NULL,NULL,NULL,NULL,NULL,NULL,NULL,NULL,NULL,NULL,NULL),(10003,'SYS','fa fa-code','CODE','','',10134,'PAGE',10001,'Y','30',1,-1,-1,-1,'2016-12-26 19:31:28',-1,'2016-12-26 19:31:28',-1,NULL,NULL,NULL,NULL,NULL,NULL,NULL,NULL,NULL,NULL,NULL,NULL,NULL,NULL,NULL,NULL),(10004,'SYS','fa fa-search','LOV','LOV','LOV',10137,'PAGE',10001,'Y','40',1,-1,-1,-1,'2016-12-26 19:31:28',-1,'2016-12-26 19:31:28',-1,NULL,NULL,NULL,NULL,NULL,NULL,NULL,NULL,NULL,NULL,NULL,NULL,NULL,NULL,NULL,NULL),(10005,'SYS','fa fa-flag','LANGUAGE','','',10075,'PAGE',10001,'Y','50',1,-1,-1,-1,'2016-12-26 19:31:28',-1,'2016-12-26 19:31:28',-1,NULL,NULL,NULL,NULL,NULL,NULL,NULL,NULL,NULL,NULL,NULL,NULL,NULL,NULL,NULL,NULL),(10006,'SYS','fa fa-cogs','PROFILE','','',10141,'PAGE',10001,'Y','50',1,-1,-1,-1,'2016-12-26 19:31:28',-1,'2016-12-26 19:31:28',-1,NULL,NULL,NULL,NULL,NULL,NULL,NULL,NULL,NULL,NULL,NULL,NULL,NULL,NULL,NULL,NULL),(10007,'SYSCONFIG','fa fa-cog','SYS_CONFIG','','',10136,'PAGE',10001,'Y','6',1,-1,-1,-1,'2016-12-26 19:31:28',-1,'2016-12-26 19:31:28',-1,NULL,NULL,NULL,NULL,NULL,NULL,NULL,NULL,NULL,NULL,NULL,NULL,NULL,NULL,NULL,NULL),(10008,'ACCOUNT','fa fa-user','ACCOUNT','','',NULL,'PAGE',10001,'Y','10',1,-1,-1,-1,'2016-12-26 19:31:28',-1,'2016-12-26 19:31:28',-1,NULL,NULL,NULL,NULL,NULL,NULL,NULL,NULL,NULL,NULL,NULL,NULL,NULL,NULL,NULL,NULL),(10009,'ACCOUNT','fa fa-user-plus','ACCOUNT_USER','','',10148,'PAGE',10008,'Y','10',1,-1,-1,-1,'2016-12-26 19:31:28',-1,'2016-12-26 19:31:28',-1,NULL,NULL,NULL,NULL,NULL,NULL,NULL,NULL,NULL,NULL,NULL,NULL,NULL,NULL,NULL,NULL),(10010,'ACCOUNT','fa fa-users','ACCOUNT_ROLE','','',10144,'PAGE',10008,'Y','20',1,-1,-1,-1,'2016-12-26 19:31:28',-1,'2016-12-26 19:31:28',-1,NULL,NULL,NULL,NULL,NULL,NULL,NULL,NULL,NULL,NULL,NULL,NULL,NULL,NULL,NULL,NULL),(10011,'FUNCTION','fa fa-plug','FUNCTION','','',NULL,'PAGE',10001,'Y','10',1,-1,-1,-1,'2016-12-26 19:31:28',-1,'2016-12-26 19:31:28',-1,NULL,NULL,NULL,NULL,NULL,NULL,NULL,NULL,NULL,NULL,NULL,NULL,NULL,NULL,NULL,NULL),(10012,'FUNCTION','fa fa-puzzle-piece','FUNCTION_ADD','','',10065,'PAGE',10011,'Y','30',2,-1,-1,-1,'2016-12-26 19:31:28',10001,'2016-12-27 18:16:00',10001,NULL,NULL,NULL,NULL,NULL,NULL,NULL,NULL,NULL,NULL,NULL,NULL,NULL,NULL,NULL,NULL),(10013,'FUNCTION','fa fa-share-alt-square','SYS_RESOURCE','','',10115,'PAGE',10011,'Y','20',1,-1,-1,-1,'2016-12-26 19:31:28',-1,'2016-12-26 19:31:28',-1,NULL,NULL,NULL,NULL,NULL,NULL,NULL,NULL,NULL,NULL,NULL,NULL,NULL,NULL,NULL,NULL),(10014,'FUNCTION','fa fa-list','FUNCTION_ASSIGN','','',10129,'PAGE',10011,'Y','90',2,-1,-1,-1,'2016-12-26 19:31:28',10001,'2016-12-27 18:16:00',10001,NULL,NULL,NULL,NULL,NULL,NULL,NULL,NULL,NULL,NULL,NULL,NULL,NULL,NULL,NULL,NULL),(10015,'JOB','fa fa-clock-o','JOB','','',NULL,'PAGE',NULL,'Y','40',1,-1,-1,-1,'2016-12-26 19:31:28',-1,'2016-12-26 19:31:28',-1,NULL,NULL,NULL,NULL,NULL,NULL,NULL,NULL,NULL,NULL,NULL,NULL,NULL,NULL,NULL,NULL),(10016,'JOB','fa fa-tasks','JOB_DETAIL','','',10023,'PAGE',10015,'Y','10',1,-1,-1,-1,'2016-12-26 19:31:28',-1,'2016-12-26 19:31:28',-1,NULL,NULL,NULL,NULL,NULL,NULL,NULL,NULL,NULL,NULL,NULL,NULL,NULL,NULL,NULL,NULL),(10017,'JOB','fa fa-list-ul','JOB_RUNNING_INFO','','',10033,'PAGE',10015,'Y','20',1,-1,-1,-1,'2016-12-26 19:31:28',-1,'2016-12-26 19:31:28',-1,NULL,NULL,NULL,NULL,NULL,NULL,NULL,NULL,NULL,NULL,NULL,NULL,NULL,NULL,NULL,NULL),(10018,'ATTACH','fa fa-cloud-upload','ATTACH','','',NULL,'PAGE',NULL,'Y','30',1,-1,-1,-1,'2016-12-26 19:31:28',-1,'2016-12-26 19:31:28',-1,NULL,NULL,NULL,NULL,NULL,NULL,NULL,NULL,NULL,NULL,NULL,NULL,NULL,NULL,NULL,NULL),(10019,'ATTACH','fa fa-file','ATTACH_FILE','','',10049,'PAGE',10018,'Y','20',1,-1,-1,-1,'2016-12-26 19:31:28',-1,'2016-12-26 19:31:28',-1,NULL,NULL,NULL,NULL,NULL,NULL,NULL,NULL,NULL,NULL,NULL,NULL,NULL,NULL,NULL,NULL),(10020,'ATTACH','fa fa-file','ATTACH_TEST','','',10058,'PAGE',10018,'Y','30',1,-1,-1,-1,'2016-12-26 19:31:28',-1,'2016-12-26 19:31:28',-1,NULL,NULL,NULL,NULL,NULL,NULL,NULL,NULL,NULL,NULL,NULL,NULL,NULL,NULL,NULL,NULL),(10021,'ATTACH','fa fa-folder-open','ATTACH_CATEGORY','','',10045,'PAGE',10018,'Y','10',1,-1,-1,-1,'2016-12-26 19:31:28',-1,'2016-12-26 19:31:28',-1,NULL,NULL,NULL,NULL,NULL,NULL,NULL,NULL,NULL,NULL,NULL,NULL,NULL,NULL,NULL,NULL),(10022,'EMAIL','fa fa-envelope','EMAIL','','',NULL,'PAGE',10001,'Y','80',1,-1,-1,-1,'2016-12-26 19:31:29',-1,'2016-12-26 19:31:29',-1,NULL,NULL,NULL,NULL,NULL,NULL,NULL,NULL,NULL,NULL,NULL,NULL,NULL,NULL,NULL,NULL),(10023,'EMAIL','fa fa-envelope','EMAIL_ACCOUNT','','',10085,'PAGE',10022,'Y','10',1,-1,-1,-1,'2016-12-26 19:31:29',-1,'2016-12-26 19:31:29',-1,NULL,NULL,NULL,NULL,NULL,NULL,NULL,NULL,NULL,NULL,NULL,NULL,NULL,NULL,NULL,NULL),(10024,'EMAIL','fa fa-envelope','EMAIL_TEMPLATE','','',10096,'PAGE',10022,'Y','20',1,-1,-1,-1,'2016-12-26 19:31:29',-1,'2016-12-26 19:31:29',-1,NULL,NULL,NULL,NULL,NULL,NULL,NULL,NULL,NULL,NULL,NULL,NULL,NULL,NULL,NULL,NULL),(10025,'EMAIL','fa fa-envelope','EMAIL_TEST','','',10102,'PAGE',10022,'Y','30',1,-1,-1,-1,'2016-12-26 19:31:29',-1,'2016-12-26 19:31:29',-1,NULL,NULL,NULL,NULL,NULL,NULL,NULL,NULL,NULL,NULL,NULL,NULL,NULL,NULL,NULL,NULL),(10026,'WFL','fa fa-sitemap','WFL','','',NULL,'PAGE',NULL,'Y','40',1,-1,-1,-1,'2016-12-26 19:31:29',-1,'2016-12-26 19:31:29',-1,NULL,NULL,NULL,NULL,NULL,NULL,NULL,NULL,NULL,NULL,NULL,NULL,NULL,NULL,NULL,NULL),(10027,'WFL','fa fa-check-square-o','WFL_MY_TASK','','',10005,'PAGE',10026,'Y','10',1,-1,-1,-1,'2016-12-26 19:31:29',-1,'2016-12-26 19:31:29',-1,NULL,NULL,NULL,NULL,NULL,NULL,NULL,NULL,NULL,NULL,NULL,NULL,NULL,NULL,NULL,NULL),(10028,'WFL','fa fa-check-square-o','WFL_TASK','()','',10009,'PAGE',10026,'Y','20',1,-1,-1,-1,'2016-12-26 19:31:29',-1,'2016-12-26 19:31:29',-1,NULL,NULL,NULL,NULL,NULL,NULL,NULL,NULL,NULL,NULL,NULL,NULL,NULL,NULL,NULL,NULL),(10029,'WFL','fa fa-history','WFL_HISROTY','','',10007,'PAGE',10026,'Y','30',1,-1,-1,-1,'2016-12-26 19:31:29',-1,'2016-12-26 19:31:29',-1,NULL,NULL,NULL,NULL,NULL,NULL,NULL,NULL,NULL,NULL,NULL,NULL,NULL,NULL,NULL,NULL),(10030,'WFL','fa fa-object-group','WFL_MODEL','','',10004,'PAGE',10026,'Y','40',1,-1,-1,-1,'2016-12-26 19:31:29',-1,'2016-12-26 19:31:29',-1,NULL,NULL,NULL,NULL,NULL,NULL,NULL,NULL,NULL,NULL,NULL,NULL,NULL,NULL,NULL,NULL),(10031,'WFL','fa fa-wrench','WFL_TEST','','',10008,'PAGE',10026,'Y','10',1,-1,-1,-1,'2016-12-26 19:31:29',-1,'2016-12-26 19:31:29',-1,NULL,NULL,NULL,NULL,NULL,NULL,NULL,NULL,NULL,NULL,NULL,NULL,NULL,NULL,NULL,NULL),(10032,'WFL','fa fa-share-alt','WFL_DEFINITION','','',10006,'PAGE',10026,'Y','50',1,-1,-1,-1,'2016-12-26 19:31:29',-1,'2016-12-26 19:31:29',-1,NULL,NULL,NULL,NULL,NULL,NULL,NULL,NULL,NULL,NULL,NULL,NULL,NULL,NULL,NULL,NULL),(10033,'HR','fa fa-cubes','HR','','',NULL,'PAGE',NULL,'Y','10',1,-1,-1,-1,'2016-12-26 19:31:29',-1,'2016-12-26 19:31:29',-1,NULL,NULL,NULL,NULL,NULL,NULL,NULL,NULL,NULL,NULL,NULL,NULL,NULL,NULL,NULL,NULL),(10034,'HR','fa fa-cube','HR_UNIT','','',10018,'PAGE',10033,'Y','10',1,-1,-1,-1,'2016-12-26 19:31:29',-1,'2016-12-26 19:31:29',-1,NULL,NULL,NULL,NULL,NULL,NULL,NULL,NULL,NULL,NULL,NULL,NULL,NULL,NULL,NULL,NULL),(10035,'HR','fa fa-user','HR_EMPLOYEE','','',10011,'PAGE',10033,'Y','30',1,-1,-1,-1,'2016-12-26 19:31:29',-1,'2016-12-26 19:31:29',-1,NULL,NULL,NULL,NULL,NULL,NULL,NULL,NULL,NULL,NULL,NULL,NULL,NULL,NULL,NULL,NULL),(10036,'HR','fa fa-user-secret','HR_POSITION','','',10014,'PAGE',10033,'Y','20',1,-1,-1,-1,'2016-12-26 19:31:29',-1,'2016-12-26 19:31:29',-1,NULL,NULL,NULL,NULL,NULL,NULL,NULL,NULL,NULL,NULL,NULL,NULL,NULL,NULL,NULL,NULL),(10037,'FND','fa fa-cube','FND_COMPANY','','',10169,'PAGE',10033,'Y','40',1,-1,-1,-1,'2016-12-26 19:31:29',-1,'2016-12-26 19:31:29',-1,NULL,NULL,NULL,NULL,NULL,NULL,NULL,NULL,NULL,NULL,NULL,NULL,NULL,NULL,NULL,NULL),(10038,'SYS','fa fa-dashboard','SYS_DASHBOARD','','',10174,'PAGE',10001,'Y','15',1,-1,-1,-1,'2016-12-26 19:31:29',-1,'2016-12-26 19:31:29',-1,NULL,NULL,NULL,NULL,NULL,NULL,NULL,NULL,NULL,NULL,NULL,NULL,NULL,NULL,NULL,NULL),(10039,'EMAIL','fa fa-envelope','EMAIL_STATUS','','',10180,'PAGE',10022,'Y','40',1,-1,-1,-1,'2016-12-26 19:31:29',-1,'2016-12-26 19:31:29',-1,NULL,NULL,NULL,NULL,NULL,NULL,NULL,NULL,NULL,NULL,NULL,NULL,NULL,NULL,NULL,NULL),(10040,'IF','fa fa-plug','IF','','',NULL,'PAGE',NULL,'Y','80',1,-1,-1,-1,'2016-12-26 19:31:29',-1,'2016-12-26 19:31:29',-1,NULL,NULL,NULL,NULL,NULL,NULL,NULL,NULL,NULL,NULL,NULL,NULL,NULL,NULL,NULL,NULL),(10041,'IF','fa fa-share-alt-square','IF_CONFIG','','',10182,'PAGE',10040,'Y','10',1,-1,-1,-1,'2016-12-26 19:31:29',-1,'2016-12-26 19:31:29',-1,NULL,NULL,NULL,NULL,NULL,NULL,NULL,NULL,NULL,NULL,NULL,NULL,NULL,NULL,NULL,NULL),(10042,'IF','fa fa-bar-chart','IF_INVOKE','','',10181,'PAGE',10040,'Y','20',1,-1,-1,-1,'2016-12-26 19:31:29',-1,'2016-12-26 19:31:29',-1,NULL,NULL,NULL,NULL,NULL,NULL,NULL,NULL,NULL,NULL,NULL,NULL,NULL,NULL,NULL,NULL),(10043,'SYS','fa fa-heartbeat','SYS_METRICS','','',10185,'PAGE',10001,'Y','10',1,-1,-1,-1,'2016-12-26 19:31:29',-1,'2016-12-26 19:31:29',-1,NULL,NULL,NULL,NULL,NULL,NULL,NULL,NULL,NULL,NULL,NULL,NULL,NULL,NULL,NULL,NULL),(10044,'aaa','a','aaa','aaaa','aaaa',10188,'PAGE',10033,'Y','80',2,-1,-1,10001,'2016-12-27 17:26:48',10001,'2016-12-27 18:12:29',10001,NULL,NULL,NULL,NULL,NULL,NULL,NULL,NULL,NULL,NULL,NULL,NULL,NULL,NULL,NULL,NULL),(10045,'SALE_ORDER','fa fa-file','SALE_ORDER','','',10189,'PAGE',10048,'Y','10',4,-1,-1,10001,'2017-01-10 11:21:54',10001,'2017-01-10 11:24:41',10001,NULL,NULL,NULL,NULL,NULL,NULL,NULL,NULL,NULL,NULL,NULL,NULL,NULL,NULL,NULL,NULL),(10048,'SALE','fa fa-file','SALE','','',NULL,'PAGE',NULL,'Y','10',1,-1,-1,10001,'2017-01-10 11:24:24',10001,'2017-01-10 11:24:24',10001,NULL,NULL,NULL,NULL,NULL,NULL,NULL,NULL,NULL,NULL,NULL,NULL,NULL,NULL,NULL,NULL);

/*Table structure for table `sys_function_resource` */

DROP TABLE IF EXISTS `sys_function_resource`;

CREATE TABLE `sys_function_resource` (
  `FUNC_SRC_ID` bigint(20) NOT NULL AUTO_INCREMENT,
  `FUNCTION_ID` bigint(20) DEFAULT NULL COMMENT ' ID',
  `RESOURCE_ID` bigint(20) DEFAULT NULL,
  `OBJECT_VERSION_NUMBER` bigint(20) DEFAULT '1',
  `REQUEST_ID` bigint(20) DEFAULT '-1',
  `PROGRAM_ID` bigint(20) DEFAULT '-1',
  `CREATED_BY` bigint(20) DEFAULT '-1',
  `CREATION_DATE` datetime DEFAULT CURRENT_TIMESTAMP,
  `LAST_UPDATED_BY` bigint(20) DEFAULT '-1',
  `LAST_UPDATE_DATE` datetime DEFAULT CURRENT_TIMESTAMP,
  `LAST_UPDATE_LOGIN` bigint(20) DEFAULT '-1',
  `ATTRIBUTE_CATEGORY` varchar(30) DEFAULT NULL,
  `ATTRIBUTE1` varchar(240) DEFAULT NULL,
  `ATTRIBUTE2` varchar(240) DEFAULT NULL,
  `ATTRIBUTE3` varchar(240) DEFAULT NULL,
  `ATTRIBUTE4` varchar(240) DEFAULT NULL,
  `ATTRIBUTE5` varchar(240) DEFAULT NULL,
  `ATTRIBUTE6` varchar(240) DEFAULT NULL,
  `ATTRIBUTE7` varchar(240) DEFAULT NULL,
  `ATTRIBUTE8` varchar(240) DEFAULT NULL,
  `ATTRIBUTE9` varchar(240) DEFAULT NULL,
  `ATTRIBUTE10` varchar(240) DEFAULT NULL,
  `ATTRIBUTE11` varchar(240) DEFAULT NULL,
  `ATTRIBUTE12` varchar(240) DEFAULT NULL,
  `ATTRIBUTE13` varchar(240) DEFAULT NULL,
  `ATTRIBUTE14` varchar(240) DEFAULT NULL,
  `ATTRIBUTE15` varchar(240) DEFAULT NULL,
  PRIMARY KEY (`FUNC_SRC_ID`),
  UNIQUE KEY `SYS_FUNCTION_RESOURCE_U1` (`FUNCTION_ID`,`RESOURCE_ID`)
) ENGINE=InnoDB AUTO_INCREMENT=10154 DEFAULT CHARSET=utf8;

/*Data for the table `sys_function_resource` */

insert  into `sys_function_resource`(`FUNC_SRC_ID`,`FUNCTION_ID`,`RESOURCE_ID`,`OBJECT_VERSION_NUMBER`,`REQUEST_ID`,`PROGRAM_ID`,`CREATED_BY`,`CREATION_DATE`,`LAST_UPDATED_BY`,`LAST_UPDATE_DATE`,`LAST_UPDATE_LOGIN`,`ATTRIBUTE_CATEGORY`,`ATTRIBUTE1`,`ATTRIBUTE2`,`ATTRIBUTE3`,`ATTRIBUTE4`,`ATTRIBUTE5`,`ATTRIBUTE6`,`ATTRIBUTE7`,`ATTRIBUTE8`,`ATTRIBUTE9`,`ATTRIBUTE10`,`ATTRIBUTE11`,`ATTRIBUTE12`,`ATTRIBUTE13`,`ATTRIBUTE14`,`ATTRIBUTE15`) values (10001,10002,10143,1,-1,-1,-1,'2016-12-26 19:31:29',-1,'2016-12-26 19:31:29',-1,NULL,NULL,NULL,NULL,NULL,NULL,NULL,NULL,NULL,NULL,NULL,NULL,NULL,NULL,NULL,NULL),(10002,10002,10112,1,-1,-1,-1,'2016-12-26 19:31:29',-1,'2016-12-26 19:31:29',-1,NULL,NULL,NULL,NULL,NULL,NULL,NULL,NULL,NULL,NULL,NULL,NULL,NULL,NULL,NULL,NULL),(10003,10002,10113,1,-1,-1,-1,'2016-12-26 19:31:29',-1,'2016-12-26 19:31:29',-1,NULL,NULL,NULL,NULL,NULL,NULL,NULL,NULL,NULL,NULL,NULL,NULL,NULL,NULL,NULL,NULL),(10004,10002,10114,1,-1,-1,-1,'2016-12-26 19:31:29',-1,'2016-12-26 19:31:29',-1,NULL,NULL,NULL,NULL,NULL,NULL,NULL,NULL,NULL,NULL,NULL,NULL,NULL,NULL,NULL,NULL),(10005,10003,10134,1,-1,-1,-1,'2016-12-26 19:31:29',-1,'2016-12-26 19:31:29',-1,NULL,NULL,NULL,NULL,NULL,NULL,NULL,NULL,NULL,NULL,NULL,NULL,NULL,NULL,NULL,NULL),(10006,10003,10135,1,-1,-1,-1,'2016-12-26 19:31:29',-1,'2016-12-26 19:31:29',-1,NULL,NULL,NULL,NULL,NULL,NULL,NULL,NULL,NULL,NULL,NULL,NULL,NULL,NULL,NULL,NULL),(10007,10003,10060,1,-1,-1,-1,'2016-12-26 19:31:29',-1,'2016-12-26 19:31:29',-1,NULL,NULL,NULL,NULL,NULL,NULL,NULL,NULL,NULL,NULL,NULL,NULL,NULL,NULL,NULL,NULL),(10008,10003,10061,1,-1,-1,-1,'2016-12-26 19:31:29',-1,'2016-12-26 19:31:29',-1,NULL,NULL,NULL,NULL,NULL,NULL,NULL,NULL,NULL,NULL,NULL,NULL,NULL,NULL,NULL,NULL),(10009,10003,10062,1,-1,-1,-1,'2016-12-26 19:31:29',-1,'2016-12-26 19:31:29',-1,NULL,NULL,NULL,NULL,NULL,NULL,NULL,NULL,NULL,NULL,NULL,NULL,NULL,NULL,NULL,NULL),(10010,10003,10063,1,-1,-1,-1,'2016-12-26 19:31:29',-1,'2016-12-26 19:31:29',-1,NULL,NULL,NULL,NULL,NULL,NULL,NULL,NULL,NULL,NULL,NULL,NULL,NULL,NULL,NULL,NULL),(10011,10003,10064,1,-1,-1,-1,'2016-12-26 19:31:29',-1,'2016-12-26 19:31:29',-1,NULL,NULL,NULL,NULL,NULL,NULL,NULL,NULL,NULL,NULL,NULL,NULL,NULL,NULL,NULL,NULL),(10012,10004,10137,1,-1,-1,-1,'2016-12-26 19:31:29',-1,'2016-12-26 19:31:29',-1,NULL,NULL,NULL,NULL,NULL,NULL,NULL,NULL,NULL,NULL,NULL,NULL,NULL,NULL,NULL,NULL),(10013,10004,10138,1,-1,-1,-1,'2016-12-26 19:31:29',-1,'2016-12-26 19:31:29',-1,NULL,NULL,NULL,NULL,NULL,NULL,NULL,NULL,NULL,NULL,NULL,NULL,NULL,NULL,NULL,NULL),(10014,10004,10139,1,-1,-1,-1,'2016-12-26 19:31:29',-1,'2016-12-26 19:31:29',-1,NULL,NULL,NULL,NULL,NULL,NULL,NULL,NULL,NULL,NULL,NULL,NULL,NULL,NULL,NULL,NULL),(10015,10004,10079,1,-1,-1,-1,'2016-12-26 19:31:29',-1,'2016-12-26 19:31:29',-1,NULL,NULL,NULL,NULL,NULL,NULL,NULL,NULL,NULL,NULL,NULL,NULL,NULL,NULL,NULL,NULL),(10016,10004,10080,1,-1,-1,-1,'2016-12-26 19:31:29',-1,'2016-12-26 19:31:29',-1,NULL,NULL,NULL,NULL,NULL,NULL,NULL,NULL,NULL,NULL,NULL,NULL,NULL,NULL,NULL,NULL),(10017,10004,10081,1,-1,-1,-1,'2016-12-26 19:31:29',-1,'2016-12-26 19:31:29',-1,NULL,NULL,NULL,NULL,NULL,NULL,NULL,NULL,NULL,NULL,NULL,NULL,NULL,NULL,NULL,NULL),(10018,10004,10082,1,-1,-1,-1,'2016-12-26 19:31:29',-1,'2016-12-26 19:31:29',-1,NULL,NULL,NULL,NULL,NULL,NULL,NULL,NULL,NULL,NULL,NULL,NULL,NULL,NULL,NULL,NULL),(10019,10004,10083,1,-1,-1,-1,'2016-12-26 19:31:29',-1,'2016-12-26 19:31:29',-1,NULL,NULL,NULL,NULL,NULL,NULL,NULL,NULL,NULL,NULL,NULL,NULL,NULL,NULL,NULL,NULL),(10020,10004,10084,1,-1,-1,-1,'2016-12-26 19:31:29',-1,'2016-12-26 19:31:29',-1,NULL,NULL,NULL,NULL,NULL,NULL,NULL,NULL,NULL,NULL,NULL,NULL,NULL,NULL,NULL,NULL),(10021,10006,10141,1,-1,-1,-1,'2016-12-26 19:31:29',-1,'2016-12-26 19:31:29',-1,NULL,NULL,NULL,NULL,NULL,NULL,NULL,NULL,NULL,NULL,NULL,NULL,NULL,NULL,NULL,NULL),(10022,10006,10142,1,-1,-1,-1,'2016-12-26 19:31:29',-1,'2016-12-26 19:31:29',-1,NULL,NULL,NULL,NULL,NULL,NULL,NULL,NULL,NULL,NULL,NULL,NULL,NULL,NULL,NULL,NULL),(10023,10006,10106,1,-1,-1,-1,'2016-12-26 19:31:29',-1,'2016-12-26 19:31:29',-1,NULL,NULL,NULL,NULL,NULL,NULL,NULL,NULL,NULL,NULL,NULL,NULL,NULL,NULL,NULL,NULL),(10024,10006,10107,1,-1,-1,-1,'2016-12-26 19:31:29',-1,'2016-12-26 19:31:29',-1,NULL,NULL,NULL,NULL,NULL,NULL,NULL,NULL,NULL,NULL,NULL,NULL,NULL,NULL,NULL,NULL),(10025,10006,10108,1,-1,-1,-1,'2016-12-26 19:31:29',-1,'2016-12-26 19:31:29',-1,NULL,NULL,NULL,NULL,NULL,NULL,NULL,NULL,NULL,NULL,NULL,NULL,NULL,NULL,NULL,NULL),(10026,10006,10109,1,-1,-1,-1,'2016-12-26 19:31:29',-1,'2016-12-26 19:31:29',-1,NULL,NULL,NULL,NULL,NULL,NULL,NULL,NULL,NULL,NULL,NULL,NULL,NULL,NULL,NULL,NULL),(10027,10006,10110,1,-1,-1,-1,'2016-12-26 19:31:29',-1,'2016-12-26 19:31:29',-1,NULL,NULL,NULL,NULL,NULL,NULL,NULL,NULL,NULL,NULL,NULL,NULL,NULL,NULL,NULL,NULL),(10028,10006,10111,1,-1,-1,-1,'2016-12-26 19:31:29',-1,'2016-12-26 19:31:29',-1,NULL,NULL,NULL,NULL,NULL,NULL,NULL,NULL,NULL,NULL,NULL,NULL,NULL,NULL,NULL,NULL),(10029,10012,10065,1,-1,-1,-1,'2016-12-26 19:31:29',-1,'2016-12-26 19:31:29',-1,NULL,NULL,NULL,NULL,NULL,NULL,NULL,NULL,NULL,NULL,NULL,NULL,NULL,NULL,NULL,NULL),(10030,10012,10066,1,-1,-1,-1,'2016-12-26 19:31:29',-1,'2016-12-26 19:31:29',-1,NULL,NULL,NULL,NULL,NULL,NULL,NULL,NULL,NULL,NULL,NULL,NULL,NULL,NULL,NULL,NULL),(10031,10012,10067,1,-1,-1,-1,'2016-12-26 19:31:29',-1,'2016-12-26 19:31:29',-1,NULL,NULL,NULL,NULL,NULL,NULL,NULL,NULL,NULL,NULL,NULL,NULL,NULL,NULL,NULL,NULL),(10032,10012,10068,1,-1,-1,-1,'2016-12-26 19:31:29',-1,'2016-12-26 19:31:29',-1,NULL,NULL,NULL,NULL,NULL,NULL,NULL,NULL,NULL,NULL,NULL,NULL,NULL,NULL,NULL,NULL),(10033,10012,10069,1,-1,-1,-1,'2016-12-26 19:31:29',-1,'2016-12-26 19:31:29',-1,NULL,NULL,NULL,NULL,NULL,NULL,NULL,NULL,NULL,NULL,NULL,NULL,NULL,NULL,NULL,NULL),(10034,10012,10070,1,-1,-1,-1,'2016-12-26 19:31:29',-1,'2016-12-26 19:31:29',-1,NULL,NULL,NULL,NULL,NULL,NULL,NULL,NULL,NULL,NULL,NULL,NULL,NULL,NULL,NULL,NULL),(10035,10012,10071,1,-1,-1,-1,'2016-12-26 19:31:29',-1,'2016-12-26 19:31:29',-1,NULL,NULL,NULL,NULL,NULL,NULL,NULL,NULL,NULL,NULL,NULL,NULL,NULL,NULL,NULL,NULL),(10036,10012,10072,1,-1,-1,-1,'2016-12-26 19:31:29',-1,'2016-12-26 19:31:29',-1,NULL,NULL,NULL,NULL,NULL,NULL,NULL,NULL,NULL,NULL,NULL,NULL,NULL,NULL,NULL,NULL),(10037,10012,10073,1,-1,-1,-1,'2016-12-26 19:31:29',-1,'2016-12-26 19:31:29',-1,NULL,NULL,NULL,NULL,NULL,NULL,NULL,NULL,NULL,NULL,NULL,NULL,NULL,NULL,NULL,NULL),(10038,10012,10074,1,-1,-1,-1,'2016-12-26 19:31:29',-1,'2016-12-26 19:31:29',-1,NULL,NULL,NULL,NULL,NULL,NULL,NULL,NULL,NULL,NULL,NULL,NULL,NULL,NULL,NULL,NULL),(10039,10016,10023,1,-1,-1,-1,'2016-12-26 19:31:29',-1,'2016-12-26 19:31:29',-1,NULL,NULL,NULL,NULL,NULL,NULL,NULL,NULL,NULL,NULL,NULL,NULL,NULL,NULL,NULL,NULL),(10040,10016,10024,1,-1,-1,-1,'2016-12-26 19:31:29',-1,'2016-12-26 19:31:29',-1,NULL,NULL,NULL,NULL,NULL,NULL,NULL,NULL,NULL,NULL,NULL,NULL,NULL,NULL,NULL,NULL),(10041,10016,10025,1,-1,-1,-1,'2016-12-26 19:31:29',-1,'2016-12-26 19:31:29',-1,NULL,NULL,NULL,NULL,NULL,NULL,NULL,NULL,NULL,NULL,NULL,NULL,NULL,NULL,NULL,NULL),(10042,10016,10026,1,-1,-1,-1,'2016-12-26 19:31:29',-1,'2016-12-26 19:31:29',-1,NULL,NULL,NULL,NULL,NULL,NULL,NULL,NULL,NULL,NULL,NULL,NULL,NULL,NULL,NULL,NULL),(10043,10016,10027,1,-1,-1,-1,'2016-12-26 19:31:29',-1,'2016-12-26 19:31:29',-1,NULL,NULL,NULL,NULL,NULL,NULL,NULL,NULL,NULL,NULL,NULL,NULL,NULL,NULL,NULL,NULL),(10044,10016,10028,1,-1,-1,-1,'2016-12-26 19:31:29',-1,'2016-12-26 19:31:29',-1,NULL,NULL,NULL,NULL,NULL,NULL,NULL,NULL,NULL,NULL,NULL,NULL,NULL,NULL,NULL,NULL),(10045,10016,10029,1,-1,-1,-1,'2016-12-26 19:31:29',-1,'2016-12-26 19:31:29',-1,NULL,NULL,NULL,NULL,NULL,NULL,NULL,NULL,NULL,NULL,NULL,NULL,NULL,NULL,NULL,NULL),(10046,10016,10030,1,-1,-1,-1,'2016-12-26 19:31:29',-1,'2016-12-26 19:31:29',-1,NULL,NULL,NULL,NULL,NULL,NULL,NULL,NULL,NULL,NULL,NULL,NULL,NULL,NULL,NULL,NULL),(10047,10016,10031,1,-1,-1,-1,'2016-12-26 19:31:29',-1,'2016-12-26 19:31:29',-1,NULL,NULL,NULL,NULL,NULL,NULL,NULL,NULL,NULL,NULL,NULL,NULL,NULL,NULL,NULL,NULL),(10048,10016,10032,1,-1,-1,-1,'2016-12-26 19:31:29',-1,'2016-12-26 19:31:29',-1,NULL,NULL,NULL,NULL,NULL,NULL,NULL,NULL,NULL,NULL,NULL,NULL,NULL,NULL,NULL,NULL),(10049,10013,10115,1,-1,-1,-1,'2016-12-26 19:31:29',-1,'2016-12-26 19:31:29',-1,NULL,NULL,NULL,NULL,NULL,NULL,NULL,NULL,NULL,NULL,NULL,NULL,NULL,NULL,NULL,NULL),(10050,10013,10120,1,-1,-1,-1,'2016-12-26 19:31:29',-1,'2016-12-26 19:31:29',-1,NULL,NULL,NULL,NULL,NULL,NULL,NULL,NULL,NULL,NULL,NULL,NULL,NULL,NULL,NULL,NULL),(10051,10013,10121,1,-1,-1,-1,'2016-12-26 19:31:29',-1,'2016-12-26 19:31:29',-1,NULL,NULL,NULL,NULL,NULL,NULL,NULL,NULL,NULL,NULL,NULL,NULL,NULL,NULL,NULL,NULL),(10052,10013,10122,1,-1,-1,-1,'2016-12-26 19:31:29',-1,'2016-12-26 19:31:29',-1,NULL,NULL,NULL,NULL,NULL,NULL,NULL,NULL,NULL,NULL,NULL,NULL,NULL,NULL,NULL,NULL),(10053,10013,10123,1,-1,-1,-1,'2016-12-26 19:31:29',-1,'2016-12-26 19:31:29',-1,NULL,NULL,NULL,NULL,NULL,NULL,NULL,NULL,NULL,NULL,NULL,NULL,NULL,NULL,NULL,NULL),(10054,10013,10124,1,-1,-1,-1,'2016-12-26 19:31:29',-1,'2016-12-26 19:31:29',-1,NULL,NULL,NULL,NULL,NULL,NULL,NULL,NULL,NULL,NULL,NULL,NULL,NULL,NULL,NULL,NULL),(10055,10013,10125,1,-1,-1,-1,'2016-12-26 19:31:29',-1,'2016-12-26 19:31:29',-1,NULL,NULL,NULL,NULL,NULL,NULL,NULL,NULL,NULL,NULL,NULL,NULL,NULL,NULL,NULL,NULL),(10056,10013,10126,1,-1,-1,-1,'2016-12-26 19:31:29',-1,'2016-12-26 19:31:29',-1,NULL,NULL,NULL,NULL,NULL,NULL,NULL,NULL,NULL,NULL,NULL,NULL,NULL,NULL,NULL,NULL),(10057,10013,10127,1,-1,-1,-1,'2016-12-26 19:31:29',-1,'2016-12-26 19:31:29',-1,NULL,NULL,NULL,NULL,NULL,NULL,NULL,NULL,NULL,NULL,NULL,NULL,NULL,NULL,NULL,NULL),(10058,10014,10129,1,-1,-1,-1,'2016-12-26 19:31:29',-1,'2016-12-26 19:31:29',-1,NULL,NULL,NULL,NULL,NULL,NULL,NULL,NULL,NULL,NULL,NULL,NULL,NULL,NULL,NULL,NULL),(10059,10014,10130,1,-1,-1,-1,'2016-12-26 19:31:29',-1,'2016-12-26 19:31:29',-1,NULL,NULL,NULL,NULL,NULL,NULL,NULL,NULL,NULL,NULL,NULL,NULL,NULL,NULL,NULL,NULL),(10060,10014,10131,1,-1,-1,-1,'2016-12-26 19:31:29',-1,'2016-12-26 19:31:29',-1,NULL,NULL,NULL,NULL,NULL,NULL,NULL,NULL,NULL,NULL,NULL,NULL,NULL,NULL,NULL,NULL),(10061,10014,10132,1,-1,-1,-1,'2016-12-26 19:31:29',-1,'2016-12-26 19:31:29',-1,NULL,NULL,NULL,NULL,NULL,NULL,NULL,NULL,NULL,NULL,NULL,NULL,NULL,NULL,NULL,NULL),(10062,10014,10133,1,-1,-1,-1,'2016-12-26 19:31:29',-1,'2016-12-26 19:31:29',-1,NULL,NULL,NULL,NULL,NULL,NULL,NULL,NULL,NULL,NULL,NULL,NULL,NULL,NULL,NULL,NULL),(10063,10014,10121,1,-1,-1,-1,'2016-12-26 19:31:29',-1,'2016-12-26 19:31:29',-1,NULL,NULL,NULL,NULL,NULL,NULL,NULL,NULL,NULL,NULL,NULL,NULL,NULL,NULL,NULL,NULL),(10064,10009,10148,1,-1,-1,-1,'2016-12-26 19:31:29',-1,'2016-12-26 19:31:29',-1,NULL,NULL,NULL,NULL,NULL,NULL,NULL,NULL,NULL,NULL,NULL,NULL,NULL,NULL,NULL,NULL),(10065,10009,10149,1,-1,-1,-1,'2016-12-26 19:31:29',-1,'2016-12-26 19:31:29',-1,NULL,NULL,NULL,NULL,NULL,NULL,NULL,NULL,NULL,NULL,NULL,NULL,NULL,NULL,NULL,NULL),(10066,10009,10150,1,-1,-1,-1,'2016-12-26 19:31:29',-1,'2016-12-26 19:31:29',-1,NULL,NULL,NULL,NULL,NULL,NULL,NULL,NULL,NULL,NULL,NULL,NULL,NULL,NULL,NULL,NULL),(10067,10009,10151,1,-1,-1,-1,'2016-12-26 19:31:29',-1,'2016-12-26 19:31:29',-1,NULL,NULL,NULL,NULL,NULL,NULL,NULL,NULL,NULL,NULL,NULL,NULL,NULL,NULL,NULL,NULL),(10068,10009,10152,1,-1,-1,-1,'2016-12-26 19:31:29',-1,'2016-12-26 19:31:29',-1,NULL,NULL,NULL,NULL,NULL,NULL,NULL,NULL,NULL,NULL,NULL,NULL,NULL,NULL,NULL,NULL),(10069,10009,10153,1,-1,-1,-1,'2016-12-26 19:31:29',-1,'2016-12-26 19:31:29',-1,NULL,NULL,NULL,NULL,NULL,NULL,NULL,NULL,NULL,NULL,NULL,NULL,NULL,NULL,NULL,NULL),(10070,10009,10154,1,-1,-1,-1,'2016-12-26 19:31:29',-1,'2016-12-26 19:31:29',-1,NULL,NULL,NULL,NULL,NULL,NULL,NULL,NULL,NULL,NULL,NULL,NULL,NULL,NULL,NULL,NULL),(10071,10009,10155,1,-1,-1,-1,'2016-12-26 19:31:29',-1,'2016-12-26 19:31:29',-1,NULL,NULL,NULL,NULL,NULL,NULL,NULL,NULL,NULL,NULL,NULL,NULL,NULL,NULL,NULL,NULL),(10072,10009,10128,1,-1,-1,-1,'2016-12-26 19:31:29',-1,'2016-12-26 19:31:29',-1,NULL,NULL,NULL,NULL,NULL,NULL,NULL,NULL,NULL,NULL,NULL,NULL,NULL,NULL,NULL,NULL),(10073,10009,10156,1,-1,-1,-1,'2016-12-26 19:31:29',-1,'2016-12-26 19:31:29',-1,NULL,NULL,NULL,NULL,NULL,NULL,NULL,NULL,NULL,NULL,NULL,NULL,NULL,NULL,NULL,NULL),(10074,10010,10144,1,-1,-1,-1,'2016-12-26 19:31:29',-1,'2016-12-26 19:31:29',-1,NULL,NULL,NULL,NULL,NULL,NULL,NULL,NULL,NULL,NULL,NULL,NULL,NULL,NULL,NULL,NULL),(10075,10010,10145,1,-1,-1,-1,'2016-12-26 19:31:29',-1,'2016-12-26 19:31:29',-1,NULL,NULL,NULL,NULL,NULL,NULL,NULL,NULL,NULL,NULL,NULL,NULL,NULL,NULL,NULL,NULL),(10076,10010,10146,1,-1,-1,-1,'2016-12-26 19:31:29',-1,'2016-12-26 19:31:29',-1,NULL,NULL,NULL,NULL,NULL,NULL,NULL,NULL,NULL,NULL,NULL,NULL,NULL,NULL,NULL,NULL),(10077,10010,10147,1,-1,-1,-1,'2016-12-26 19:31:29',-1,'2016-12-26 19:31:29',-1,NULL,NULL,NULL,NULL,NULL,NULL,NULL,NULL,NULL,NULL,NULL,NULL,NULL,NULL,NULL,NULL),(10078,10017,10033,1,-1,-1,-1,'2016-12-26 19:31:29',-1,'2016-12-26 19:31:29',-1,NULL,NULL,NULL,NULL,NULL,NULL,NULL,NULL,NULL,NULL,NULL,NULL,NULL,NULL,NULL,NULL),(10079,10017,10034,1,-1,-1,-1,'2016-12-26 19:31:29',-1,'2016-12-26 19:31:29',-1,NULL,NULL,NULL,NULL,NULL,NULL,NULL,NULL,NULL,NULL,NULL,NULL,NULL,NULL,NULL,NULL),(10080,10005,10075,1,-1,-1,-1,'2016-12-26 19:31:29',-1,'2016-12-26 19:31:29',-1,NULL,NULL,NULL,NULL,NULL,NULL,NULL,NULL,NULL,NULL,NULL,NULL,NULL,NULL,NULL,NULL),(10081,10005,10076,1,-1,-1,-1,'2016-12-26 19:31:29',-1,'2016-12-26 19:31:29',-1,NULL,NULL,NULL,NULL,NULL,NULL,NULL,NULL,NULL,NULL,NULL,NULL,NULL,NULL,NULL,NULL),(10082,10005,10077,1,-1,-1,-1,'2016-12-26 19:31:29',-1,'2016-12-26 19:31:29',-1,NULL,NULL,NULL,NULL,NULL,NULL,NULL,NULL,NULL,NULL,NULL,NULL,NULL,NULL,NULL,NULL),(10083,10005,10078,1,-1,-1,-1,'2016-12-26 19:31:29',-1,'2016-12-26 19:31:29',-1,NULL,NULL,NULL,NULL,NULL,NULL,NULL,NULL,NULL,NULL,NULL,NULL,NULL,NULL,NULL,NULL),(10084,10023,10085,1,-1,-1,-1,'2016-12-26 19:31:29',-1,'2016-12-26 19:31:29',-1,NULL,NULL,NULL,NULL,NULL,NULL,NULL,NULL,NULL,NULL,NULL,NULL,NULL,NULL,NULL,NULL),(10085,10023,10086,1,-1,-1,-1,'2016-12-26 19:31:29',-1,'2016-12-26 19:31:29',-1,NULL,NULL,NULL,NULL,NULL,NULL,NULL,NULL,NULL,NULL,NULL,NULL,NULL,NULL,NULL,NULL),(10086,10023,10087,1,-1,-1,-1,'2016-12-26 19:31:29',-1,'2016-12-26 19:31:29',-1,NULL,NULL,NULL,NULL,NULL,NULL,NULL,NULL,NULL,NULL,NULL,NULL,NULL,NULL,NULL,NULL),(10087,10023,10088,1,-1,-1,-1,'2016-12-26 19:31:29',-1,'2016-12-26 19:31:29',-1,NULL,NULL,NULL,NULL,NULL,NULL,NULL,NULL,NULL,NULL,NULL,NULL,NULL,NULL,NULL,NULL),(10088,10023,10089,1,-1,-1,-1,'2016-12-26 19:31:29',-1,'2016-12-26 19:31:29',-1,NULL,NULL,NULL,NULL,NULL,NULL,NULL,NULL,NULL,NULL,NULL,NULL,NULL,NULL,NULL,NULL),(10089,10023,10090,1,-1,-1,-1,'2016-12-26 19:31:29',-1,'2016-12-26 19:31:29',-1,NULL,NULL,NULL,NULL,NULL,NULL,NULL,NULL,NULL,NULL,NULL,NULL,NULL,NULL,NULL,NULL),(10090,10023,10091,1,-1,-1,-1,'2016-12-26 19:31:29',-1,'2016-12-26 19:31:29',-1,NULL,NULL,NULL,NULL,NULL,NULL,NULL,NULL,NULL,NULL,NULL,NULL,NULL,NULL,NULL,NULL),(10091,10023,10092,1,-1,-1,-1,'2016-12-26 19:31:29',-1,'2016-12-26 19:31:29',-1,NULL,NULL,NULL,NULL,NULL,NULL,NULL,NULL,NULL,NULL,NULL,NULL,NULL,NULL,NULL,NULL),(10092,10023,10093,1,-1,-1,-1,'2016-12-26 19:31:29',-1,'2016-12-26 19:31:29',-1,NULL,NULL,NULL,NULL,NULL,NULL,NULL,NULL,NULL,NULL,NULL,NULL,NULL,NULL,NULL,NULL),(10093,10023,10094,1,-1,-1,-1,'2016-12-26 19:31:29',-1,'2016-12-26 19:31:29',-1,NULL,NULL,NULL,NULL,NULL,NULL,NULL,NULL,NULL,NULL,NULL,NULL,NULL,NULL,NULL,NULL),(10094,10023,10095,1,-1,-1,-1,'2016-12-26 19:31:29',-1,'2016-12-26 19:31:29',-1,NULL,NULL,NULL,NULL,NULL,NULL,NULL,NULL,NULL,NULL,NULL,NULL,NULL,NULL,NULL,NULL),(10095,10024,10096,1,-1,-1,-1,'2016-12-26 19:31:29',-1,'2016-12-26 19:31:29',-1,NULL,NULL,NULL,NULL,NULL,NULL,NULL,NULL,NULL,NULL,NULL,NULL,NULL,NULL,NULL,NULL),(10096,10024,10097,1,-1,-1,-1,'2016-12-26 19:31:29',-1,'2016-12-26 19:31:29',-1,NULL,NULL,NULL,NULL,NULL,NULL,NULL,NULL,NULL,NULL,NULL,NULL,NULL,NULL,NULL,NULL),(10097,10024,10098,1,-1,-1,-1,'2016-12-26 19:31:29',-1,'2016-12-26 19:31:29',-1,NULL,NULL,NULL,NULL,NULL,NULL,NULL,NULL,NULL,NULL,NULL,NULL,NULL,NULL,NULL,NULL),(10098,10024,10099,1,-1,-1,-1,'2016-12-26 19:31:29',-1,'2016-12-26 19:31:29',-1,NULL,NULL,NULL,NULL,NULL,NULL,NULL,NULL,NULL,NULL,NULL,NULL,NULL,NULL,NULL,NULL),(10099,10024,10100,1,-1,-1,-1,'2016-12-26 19:31:29',-1,'2016-12-26 19:31:29',-1,NULL,NULL,NULL,NULL,NULL,NULL,NULL,NULL,NULL,NULL,NULL,NULL,NULL,NULL,NULL,NULL),(10100,10024,10101,1,-1,-1,-1,'2016-12-26 19:31:29',-1,'2016-12-26 19:31:29',-1,NULL,NULL,NULL,NULL,NULL,NULL,NULL,NULL,NULL,NULL,NULL,NULL,NULL,NULL,NULL,NULL),(10101,10025,10102,1,-1,-1,-1,'2016-12-26 19:31:29',-1,'2016-12-26 19:31:29',-1,NULL,NULL,NULL,NULL,NULL,NULL,NULL,NULL,NULL,NULL,NULL,NULL,NULL,NULL,NULL,NULL),(10102,10025,10103,1,-1,-1,-1,'2016-12-26 19:31:29',-1,'2016-12-26 19:31:29',-1,NULL,NULL,NULL,NULL,NULL,NULL,NULL,NULL,NULL,NULL,NULL,NULL,NULL,NULL,NULL,NULL),(10103,10021,10044,1,-1,-1,-1,'2016-12-26 19:31:29',-1,'2016-12-26 19:31:29',-1,NULL,NULL,NULL,NULL,NULL,NULL,NULL,NULL,NULL,NULL,NULL,NULL,NULL,NULL,NULL,NULL),(10104,10021,10045,1,-1,-1,-1,'2016-12-26 19:31:29',-1,'2016-12-26 19:31:29',-1,NULL,NULL,NULL,NULL,NULL,NULL,NULL,NULL,NULL,NULL,NULL,NULL,NULL,NULL,NULL,NULL),(10105,10021,10046,1,-1,-1,-1,'2016-12-26 19:31:29',-1,'2016-12-26 19:31:29',-1,NULL,NULL,NULL,NULL,NULL,NULL,NULL,NULL,NULL,NULL,NULL,NULL,NULL,NULL,NULL,NULL),(10106,10021,10047,1,-1,-1,-1,'2016-12-26 19:31:29',-1,'2016-12-26 19:31:29',-1,NULL,NULL,NULL,NULL,NULL,NULL,NULL,NULL,NULL,NULL,NULL,NULL,NULL,NULL,NULL,NULL),(10107,10021,10048,1,-1,-1,-1,'2016-12-26 19:31:29',-1,'2016-12-26 19:31:29',-1,NULL,NULL,NULL,NULL,NULL,NULL,NULL,NULL,NULL,NULL,NULL,NULL,NULL,NULL,NULL,NULL),(10108,10019,10049,1,-1,-1,-1,'2016-12-26 19:31:29',-1,'2016-12-26 19:31:29',-1,NULL,NULL,NULL,NULL,NULL,NULL,NULL,NULL,NULL,NULL,NULL,NULL,NULL,NULL,NULL,NULL),(10109,10019,10050,1,-1,-1,-1,'2016-12-26 19:31:29',-1,'2016-12-26 19:31:29',-1,NULL,NULL,NULL,NULL,NULL,NULL,NULL,NULL,NULL,NULL,NULL,NULL,NULL,NULL,NULL,NULL),(10110,10019,10051,1,-1,-1,-1,'2016-12-26 19:31:29',-1,'2016-12-26 19:31:29',-1,NULL,NULL,NULL,NULL,NULL,NULL,NULL,NULL,NULL,NULL,NULL,NULL,NULL,NULL,NULL,NULL),(10111,10019,10052,1,-1,-1,-1,'2016-12-26 19:31:29',-1,'2016-12-26 19:31:29',-1,NULL,NULL,NULL,NULL,NULL,NULL,NULL,NULL,NULL,NULL,NULL,NULL,NULL,NULL,NULL,NULL),(10112,10019,10053,1,-1,-1,-1,'2016-12-26 19:31:29',-1,'2016-12-26 19:31:29',-1,NULL,NULL,NULL,NULL,NULL,NULL,NULL,NULL,NULL,NULL,NULL,NULL,NULL,NULL,NULL,NULL),(10113,10019,10054,1,-1,-1,-1,'2016-12-26 19:31:29',-1,'2016-12-26 19:31:29',-1,NULL,NULL,NULL,NULL,NULL,NULL,NULL,NULL,NULL,NULL,NULL,NULL,NULL,NULL,NULL,NULL),(10114,10019,10055,1,-1,-1,-1,'2016-12-26 19:31:29',-1,'2016-12-26 19:31:29',-1,NULL,NULL,NULL,NULL,NULL,NULL,NULL,NULL,NULL,NULL,NULL,NULL,NULL,NULL,NULL,NULL),(10115,10019,10056,1,-1,-1,-1,'2016-12-26 19:31:29',-1,'2016-12-26 19:31:29',-1,NULL,NULL,NULL,NULL,NULL,NULL,NULL,NULL,NULL,NULL,NULL,NULL,NULL,NULL,NULL,NULL),(10116,10019,10057,1,-1,-1,-1,'2016-12-26 19:31:29',-1,'2016-12-26 19:31:29',-1,NULL,NULL,NULL,NULL,NULL,NULL,NULL,NULL,NULL,NULL,NULL,NULL,NULL,NULL,NULL,NULL),(10117,10020,10058,1,-1,-1,-1,'2016-12-26 19:31:29',-1,'2016-12-26 19:31:29',-1,NULL,NULL,NULL,NULL,NULL,NULL,NULL,NULL,NULL,NULL,NULL,NULL,NULL,NULL,NULL,NULL),(10118,10020,10059,1,-1,-1,-1,'2016-12-26 19:31:29',-1,'2016-12-26 19:31:29',-1,NULL,NULL,NULL,NULL,NULL,NULL,NULL,NULL,NULL,NULL,NULL,NULL,NULL,NULL,NULL,NULL),(10119,10031,10008,1,-1,-1,-1,'2016-12-26 19:31:29',-1,'2016-12-26 19:31:29',-1,NULL,NULL,NULL,NULL,NULL,NULL,NULL,NULL,NULL,NULL,NULL,NULL,NULL,NULL,NULL,NULL),(10120,10032,10006,1,-1,-1,-1,'2016-12-26 19:31:29',-1,'2016-12-26 19:31:29',-1,NULL,NULL,NULL,NULL,NULL,NULL,NULL,NULL,NULL,NULL,NULL,NULL,NULL,NULL,NULL,NULL),(10121,10028,10009,1,-1,-1,-1,'2016-12-26 19:31:29',-1,'2016-12-26 19:31:29',-1,NULL,NULL,NULL,NULL,NULL,NULL,NULL,NULL,NULL,NULL,NULL,NULL,NULL,NULL,NULL,NULL),(10122,10029,10007,1,-1,-1,-1,'2016-12-26 19:31:29',-1,'2016-12-26 19:31:29',-1,NULL,NULL,NULL,NULL,NULL,NULL,NULL,NULL,NULL,NULL,NULL,NULL,NULL,NULL,NULL,NULL),(10123,10030,10004,1,-1,-1,-1,'2016-12-26 19:31:29',-1,'2016-12-26 19:31:29',-1,NULL,NULL,NULL,NULL,NULL,NULL,NULL,NULL,NULL,NULL,NULL,NULL,NULL,NULL,NULL,NULL),(10124,10027,10005,1,-1,-1,-1,'2016-12-26 19:31:29',-1,'2016-12-26 19:31:29',-1,NULL,NULL,NULL,NULL,NULL,NULL,NULL,NULL,NULL,NULL,NULL,NULL,NULL,NULL,NULL,NULL),(10125,10007,10136,1,-1,-1,-1,'2016-12-26 19:31:29',-1,'2016-12-26 19:31:29',-1,NULL,NULL,NULL,NULL,NULL,NULL,NULL,NULL,NULL,NULL,NULL,NULL,NULL,NULL,NULL,NULL),(10126,10034,10018,1,-1,-1,-1,'2016-12-26 19:31:29',-1,'2016-12-26 19:31:29',-1,NULL,NULL,NULL,NULL,NULL,NULL,NULL,NULL,NULL,NULL,NULL,NULL,NULL,NULL,NULL,NULL),(10127,10034,10019,1,-1,-1,-1,'2016-12-26 19:31:29',-1,'2016-12-26 19:31:29',-1,NULL,NULL,NULL,NULL,NULL,NULL,NULL,NULL,NULL,NULL,NULL,NULL,NULL,NULL,NULL,NULL),(10128,10034,10020,1,-1,-1,-1,'2016-12-26 19:31:29',-1,'2016-12-26 19:31:29',-1,NULL,NULL,NULL,NULL,NULL,NULL,NULL,NULL,NULL,NULL,NULL,NULL,NULL,NULL,NULL,NULL),(10129,10034,10021,1,-1,-1,-1,'2016-12-26 19:31:29',-1,'2016-12-26 19:31:29',-1,NULL,NULL,NULL,NULL,NULL,NULL,NULL,NULL,NULL,NULL,NULL,NULL,NULL,NULL,NULL,NULL),(10130,10035,10011,1,-1,-1,-1,'2016-12-26 19:31:29',-1,'2016-12-26 19:31:29',-1,NULL,NULL,NULL,NULL,NULL,NULL,NULL,NULL,NULL,NULL,NULL,NULL,NULL,NULL,NULL,NULL),(10131,10035,10012,1,-1,-1,-1,'2016-12-26 19:31:29',-1,'2016-12-26 19:31:29',-1,NULL,NULL,NULL,NULL,NULL,NULL,NULL,NULL,NULL,NULL,NULL,NULL,NULL,NULL,NULL,NULL),(10132,10035,10013,1,-1,-1,-1,'2016-12-26 19:31:29',-1,'2016-12-26 19:31:29',-1,NULL,NULL,NULL,NULL,NULL,NULL,NULL,NULL,NULL,NULL,NULL,NULL,NULL,NULL,NULL,NULL),(10133,10036,10014,1,-1,-1,-1,'2016-12-26 19:31:29',-1,'2016-12-26 19:31:29',-1,NULL,NULL,NULL,NULL,NULL,NULL,NULL,NULL,NULL,NULL,NULL,NULL,NULL,NULL,NULL,NULL),(10134,10036,10015,1,-1,-1,-1,'2016-12-26 19:31:29',-1,'2016-12-26 19:31:29',-1,NULL,NULL,NULL,NULL,NULL,NULL,NULL,NULL,NULL,NULL,NULL,NULL,NULL,NULL,NULL,NULL),(10135,10036,10016,1,-1,-1,-1,'2016-12-26 19:31:29',-1,'2016-12-26 19:31:29',-1,NULL,NULL,NULL,NULL,NULL,NULL,NULL,NULL,NULL,NULL,NULL,NULL,NULL,NULL,NULL,NULL),(10136,10036,10017,1,-1,-1,-1,'2016-12-26 19:31:29',-1,'2016-12-26 19:31:29',-1,NULL,NULL,NULL,NULL,NULL,NULL,NULL,NULL,NULL,NULL,NULL,NULL,NULL,NULL,NULL,NULL),(10137,10037,10169,1,-1,-1,-1,'2016-12-26 19:31:29',-1,'2016-12-26 19:31:29',-1,NULL,NULL,NULL,NULL,NULL,NULL,NULL,NULL,NULL,NULL,NULL,NULL,NULL,NULL,NULL,NULL),(10138,10037,10170,1,-1,-1,-1,'2016-12-26 19:31:29',-1,'2016-12-26 19:31:29',-1,NULL,NULL,NULL,NULL,NULL,NULL,NULL,NULL,NULL,NULL,NULL,NULL,NULL,NULL,NULL,NULL),(10139,10037,10171,1,-1,-1,-1,'2016-12-26 19:31:29',-1,'2016-12-26 19:31:29',-1,NULL,NULL,NULL,NULL,NULL,NULL,NULL,NULL,NULL,NULL,NULL,NULL,NULL,NULL,NULL,NULL),(10140,10037,10172,1,-1,-1,-1,'2016-12-26 19:31:29',-1,'2016-12-26 19:31:29',-1,NULL,NULL,NULL,NULL,NULL,NULL,NULL,NULL,NULL,NULL,NULL,NULL,NULL,NULL,NULL,NULL),(10141,10037,10173,1,-1,-1,-1,'2016-12-26 19:31:29',-1,'2016-12-26 19:31:29',-1,NULL,NULL,NULL,NULL,NULL,NULL,NULL,NULL,NULL,NULL,NULL,NULL,NULL,NULL,NULL,NULL),(10142,10038,10174,1,-1,-1,-1,'2016-12-26 19:31:29',-1,'2016-12-26 19:31:29',-1,NULL,NULL,NULL,NULL,NULL,NULL,NULL,NULL,NULL,NULL,NULL,NULL,NULL,NULL,NULL,NULL),(10143,10038,10175,1,-1,-1,-1,'2016-12-26 19:31:29',-1,'2016-12-26 19:31:29',-1,NULL,NULL,NULL,NULL,NULL,NULL,NULL,NULL,NULL,NULL,NULL,NULL,NULL,NULL,NULL,NULL),(10144,10038,10176,1,-1,-1,-1,'2016-12-26 19:31:29',-1,'2016-12-26 19:31:29',-1,NULL,NULL,NULL,NULL,NULL,NULL,NULL,NULL,NULL,NULL,NULL,NULL,NULL,NULL,NULL,NULL),(10145,10038,10177,1,-1,-1,-1,'2016-12-26 19:31:29',-1,'2016-12-26 19:31:29',-1,NULL,NULL,NULL,NULL,NULL,NULL,NULL,NULL,NULL,NULL,NULL,NULL,NULL,NULL,NULL,NULL),(10146,10041,10182,1,-1,-1,-1,'2016-12-26 19:31:29',-1,'2016-12-26 19:31:29',-1,NULL,NULL,NULL,NULL,NULL,NULL,NULL,NULL,NULL,NULL,NULL,NULL,NULL,NULL,NULL,NULL),(10147,10041,10183,1,-1,-1,-1,'2016-12-26 19:31:29',-1,'2016-12-26 19:31:29',-1,NULL,NULL,NULL,NULL,NULL,NULL,NULL,NULL,NULL,NULL,NULL,NULL,NULL,NULL,NULL,NULL),(10148,10041,10184,1,-1,-1,-1,'2016-12-26 19:31:29',-1,'2016-12-26 19:31:29',-1,NULL,NULL,NULL,NULL,NULL,NULL,NULL,NULL,NULL,NULL,NULL,NULL,NULL,NULL,NULL,NULL),(10149,10042,10181,1,-1,-1,-1,'2016-12-26 19:31:29',-1,'2016-12-26 19:31:29',-1,NULL,NULL,NULL,NULL,NULL,NULL,NULL,NULL,NULL,NULL,NULL,NULL,NULL,NULL,NULL,NULL),(10150,10043,10185,1,-1,-1,-1,'2016-12-26 19:31:29',-1,'2016-12-26 19:31:29',-1,NULL,NULL,NULL,NULL,NULL,NULL,NULL,NULL,NULL,NULL,NULL,NULL,NULL,NULL,NULL,NULL),(10151,10039,10187,1,-1,-1,-1,'2016-12-26 19:31:29',-1,'2016-12-26 19:31:29',-1,NULL,NULL,NULL,NULL,NULL,NULL,NULL,NULL,NULL,NULL,NULL,NULL,NULL,NULL,NULL,NULL),(10152,10039,10186,1,-1,-1,-1,'2016-12-26 19:31:29',-1,'2016-12-26 19:31:29',-1,NULL,NULL,NULL,NULL,NULL,NULL,NULL,NULL,NULL,NULL,NULL,NULL,NULL,NULL,NULL,NULL),(10153,10039,10180,1,-1,-1,-1,'2016-12-26 19:31:29',-1,'2016-12-26 19:31:29',-1,NULL,NULL,NULL,NULL,NULL,NULL,NULL,NULL,NULL,NULL,NULL,NULL,NULL,NULL,NULL,NULL);

/*Table structure for table `sys_function_tl` */

DROP TABLE IF EXISTS `sys_function_tl`;

CREATE TABLE `sys_function_tl` (
  `FUNCTION_ID` bigint(20) NOT NULL,
  `LANG` varchar(10) NOT NULL,
  `FUNCTION_NAME` varchar(150) DEFAULT NULL COMMENT '',
  `FUNCTION_DESCRIPTION` varchar(240) DEFAULT NULL COMMENT '',
  `OBJECT_VERSION_NUMBER` bigint(20) DEFAULT '1',
  `REQUEST_ID` bigint(20) DEFAULT '-1',
  `PROGRAM_ID` bigint(20) DEFAULT '-1',
  `CREATED_BY` bigint(20) DEFAULT '-1',
  `CREATION_DATE` datetime DEFAULT CURRENT_TIMESTAMP,
  `LAST_UPDATED_BY` bigint(20) DEFAULT '-1',
  `LAST_UPDATE_DATE` datetime DEFAULT CURRENT_TIMESTAMP,
  `LAST_UPDATE_LOGIN` bigint(20) DEFAULT '-1',
  `ATTRIBUTE_CATEGORY` varchar(30) DEFAULT NULL,
  `ATTRIBUTE1` varchar(240) DEFAULT NULL,
  `ATTRIBUTE2` varchar(240) DEFAULT NULL,
  `ATTRIBUTE3` varchar(240) DEFAULT NULL,
  `ATTRIBUTE4` varchar(240) DEFAULT NULL,
  `ATTRIBUTE5` varchar(240) DEFAULT NULL,
  `ATTRIBUTE6` varchar(240) DEFAULT NULL,
  `ATTRIBUTE7` varchar(240) DEFAULT NULL,
  `ATTRIBUTE8` varchar(240) DEFAULT NULL,
  `ATTRIBUTE9` varchar(240) DEFAULT NULL,
  `ATTRIBUTE10` varchar(240) DEFAULT NULL,
  `ATTRIBUTE11` varchar(240) DEFAULT NULL,
  `ATTRIBUTE12` varchar(240) DEFAULT NULL,
  `ATTRIBUTE13` varchar(240) DEFAULT NULL,
  `ATTRIBUTE14` varchar(240) DEFAULT NULL,
  `ATTRIBUTE15` varchar(240) DEFAULT NULL,
  PRIMARY KEY (`FUNCTION_ID`,`LANG`)
) ENGINE=InnoDB DEFAULT CHARSET=utf8;

/*Data for the table `sys_function_tl` */

insert  into `sys_function_tl`(`FUNCTION_ID`,`LANG`,`FUNCTION_NAME`,`FUNCTION_DESCRIPTION`,`OBJECT_VERSION_NUMBER`,`REQUEST_ID`,`PROGRAM_ID`,`CREATED_BY`,`CREATION_DATE`,`LAST_UPDATED_BY`,`LAST_UPDATE_DATE`,`LAST_UPDATE_LOGIN`,`ATTRIBUTE_CATEGORY`,`ATTRIBUTE1`,`ATTRIBUTE2`,`ATTRIBUTE3`,`ATTRIBUTE4`,`ATTRIBUTE5`,`ATTRIBUTE6`,`ATTRIBUTE7`,`ATTRIBUTE8`,`ATTRIBUTE9`,`ATTRIBUTE10`,`ATTRIBUTE11`,`ATTRIBUTE12`,`ATTRIBUTE13`,`ATTRIBUTE14`,`ATTRIBUTE15`) values (10001,'en_GB','System','System',1,-1,-1,-1,'2016-12-26 19:31:28',-1,'2016-12-26 19:31:28',-1,NULL,NULL,NULL,NULL,NULL,NULL,NULL,NULL,NULL,NULL,NULL,NULL,NULL,NULL,NULL,NULL),(10001,'zh_CN','','',1,-1,-1,-1,'2016-12-26 19:31:28',-1,'2016-12-26 19:31:28',-1,NULL,NULL,NULL,NULL,NULL,NULL,NULL,NULL,NULL,NULL,NULL,NULL,NULL,NULL,NULL,NULL),(10002,'en_GB','Prompt','Prompts',1,-1,-1,-1,'2016-12-26 19:31:28',-1,'2016-12-26 19:31:28',-1,NULL,NULL,NULL,NULL,NULL,NULL,NULL,NULL,NULL,NULL,NULL,NULL,NULL,NULL,NULL,NULL),(10002,'zh_CN','','',1,-1,-1,-1,'2016-12-26 19:31:28',-1,'2016-12-26 19:31:28',-1,NULL,NULL,NULL,NULL,NULL,NULL,NULL,NULL,NULL,NULL,NULL,NULL,NULL,NULL,NULL,NULL),(10003,'en_GB','Code','Lookup Code',1,-1,-1,-1,'2016-12-26 19:31:28',-1,'2016-12-26 19:31:28',-1,NULL,NULL,NULL,NULL,NULL,NULL,NULL,NULL,NULL,NULL,NULL,NULL,NULL,NULL,NULL,NULL),(10003,'zh_CN','','',1,-1,-1,-1,'2016-12-26 19:31:28',-1,'2016-12-26 19:31:28',-1,NULL,NULL,NULL,NULL,NULL,NULL,NULL,NULL,NULL,NULL,NULL,NULL,NULL,NULL,NULL,NULL),(10004,'en_GB','LOV','LOV',1,-1,-1,-1,'2016-12-26 19:31:28',-1,'2016-12-26 19:31:28',-1,NULL,NULL,NULL,NULL,NULL,NULL,NULL,NULL,NULL,NULL,NULL,NULL,NULL,NULL,NULL,NULL),(10004,'zh_CN','LOV','LOV',1,-1,-1,-1,'2016-12-26 19:31:28',-1,'2016-12-26 19:31:28',-1,NULL,NULL,NULL,NULL,NULL,NULL,NULL,NULL,NULL,NULL,NULL,NULL,NULL,NULL,NULL,NULL),(10005,'en_GB','Languages','Language',1,-1,-1,-1,'2016-12-26 19:31:28',-1,'2016-12-26 19:31:28',-1,NULL,NULL,NULL,NULL,NULL,NULL,NULL,NULL,NULL,NULL,NULL,NULL,NULL,NULL,NULL,NULL),(10005,'zh_CN','','',1,-1,-1,-1,'2016-12-26 19:31:28',-1,'2016-12-26 19:31:28',-1,NULL,NULL,NULL,NULL,NULL,NULL,NULL,NULL,NULL,NULL,NULL,NULL,NULL,NULL,NULL,NULL),(10006,'en_GB','Profile','Profiles',1,-1,-1,-1,'2016-12-26 19:31:28',-1,'2016-12-26 19:31:28',-1,NULL,NULL,NULL,NULL,NULL,NULL,NULL,NULL,NULL,NULL,NULL,NULL,NULL,NULL,NULL,NULL),(10006,'zh_CN','','',1,-1,-1,-1,'2016-12-26 19:31:28',-1,'2016-12-26 19:31:28',-1,NULL,NULL,NULL,NULL,NULL,NULL,NULL,NULL,NULL,NULL,NULL,NULL,NULL,NULL,NULL,NULL),(10007,'en_GB','System Config','System Config',1,-1,-1,-1,'2016-12-26 19:31:28',-1,'2016-12-26 19:31:28',-1,NULL,NULL,NULL,NULL,NULL,NULL,NULL,NULL,NULL,NULL,NULL,NULL,NULL,NULL,NULL,NULL),(10007,'zh_CN','','',1,-1,-1,-1,'2016-12-26 19:31:28',-1,'2016-12-26 19:31:28',-1,NULL,NULL,NULL,NULL,NULL,NULL,NULL,NULL,NULL,NULL,NULL,NULL,NULL,NULL,NULL,NULL),(10008,'en_GB','Account','Account',1,-1,-1,-1,'2016-12-26 19:31:28',-1,'2016-12-26 19:31:28',-1,NULL,NULL,NULL,NULL,NULL,NULL,NULL,NULL,NULL,NULL,NULL,NULL,NULL,NULL,NULL,NULL),(10008,'zh_CN','','',1,-1,-1,-1,'2016-12-26 19:31:28',-1,'2016-12-26 19:31:28',-1,NULL,NULL,NULL,NULL,NULL,NULL,NULL,NULL,NULL,NULL,NULL,NULL,NULL,NULL,NULL,NULL),(10009,'en_GB','User','Users',1,-1,-1,-1,'2016-12-26 19:31:28',-1,'2016-12-26 19:31:28',-1,NULL,NULL,NULL,NULL,NULL,NULL,NULL,NULL,NULL,NULL,NULL,NULL,NULL,NULL,NULL,NULL),(10009,'zh_CN','','',1,-1,-1,-1,'2016-12-26 19:31:28',-1,'2016-12-26 19:31:28',-1,NULL,NULL,NULL,NULL,NULL,NULL,NULL,NULL,NULL,NULL,NULL,NULL,NULL,NULL,NULL,NULL),(10010,'en_GB','Role','Roles',1,-1,-1,-1,'2016-12-26 19:31:28',-1,'2016-12-26 19:31:28',-1,NULL,NULL,NULL,NULL,NULL,NULL,NULL,NULL,NULL,NULL,NULL,NULL,NULL,NULL,NULL,NULL),(10010,'zh_CN','','',1,-1,-1,-1,'2016-12-26 19:31:28',-1,'2016-12-26 19:31:28',-1,NULL,NULL,NULL,NULL,NULL,NULL,NULL,NULL,NULL,NULL,NULL,NULL,NULL,NULL,NULL,NULL),(10011,'en_GB','Function','Functions',1,-1,-1,-1,'2016-12-26 19:31:28',-1,'2016-12-26 19:31:28',-1,NULL,NULL,NULL,NULL,NULL,NULL,NULL,NULL,NULL,NULL,NULL,NULL,NULL,NULL,NULL,NULL),(10011,'zh_CN','','',1,-1,-1,-1,'2016-12-26 19:31:28',-1,'2016-12-26 19:31:28',-1,NULL,NULL,NULL,NULL,NULL,NULL,NULL,NULL,NULL,NULL,NULL,NULL,NULL,NULL,NULL,NULL),(10012,'en_GB','Function Definition','Function Define',1,-1,-1,-1,'2016-12-26 19:31:28',-1,'2016-12-26 19:31:28',-1,NULL,NULL,NULL,NULL,NULL,NULL,NULL,NULL,NULL,NULL,NULL,NULL,NULL,NULL,NULL,NULL),(10012,'zh_CN','','',1,-1,-1,-1,'2016-12-26 19:31:28',10001,'2016-12-27 18:16:00',-1,NULL,NULL,NULL,NULL,NULL,NULL,NULL,NULL,NULL,NULL,NULL,NULL,NULL,NULL,NULL,NULL),(10013,'en_GB','Resource','Resources',1,-1,-1,-1,'2016-12-26 19:31:28',-1,'2016-12-26 19:31:28',-1,NULL,NULL,NULL,NULL,NULL,NULL,NULL,NULL,NULL,NULL,NULL,NULL,NULL,NULL,NULL,NULL),(10013,'zh_CN','','',1,-1,-1,-1,'2016-12-26 19:31:28',-1,'2016-12-26 19:31:28',-1,NULL,NULL,NULL,NULL,NULL,NULL,NULL,NULL,NULL,NULL,NULL,NULL,NULL,NULL,NULL,NULL),(10014,'en_GB','Function Assign','Function',1,-1,-1,-1,'2016-12-26 19:31:28',-1,'2016-12-26 19:31:28',-1,NULL,NULL,NULL,NULL,NULL,NULL,NULL,NULL,NULL,NULL,NULL,NULL,NULL,NULL,NULL,NULL),(10014,'zh_CN','','',1,-1,-1,-1,'2016-12-26 19:31:28',10001,'2016-12-27 18:16:00',-1,NULL,NULL,NULL,NULL,NULL,NULL,NULL,NULL,NULL,NULL,NULL,NULL,NULL,NULL,NULL,NULL),(10015,'en_GB','Task','Job',1,-1,-1,-1,'2016-12-26 19:31:28',-1,'2016-12-26 19:31:28',-1,NULL,NULL,NULL,NULL,NULL,NULL,NULL,NULL,NULL,NULL,NULL,NULL,NULL,NULL,NULL,NULL),(10015,'zh_CN','','',1,-1,-1,-1,'2016-12-26 19:31:28',-1,'2016-12-26 19:31:28',-1,NULL,NULL,NULL,NULL,NULL,NULL,NULL,NULL,NULL,NULL,NULL,NULL,NULL,NULL,NULL,NULL),(10016,'en_GB','Task Detail','Job Detail',1,-1,-1,-1,'2016-12-26 19:31:28',-1,'2016-12-26 19:31:28',-1,NULL,NULL,NULL,NULL,NULL,NULL,NULL,NULL,NULL,NULL,NULL,NULL,NULL,NULL,NULL,NULL),(10016,'zh_CN','','',1,-1,-1,-1,'2016-12-26 19:31:28',-1,'2016-12-26 19:31:28',-1,NULL,NULL,NULL,NULL,NULL,NULL,NULL,NULL,NULL,NULL,NULL,NULL,NULL,NULL,NULL,NULL),(10017,'en_GB','Execution Log','Execution Log',1,-1,-1,-1,'2016-12-26 19:31:28',-1,'2016-12-26 19:31:28',-1,NULL,NULL,NULL,NULL,NULL,NULL,NULL,NULL,NULL,NULL,NULL,NULL,NULL,NULL,NULL,NULL),(10017,'zh_CN','','',1,-1,-1,-1,'2016-12-26 19:31:28',-1,'2016-12-26 19:31:28',-1,NULL,NULL,NULL,NULL,NULL,NULL,NULL,NULL,NULL,NULL,NULL,NULL,NULL,NULL,NULL,NULL),(10018,'en_GB','Attachment','Attachment',1,-1,-1,-1,'2016-12-26 19:31:28',-1,'2016-12-26 19:31:28',-1,NULL,NULL,NULL,NULL,NULL,NULL,NULL,NULL,NULL,NULL,NULL,NULL,NULL,NULL,NULL,NULL),(10018,'zh_CN','','',1,-1,-1,-1,'2016-12-26 19:31:28',-1,'2016-12-26 19:31:28',-1,NULL,NULL,NULL,NULL,NULL,NULL,NULL,NULL,NULL,NULL,NULL,NULL,NULL,NULL,NULL,NULL),(10019,'en_GB','Files','Files',1,-1,-1,-1,'2016-12-26 19:31:28',-1,'2016-12-26 19:31:28',-1,NULL,NULL,NULL,NULL,NULL,NULL,NULL,NULL,NULL,NULL,NULL,NULL,NULL,NULL,NULL,NULL),(10019,'zh_CN','','',1,-1,-1,-1,'2016-12-26 19:31:28',-1,'2016-12-26 19:31:28',-1,NULL,NULL,NULL,NULL,NULL,NULL,NULL,NULL,NULL,NULL,NULL,NULL,NULL,NULL,NULL,NULL),(10020,'en_GB','Upload Test','Upload Test',1,-1,-1,-1,'2016-12-26 19:31:28',-1,'2016-12-26 19:31:28',-1,NULL,NULL,NULL,NULL,NULL,NULL,NULL,NULL,NULL,NULL,NULL,NULL,NULL,NULL,NULL,NULL),(10020,'zh_CN','','',1,-1,-1,-1,'2016-12-26 19:31:28',-1,'2016-12-26 19:31:28',-1,NULL,NULL,NULL,NULL,NULL,NULL,NULL,NULL,NULL,NULL,NULL,NULL,NULL,NULL,NULL,NULL),(10021,'en_GB','Category','Category',1,-1,-1,-1,'2016-12-26 19:31:28',-1,'2016-12-26 19:31:28',-1,NULL,NULL,NULL,NULL,NULL,NULL,NULL,NULL,NULL,NULL,NULL,NULL,NULL,NULL,NULL,NULL),(10021,'zh_CN','','',1,-1,-1,-1,'2016-12-26 19:31:28',-1,'2016-12-26 19:31:28',-1,NULL,NULL,NULL,NULL,NULL,NULL,NULL,NULL,NULL,NULL,NULL,NULL,NULL,NULL,NULL,NULL),(10022,'en_GB','Email','Email',1,-1,-1,-1,'2016-12-26 19:31:29',-1,'2016-12-26 19:31:29',-1,NULL,NULL,NULL,NULL,NULL,NULL,NULL,NULL,NULL,NULL,NULL,NULL,NULL,NULL,NULL,NULL),(10022,'zh_CN','','',1,-1,-1,-1,'2016-12-26 19:31:29',-1,'2016-12-26 19:31:29',-1,NULL,NULL,NULL,NULL,NULL,NULL,NULL,NULL,NULL,NULL,NULL,NULL,NULL,NULL,NULL,NULL),(10023,'en_GB','Email Account','Email Account',1,-1,-1,-1,'2016-12-26 19:31:29',-1,'2016-12-26 19:31:29',-1,NULL,NULL,NULL,NULL,NULL,NULL,NULL,NULL,NULL,NULL,NULL,NULL,NULL,NULL,NULL,NULL),(10023,'zh_CN','','',1,-1,-1,-1,'2016-12-26 19:31:29',-1,'2016-12-26 19:31:29',-1,NULL,NULL,NULL,NULL,NULL,NULL,NULL,NULL,NULL,NULL,NULL,NULL,NULL,NULL,NULL,NULL),(10024,'en_GB','Email Template','Email Template',1,-1,-1,-1,'2016-12-26 19:31:29',-1,'2016-12-26 19:31:29',-1,NULL,NULL,NULL,NULL,NULL,NULL,NULL,NULL,NULL,NULL,NULL,NULL,NULL,NULL,NULL,NULL),(10024,'zh_CN','','',1,-1,-1,-1,'2016-12-26 19:31:29',-1,'2016-12-26 19:31:29',-1,NULL,NULL,NULL,NULL,NULL,NULL,NULL,NULL,NULL,NULL,NULL,NULL,NULL,NULL,NULL,NULL),(10025,'en_GB','Email Test','Email Test',1,-1,-1,-1,'2016-12-26 19:31:29',-1,'2016-12-26 19:31:29',-1,NULL,NULL,NULL,NULL,NULL,NULL,NULL,NULL,NULL,NULL,NULL,NULL,NULL,NULL,NULL,NULL),(10025,'zh_CN','','',1,-1,-1,-1,'2016-12-26 19:31:29',-1,'2016-12-26 19:31:29',-1,NULL,NULL,NULL,NULL,NULL,NULL,NULL,NULL,NULL,NULL,NULL,NULL,NULL,NULL,NULL,NULL),(10026,'en_GB','Workflow','Workflow',1,-1,-1,-1,'2016-12-26 19:31:29',-1,'2016-12-26 19:31:29',-1,NULL,NULL,NULL,NULL,NULL,NULL,NULL,NULL,NULL,NULL,NULL,NULL,NULL,NULL,NULL,NULL),(10026,'zh_CN','','',1,-1,-1,-1,'2016-12-26 19:31:29',-1,'2016-12-26 19:31:29',-1,NULL,NULL,NULL,NULL,NULL,NULL,NULL,NULL,NULL,NULL,NULL,NULL,NULL,NULL,NULL,NULL),(10027,'en_GB','My Tasks','Personal Task List',1,-1,-1,-1,'2016-12-26 19:31:29',-1,'2016-12-26 19:31:29',-1,NULL,NULL,NULL,NULL,NULL,NULL,NULL,NULL,NULL,NULL,NULL,NULL,NULL,NULL,NULL,NULL),(10027,'zh_CN','','',1,-1,-1,-1,'2016-12-26 19:31:29',-1,'2016-12-26 19:31:29',-1,NULL,NULL,NULL,NULL,NULL,NULL,NULL,NULL,NULL,NULL,NULL,NULL,NULL,NULL,NULL,NULL),(10028,'en_GB','Tasks (ADMIN)','Task',1,-1,-1,-1,'2016-12-26 19:31:29',-1,'2016-12-26 19:31:29',-1,NULL,NULL,NULL,NULL,NULL,NULL,NULL,NULL,NULL,NULL,NULL,NULL,NULL,NULL,NULL,NULL),(10028,'zh_CN','()','',1,-1,-1,-1,'2016-12-26 19:31:29',-1,'2016-12-26 19:31:29',-1,NULL,NULL,NULL,NULL,NULL,NULL,NULL,NULL,NULL,NULL,NULL,NULL,NULL,NULL,NULL,NULL),(10029,'en_GB','Process History','Process History',1,-1,-1,-1,'2016-12-26 19:31:29',-1,'2016-12-26 19:31:29',-1,NULL,NULL,NULL,NULL,NULL,NULL,NULL,NULL,NULL,NULL,NULL,NULL,NULL,NULL,NULL,NULL),(10029,'zh_CN','','',1,-1,-1,-1,'2016-12-26 19:31:29',-1,'2016-12-26 19:31:29',-1,NULL,NULL,NULL,NULL,NULL,NULL,NULL,NULL,NULL,NULL,NULL,NULL,NULL,NULL,NULL,NULL),(10030,'en_GB','Model Design','Models',1,-1,-1,-1,'2016-12-26 19:31:29',-1,'2016-12-26 19:31:29',-1,NULL,NULL,NULL,NULL,NULL,NULL,NULL,NULL,NULL,NULL,NULL,NULL,NULL,NULL,NULL,NULL),(10030,'zh_CN','','',1,-1,-1,-1,'2016-12-26 19:31:29',-1,'2016-12-26 19:31:29',-1,NULL,NULL,NULL,NULL,NULL,NULL,NULL,NULL,NULL,NULL,NULL,NULL,NULL,NULL,NULL,NULL),(10031,'en_GB','Test','Test',1,-1,-1,-1,'2016-12-26 19:31:29',-1,'2016-12-26 19:31:29',-1,NULL,NULL,NULL,NULL,NULL,NULL,NULL,NULL,NULL,NULL,NULL,NULL,NULL,NULL,NULL,NULL),(10031,'zh_CN','','',1,-1,-1,-1,'2016-12-26 19:31:29',-1,'2016-12-26 19:31:29',-1,NULL,NULL,NULL,NULL,NULL,NULL,NULL,NULL,NULL,NULL,NULL,NULL,NULL,NULL,NULL,NULL),(10032,'en_GB','Definition','Definition',1,-1,-1,-1,'2016-12-26 19:31:29',-1,'2016-12-26 19:31:29',-1,NULL,NULL,NULL,NULL,NULL,NULL,NULL,NULL,NULL,NULL,NULL,NULL,NULL,NULL,NULL,NULL),(10032,'zh_CN','','',1,-1,-1,-1,'2016-12-26 19:31:29',-1,'2016-12-26 19:31:29',-1,NULL,NULL,NULL,NULL,NULL,NULL,NULL,NULL,NULL,NULL,NULL,NULL,NULL,NULL,NULL,NULL),(10033,'en_GB','','',1,-1,-1,-1,'2016-12-26 19:31:29',-1,'2016-12-26 19:31:29',-1,NULL,NULL,NULL,NULL,NULL,NULL,NULL,NULL,NULL,NULL,NULL,NULL,NULL,NULL,NULL,NULL),(10033,'zh_CN','','',1,-1,-1,-1,'2016-12-26 19:31:29',-1,'2016-12-26 19:31:29',-1,NULL,NULL,NULL,NULL,NULL,NULL,NULL,NULL,NULL,NULL,NULL,NULL,NULL,NULL,NULL,NULL),(10034,'en_GB','unit manage','unit manage',1,-1,-1,-1,'2016-12-26 19:31:29',-1,'2016-12-26 19:31:29',-1,NULL,NULL,NULL,NULL,NULL,NULL,NULL,NULL,NULL,NULL,NULL,NULL,NULL,NULL,NULL,NULL),(10034,'zh_CN','','',1,-1,-1,-1,'2016-12-26 19:31:29',-1,'2016-12-26 19:31:29',-1,NULL,NULL,NULL,NULL,NULL,NULL,NULL,NULL,NULL,NULL,NULL,NULL,NULL,NULL,NULL,NULL),(10035,'en_GB','Employee Mgr','Employee Management',1,-1,-1,-1,'2016-12-26 19:31:29',-1,'2016-12-26 19:31:29',-1,NULL,NULL,NULL,NULL,NULL,NULL,NULL,NULL,NULL,NULL,NULL,NULL,NULL,NULL,NULL,NULL),(10035,'zh_CN','','',1,-1,-1,-1,'2016-12-26 19:31:29',-1,'2016-12-26 19:31:29',-1,NULL,NULL,NULL,NULL,NULL,NULL,NULL,NULL,NULL,NULL,NULL,NULL,NULL,NULL,NULL,NULL),(10036,'en_GB','Position Mgr','Management',1,-1,-1,-1,'2016-12-26 19:31:29',-1,'2016-12-26 19:31:29',-1,NULL,NULL,NULL,NULL,NULL,NULL,NULL,NULL,NULL,NULL,NULL,NULL,NULL,NULL,NULL,NULL),(10036,'zh_CN','','',1,-1,-1,-1,'2016-12-26 19:31:29',-1,'2016-12-26 19:31:29',-1,NULL,NULL,NULL,NULL,NULL,NULL,NULL,NULL,NULL,NULL,NULL,NULL,NULL,NULL,NULL,NULL),(10037,'en_GB','Company Mgr','Company Management',1,-1,-1,-1,'2016-12-26 19:31:29',-1,'2016-12-26 19:31:29',-1,NULL,NULL,NULL,NULL,NULL,NULL,NULL,NULL,NULL,NULL,NULL,NULL,NULL,NULL,NULL,NULL),(10037,'zh_CN','','',1,-1,-1,-1,'2016-12-26 19:31:29',-1,'2016-12-26 19:31:29',-1,NULL,NULL,NULL,NULL,NULL,NULL,NULL,NULL,NULL,NULL,NULL,NULL,NULL,NULL,NULL,NULL),(10038,'en_GB','Dashboard Config','Dashboard Config',1,-1,-1,-1,'2016-12-26 19:31:29',-1,'2016-12-26 19:31:29',-1,NULL,NULL,NULL,NULL,NULL,NULL,NULL,NULL,NULL,NULL,NULL,NULL,NULL,NULL,NULL,NULL),(10038,'zh_CN','','',1,-1,-1,-1,'2016-12-26 19:31:29',-1,'2016-12-26 19:31:29',-1,NULL,NULL,NULL,NULL,NULL,NULL,NULL,NULL,NULL,NULL,NULL,NULL,NULL,NULL,NULL,NULL),(10039,'en_GB','Email Status','Email Status',1,-1,-1,-1,'2016-12-26 19:31:29',-1,'2016-12-26 19:31:29',-1,NULL,NULL,NULL,NULL,NULL,NULL,NULL,NULL,NULL,NULL,NULL,NULL,NULL,NULL,NULL,NULL),(10039,'zh_CN','','',1,-1,-1,-1,'2016-12-26 19:31:29',-1,'2016-12-26 19:31:29',-1,NULL,NULL,NULL,NULL,NULL,NULL,NULL,NULL,NULL,NULL,NULL,NULL,NULL,NULL,NULL,NULL),(10040,'en_GB','Interface Management','Interface Management',1,-1,-1,-1,'2016-12-26 19:31:29',-1,'2016-12-26 19:31:29',-1,NULL,NULL,NULL,NULL,NULL,NULL,NULL,NULL,NULL,NULL,NULL,NULL,NULL,NULL,NULL,NULL),(10040,'zh_CN','','',1,-1,-1,-1,'2016-12-26 19:31:29',-1,'2016-12-26 19:31:29',-1,NULL,NULL,NULL,NULL,NULL,NULL,NULL,NULL,NULL,NULL,NULL,NULL,NULL,NULL,NULL,NULL),(10041,'en_GB','Interface Definition','Interface Definition',1,-1,-1,-1,'2016-12-26 19:31:29',-1,'2016-12-26 19:31:29',-1,NULL,NULL,NULL,NULL,NULL,NULL,NULL,NULL,NULL,NULL,NULL,NULL,NULL,NULL,NULL,NULL),(10041,'zh_CN','','',1,-1,-1,-1,'2016-12-26 19:31:29',-1,'2016-12-26 19:31:29',-1,NULL,NULL,NULL,NULL,NULL,NULL,NULL,NULL,NULL,NULL,NULL,NULL,NULL,NULL,NULL,NULL),(10042,'en_GB','Invoke Records','Invoke Records',1,-1,-1,-1,'2016-12-26 19:31:29',-1,'2016-12-26 19:31:29',-1,NULL,NULL,NULL,NULL,NULL,NULL,NULL,NULL,NULL,NULL,NULL,NULL,NULL,NULL,NULL,NULL),(10042,'zh_CN','','',1,-1,-1,-1,'2016-12-26 19:31:29',-1,'2016-12-26 19:31:29',-1,NULL,NULL,NULL,NULL,NULL,NULL,NULL,NULL,NULL,NULL,NULL,NULL,NULL,NULL,NULL,NULL),(10043,'en_GB','System Metrics','System Metrics',1,-1,-1,-1,'2016-12-26 19:31:29',-1,'2016-12-26 19:31:29',-1,NULL,NULL,NULL,NULL,NULL,NULL,NULL,NULL,NULL,NULL,NULL,NULL,NULL,NULL,NULL,NULL),(10043,'zh_CN','','',1,-1,-1,-1,'2016-12-26 19:31:29',-1,'2016-12-26 19:31:29',-1,NULL,NULL,NULL,NULL,NULL,NULL,NULL,NULL,NULL,NULL,NULL,NULL,NULL,NULL,NULL,NULL),(10044,'en_GB','aaaa','aaaa',1,-1,-1,10001,'2016-12-27 17:26:48',10001,'2016-12-27 17:26:48',-1,NULL,NULL,NULL,NULL,NULL,NULL,NULL,NULL,NULL,NULL,NULL,NULL,NULL,NULL,NULL,NULL),(10044,'zh_CN','aaaa','aaaa',1,-1,-1,10001,'2016-12-27 17:26:48',10001,'2016-12-27 18:12:29',-1,NULL,NULL,NULL,NULL,NULL,NULL,NULL,NULL,NULL,NULL,NULL,NULL,NULL,NULL,NULL,NULL),(10045,'en_GB','','',1,-1,-1,10001,'2017-01-10 11:21:54',10001,'2017-01-10 11:21:54',-1,NULL,NULL,NULL,NULL,NULL,NULL,NULL,NULL,NULL,NULL,NULL,NULL,NULL,NULL,NULL,NULL),(10045,'zh_CN','','',1,-1,-1,10001,'2017-01-10 11:21:54',10001,'2017-01-10 11:24:41',-1,NULL,NULL,NULL,NULL,NULL,NULL,NULL,NULL,NULL,NULL,NULL,NULL,NULL,NULL,NULL,NULL),(10048,'en_GB','','',1,-1,-1,10001,'2017-01-10 11:24:24',10001,'2017-01-10 11:24:24',-1,NULL,NULL,NULL,NULL,NULL,NULL,NULL,NULL,NULL,NULL,NULL,NULL,NULL,NULL,NULL,NULL),(10048,'zh_CN','','',1,-1,-1,10001,'2017-01-10 11:24:24',10001,'2017-01-10 11:24:24',-1,NULL,NULL,NULL,NULL,NULL,NULL,NULL,NULL,NULL,NULL,NULL,NULL,NULL,NULL,NULL,NULL);

/*Table structure for table `sys_if_config_header_b` */

DROP TABLE IF EXISTS `sys_if_config_header_b`;

CREATE TABLE `sys_if_config_header_b` (
  `HEADER_ID` varchar(255) NOT NULL,
  `INTERFACE_CODE` varchar(30) NOT NULL COMMENT '',
  `INTERFACE_TYPE` varchar(10) NOT NULL COMMENT '',
  `DOMAIN_URL` varchar(200) NOT NULL COMMENT '',
  `BODY_HEADER` varchar(2000) DEFAULT NULL COMMENT 'SOAP',
  `BODY_TAIL` varchar(2000) DEFAULT NULL COMMENT 'SOAP',
  `NAMESPACE` varchar(30) DEFAULT NULL COMMENT 'SOAP',
  `REQUEST_METHOD` varchar(10) NOT NULL COMMENT '',
  `REQUEST_FORMAT` varchar(30) NOT NULL COMMENT '',
  `REQUEST_CONTENTTYPE` varchar(80) DEFAULT NULL COMMENT '',
  `REQUEST_ACCEPT` varchar(80) DEFAULT NULL COMMENT '',
  `AUTH_FLAG` varchar(1) NOT NULL COMMENT '',
  `AUTH_USERNAME` varchar(80) DEFAULT NULL COMMENT '',
  `AUTH_PASSWORD` varchar(200) DEFAULT NULL COMMENT '',
  `ENABLE_FLAG` varchar(1) NOT NULL COMMENT '',
  `NAME` varchar(200) NOT NULL COMMENT '',
  `DESCRIPTION` varchar(255) NOT NULL COMMENT '',
  `SYSTEM_TYPE` varchar(10) DEFAULT NULL COMMENT '',
  `MAPPER_CLASS` varchar(255) DEFAULT NULL COMMENT '',
  `OBJECT_VERSION_NUMBER` bigint(20) DEFAULT '1',
  `REQUEST_ID` bigint(20) DEFAULT '-1',
  `PROGRAM_ID` bigint(20) DEFAULT '-1',
  `CREATED_BY` bigint(20) DEFAULT '-1',
  `CREATION_DATE` datetime DEFAULT CURRENT_TIMESTAMP,
  `LAST_UPDATED_BY` bigint(20) DEFAULT '-1',
  `LAST_UPDATE_DATE` datetime DEFAULT CURRENT_TIMESTAMP,
  `LAST_UPDATE_LOGIN` bigint(20) DEFAULT '-1',
  PRIMARY KEY (`HEADER_ID`),
  UNIQUE KEY `SYS_IF_CONFIG_HEADER_U1` (`INTERFACE_CODE`)
) ENGINE=InnoDB DEFAULT CHARSET=utf8;

/*Data for the table `sys_if_config_header_b` */

/*Table structure for table `sys_if_config_header_tl` */

DROP TABLE IF EXISTS `sys_if_config_header_tl`;

CREATE TABLE `sys_if_config_header_tl` (
  `HEADER_ID` varchar(255) NOT NULL,
  `LANG` varchar(50) NOT NULL,
  `NAME` varchar(200) DEFAULT NULL COMMENT '',
  `DESCRIPTION` varchar(255) DEFAULT NULL COMMENT '',
  `OBJECT_VERSION_NUMBER` bigint(20) DEFAULT '1',
  `REQUEST_ID` bigint(20) DEFAULT '-1',
  `PROGRAM_ID` bigint(20) DEFAULT '-1',
  `CREATED_BY` bigint(20) DEFAULT '-1',
  `CREATION_DATE` datetime DEFAULT CURRENT_TIMESTAMP,
  `LAST_UPDATED_BY` bigint(20) DEFAULT '-1',
  `LAST_UPDATE_DATE` datetime DEFAULT CURRENT_TIMESTAMP,
  `LAST_UPDATE_LOGIN` bigint(20) DEFAULT '-1',
  PRIMARY KEY (`HEADER_ID`,`LANG`)
) ENGINE=InnoDB DEFAULT CHARSET=utf8;

/*Data for the table `sys_if_config_header_tl` */

/*Table structure for table `sys_if_config_line_b` */

DROP TABLE IF EXISTS `sys_if_config_line_b`;

CREATE TABLE `sys_if_config_line_b` (
  `LINE_ID` varchar(255) NOT NULL,
  `HEADER_ID` varchar(255) NOT NULL COMMENT 'Id',
  `LINE_CODE` varchar(30) NOT NULL COMMENT '',
  `IFT_URL` varchar(200) NOT NULL COMMENT '',
  `ENABLE_FLAG` varchar(1) NOT NULL COMMENT '',
  `LINE_NAME` varchar(50) DEFAULT NULL COMMENT '',
  `LINE_DESCRIPTION` varchar(255) DEFAULT NULL COMMENT '',
  `OBJECT_VERSION_NUMBER` bigint(20) DEFAULT '1',
  `REQUEST_ID` bigint(20) DEFAULT '-1',
  `PROGRAM_ID` bigint(20) DEFAULT '-1',
  `CREATED_BY` bigint(20) DEFAULT '-1',
  `CREATION_DATE` datetime DEFAULT CURRENT_TIMESTAMP,
  `LAST_UPDATED_BY` bigint(20) DEFAULT '-1',
  `LAST_UPDATE_DATE` datetime DEFAULT CURRENT_TIMESTAMP,
  `LAST_UPDATE_LOGIN` bigint(20) DEFAULT '-1',
  PRIMARY KEY (`LINE_ID`)
) ENGINE=InnoDB DEFAULT CHARSET=utf8;

/*Data for the table `sys_if_config_line_b` */

/*Table structure for table `sys_if_config_line_tl` */

DROP TABLE IF EXISTS `sys_if_config_line_tl`;

CREATE TABLE `sys_if_config_line_tl` (
  `LINE_ID` varchar(255) NOT NULL,
  `LANG` varchar(50) NOT NULL,
  `LINE_NAME` varchar(50) DEFAULT NULL COMMENT '',
  `LINE_DESCRIPTION` varchar(255) DEFAULT NULL COMMENT '',
  `OBJECT_VERSION_NUMBER` bigint(20) DEFAULT '1',
  `REQUEST_ID` bigint(20) DEFAULT '-1',
  `PROGRAM_ID` bigint(20) DEFAULT '-1',
  `CREATED_BY` bigint(20) DEFAULT '-1',
  `CREATION_DATE` datetime DEFAULT CURRENT_TIMESTAMP,
  `LAST_UPDATED_BY` bigint(20) DEFAULT '-1',
  `LAST_UPDATE_DATE` datetime DEFAULT CURRENT_TIMESTAMP,
  `LAST_UPDATE_LOGIN` bigint(20) DEFAULT '-1',
  PRIMARY KEY (`LINE_ID`,`LANG`)
) ENGINE=InnoDB DEFAULT CHARSET=utf8;

/*Data for the table `sys_if_config_line_tl` */

/*Table structure for table `sys_if_invoke_inbound` */

DROP TABLE IF EXISTS `sys_if_invoke_inbound`;

CREATE TABLE `sys_if_invoke_inbound` (
  `INBOUND_ID` bigint(20) NOT NULL AUTO_INCREMENT,
  `INTERFACE_NAME` varchar(255) NOT NULL COMMENT '',
  `INTERFACE_URL` varchar(200) NOT NULL COMMENT '',
  `REQUEST_TIME` datetime NOT NULL COMMENT '',
  `REQUEST_HEADER_PARAMETER` varchar(2000) DEFAULT NULL COMMENT 'header',
  `REQUEST_BODY_PARAMETER` longtext COMMENT 'body',
  `REQUEST_METHOD` varchar(10) DEFAULT NULL COMMENT '',
  `REQUEST_STATUS` varchar(10) DEFAULT NULL COMMENT '',
  `RESPONSE_CONTENT` longtext COMMENT '',
  `RESPONSE_TIME` bigint(20) DEFAULT NULL COMMENT '',
  `STACKTRACE` longtext COMMENT '',
  `IP` varchar(40) DEFAULT NULL COMMENT 'ip',
  `REFERER` varchar(240) DEFAULT NULL,
  `USER_AGENT` varchar(240) DEFAULT NULL,
  `OBJECT_VERSION_NUMBER` bigint(20) DEFAULT '1',
  `REQUEST_ID` bigint(20) DEFAULT '-1',
  `PROGRAM_ID` bigint(20) DEFAULT '-1',
  `CREATED_BY` bigint(20) DEFAULT '-1',
  `CREATION_DATE` datetime DEFAULT CURRENT_TIMESTAMP,
  `LAST_UPDATED_BY` bigint(20) DEFAULT '-1',
  `LAST_UPDATE_DATE` datetime DEFAULT CURRENT_TIMESTAMP,
  `LAST_UPDATE_LOGIN` bigint(20) DEFAULT '-1',
  PRIMARY KEY (`INBOUND_ID`),
  KEY `SYS_IF_INVOKE_INBOUND_N1` (`INTERFACE_NAME`),
  KEY `SYS_IF_INVOKE_INBOUND_N2` (`INTERFACE_URL`),
  KEY `SYS_IF_INVOKE_INBOUND_N3` (`REQUEST_TIME`),
  KEY `SYS_IF_INVOKE_INBOUND_N4` (`REQUEST_STATUS`)
) ENGINE=InnoDB AUTO_INCREMENT=10084 DEFAULT CHARSET=utf8;

/*Data for the table `sys_if_invoke_inbound` */

insert  into `sys_if_invoke_inbound`(`INBOUND_ID`,`INTERFACE_NAME`,`INTERFACE_URL`,`REQUEST_TIME`,`REQUEST_HEADER_PARAMETER`,`REQUEST_BODY_PARAMETER`,`REQUEST_METHOD`,`REQUEST_STATUS`,`RESPONSE_CONTENT`,`RESPONSE_TIME`,`STACKTRACE`,`IP`,`REFERER`,`USER_AGENT`,`OBJECT_VERSION_NUMBER`,`REQUEST_ID`,`PROGRAM_ID`,`CREATED_BY`,`CREATION_DATE`,`LAST_UPDATED_BY`,`LAST_UPDATE_DATE`,`LAST_UPDATE_LOGIN`) values (10001,'Login','/login','2016-12-26 20:34:58',NULL,NULL,'GET','success','ModelAndView: reference to view with name \'/login\'; model is {ENABLE_CAPTCHA=true}',37,NULL,'192.168.32.1',NULL,'Mozilla/5.0 (Windows NT 10.0; WOW64) AppleWebKit/537.36 (KHTML, like Gecko) Chrome/54.0.2840.59 Safari/537.36',1,-1,-1,-1,'2016-12-26 20:34:57',-1,'2016-12-26 20:34:57',-1),(10002,'Login','/login','2016-12-27 10:45:25',NULL,NULL,'GET','success','ModelAndView: reference to view with name \'redirect:index\'; model is {SYS_TITLE=HAND Application Platform}',98,NULL,'10.211.122.132',NULL,'Mozilla/5.0 (Windows NT 10.0; WOW64) AppleWebKit/537.36 (KHTML, like Gecko) Chrome/54.0.2840.59 Safari/537.36',1,-1,-1,-1,'2016-12-27 10:45:25',-1,'2016-12-27 10:45:25',-1),(10003,'Login','/login','2016-12-27 16:33:07',NULL,NULL,'GET','success','ModelAndView: reference to view with name \'/login\'; model is {ENABLE_CAPTCHA=true}',14,NULL,'10.211.122.132',NULL,'Mozilla/5.0 (Windows NT 10.0; WOW64; rv:50.0) Gecko/20100101 Firefox/50.0',1,-1,-1,-1,'2016-12-27 16:33:07',-1,'2016-12-27 16:33:07',-1),(10004,'Login','/login','2016-12-30 11:41:08',NULL,NULL,'GET','success','ModelAndView: reference to view with name \'/login\'; model is {ENABLE_CAPTCHA=false}',54,NULL,'192.168.32.1',NULL,'Mozilla/5.0 (Windows NT 10.0; WOW64) AppleWebKit/537.36 (KHTML, like Gecko) Chrome/54.0.2840.59 Safari/537.36',1,-1,-1,-1,'2016-12-30 11:41:07',-1,'2016-12-30 11:41:07',-1),(10005,'Login','/login','2017-01-07 10:47:03',NULL,NULL,'GET','success','ModelAndView: reference to view with name \'/login\'; model is {ENABLE_CAPTCHA=false}',39,NULL,'192.168.32.1',NULL,'Mozilla/5.0 (Windows NT 10.0; WOW64; rv:50.0) Gecko/20100101 Firefox/50.0',1,-1,-1,-1,'2017-01-07 10:47:02',-1,'2017-01-07 10:47:02',-1),(10006,'Login','/login','2017-01-07 14:20:17',NULL,NULL,'GET','success','ModelAndView: reference to view with name \'/login\'; model is {ENABLE_CAPTCHA=true}',4,NULL,'192.168.32.1',NULL,'Mozilla/5.0 (Windows NT 10.0; WOW64) AppleWebKit/537.36 (KHTML, like Gecko) Chrome/55.0.2883.87 Safari/537.36',1,-1,-1,-1,'2017-01-07 14:20:16',-1,'2017-01-07 14:20:16',-1),(10007,'Login','/login','2017-01-08 16:07:34',NULL,NULL,'GET','success','ModelAndView: reference to view with name \'/login\'; model is {ENABLE_CAPTCHA=false}',63,NULL,'192.168.32.1',NULL,'Mozilla/5.0 (Windows NT 10.0; WOW64; rv:50.0) Gecko/20100101 Firefox/50.0',1,-1,-1,-1,'2017-01-08 16:07:34',-1,'2017-01-08 16:07:34',-1),(10008,'Login','/login','2017-01-08 19:41:40',NULL,NULL,'GET','success','ModelAndView: reference to view with name \'redirect:index\'; model is {SYS_TITLE=HAND Application Platform}',0,NULL,'192.168.32.1',NULL,'Mozilla/5.0 (Windows NT 10.0; WOW64; rv:50.0) Gecko/20100101 Firefox/50.0',1,-1,-1,-1,'2017-01-08 19:41:39',-1,'2017-01-08 19:41:39',-1),(10009,'Login','/login','2017-01-09 16:58:34',NULL,NULL,'GET','success','ModelAndView: reference to view with name \'/login\'; model is {ENABLE_CAPTCHA=true}',1,NULL,'192.168.32.1',NULL,'Mozilla/5.0 (Windows NT 10.0; WOW64) AppleWebKit/537.36 (KHTML, like Gecko) Chrome/55.0.2883.87 Safari/537.36',1,-1,-1,-1,'2017-01-09 16:58:33',-1,'2017-01-09 16:58:33',-1),(10010,'Login','/login','2017-01-09 16:58:44',NULL,NULL,'POST','success','ModelAndView: reference to view with name \'/login\'; model is {ENABLE_CAPTCHA=true, msg=}',1,NULL,'192.168.32.1','http://localhost:8080/login','Mozilla/5.0 (Windows NT 10.0; WOW64) AppleWebKit/537.36 (KHTML, like Gecko) Chrome/55.0.2883.87 Safari/537.36',1,-1,-1,-1,'2017-01-09 16:58:43',-1,'2017-01-09 16:58:43',-1),(10011,'Login','/login','2017-01-09 17:00:51',NULL,NULL,'GET','success','ModelAndView: reference to view with name \'/login\'; model is {ENABLE_CAPTCHA=true}',2,NULL,'192.168.32.1',NULL,'Mozilla/5.0 (Windows NT 10.0; Win64; x64) AppleWebKit/537.36 (KHTML, like Gecko) Chrome/46.0.2486.0 Safari/537.36 Edge/13.10586',1,-1,-1,-1,'2017-01-09 17:00:51',-1,'2017-01-09 17:00:51',-1),(10012,'Login','/login','2017-01-10 09:36:00',NULL,NULL,'GET','success','ModelAndView: reference to view with name \'/login\'; model is {ENABLE_CAPTCHA=false}',23,NULL,'192.168.32.1',NULL,'Mozilla/5.0 (Windows NT 10.0; WOW64) AppleWebKit/537.36 (KHTML, like Gecko) Chrome/55.0.2883.87 Safari/537.36',1,-1,-1,-1,'2017-01-10 09:36:00',-1,'2017-01-10 09:36:00',-1),(10013,'Login','/login','2017-01-10 09:38:28',NULL,NULL,'GET','success','ModelAndView: reference to view with name \'/login\'; model is {ENABLE_CAPTCHA=false}',0,NULL,'192.168.32.1',NULL,'Mozilla/5.0 (Windows NT 10.0; WOW64) AppleWebKit/537.36 (KHTML, like Gecko) Chrome/55.0.2883.87 Safari/537.36',1,-1,-1,-1,'2017-01-10 09:38:27',-1,'2017-01-10 09:38:27',-1),(10014,'Login','/login','2017-01-10 09:39:00',NULL,NULL,'GET','success','ModelAndView: reference to view with name \'/login\'; model is {ENABLE_CAPTCHA=false}',0,NULL,'192.168.32.1',NULL,'Mozilla/5.0 (Windows NT 10.0; WOW64) AppleWebKit/537.36 (KHTML, like Gecko) Chrome/55.0.2883.87 Safari/537.36',1,-1,-1,-1,'2017-01-10 09:38:59',-1,'2017-01-10 09:38:59',-1),(10015,'Login','/login','2017-01-10 09:39:21',NULL,NULL,'GET','success','ModelAndView: reference to view with name \'/login\'; model is {ENABLE_CAPTCHA=false}',0,NULL,'192.168.32.1',NULL,'Mozilla/5.0 (Windows NT 10.0; WOW64) AppleWebKit/537.36 (KHTML, like Gecko) Chrome/55.0.2883.87 Safari/537.36',1,-1,-1,-1,'2017-01-10 09:39:21',-1,'2017-01-10 09:39:21',-1),(10016,'Login','/login','2017-01-10 09:40:17',NULL,NULL,'GET','success','ModelAndView: reference to view with name \'/login\'; model is {ENABLE_CAPTCHA=false}',0,NULL,'192.168.32.1',NULL,'Mozilla/5.0 (Windows NT 10.0; WOW64) AppleWebKit/537.36 (KHTML, like Gecko) Chrome/55.0.2883.87 Safari/537.36',1,-1,-1,-1,'2017-01-10 09:40:16',-1,'2017-01-10 09:40:16',-1),(10017,'Login','/login','2017-01-10 09:41:07',NULL,NULL,'GET','success','ModelAndView: reference to view with name \'/login\'; model is {ENABLE_CAPTCHA=false}',0,NULL,'192.168.32.1',NULL,'Mozilla/5.0 (Windows NT 10.0; WOW64) AppleWebKit/537.36 (KHTML, like Gecko) Chrome/55.0.2883.87 Safari/537.36',1,-1,-1,-1,'2017-01-10 09:41:07',-1,'2017-01-10 09:41:07',-1),(10018,'Login','/login','2017-01-10 19:38:37',NULL,NULL,'GET','success','ModelAndView: reference to view with name \'/login\'; model is {ENABLE_CAPTCHA=false}',1,NULL,'192.168.32.1',NULL,'Mozilla/5.0 (Windows NT 10.0; WOW64; rv:50.0) Gecko/20100101 Firefox/50.0',1,-1,-1,-1,'2017-01-10 19:38:36',-1,'2017-01-10 19:38:36',-1),(10019,'Login','/login','2017-01-13 00:08:42',NULL,NULL,'GET','success','ModelAndView: reference to view with name \'/login\'; model is {ENABLE_CAPTCHA=false}',28,NULL,'192.168.32.1',NULL,'Mozilla/5.0 (Windows NT 10.0; WOW64) AppleWebKit/537.36 (KHTML, like Gecko) Chrome/55.0.2883.87 Safari/537.36',1,-1,-1,-1,'2017-01-13 00:08:41',-1,'2017-01-13 00:08:41',-1),(10020,'Login','/login','2017-01-13 00:08:52',NULL,NULL,'GET','success','ModelAndView: reference to view with name \'/login\'; model is {ENABLE_CAPTCHA=false}',0,NULL,'192.168.32.1','http://localhost:8080/sale/sale_order_edit_sys2.html?isedit=1&headerId=1','Mozilla/5.0 (Windows NT 10.0; WOW64) AppleWebKit/537.36 (KHTML, like Gecko) Chrome/55.0.2883.87 Safari/537.36',1,-1,-1,-1,'2017-01-13 00:08:52',-1,'2017-01-13 00:08:52',-1),(10021,'Login','/login','2017-01-13 00:08:52',NULL,NULL,'GET','success','ModelAndView: reference to view with name \'/login\'; model is {ENABLE_CAPTCHA=false}',0,NULL,'192.168.32.1','http://localhost:8080/sale/sale_order_edit_sys2.html?isedit=1&headerId=1','Mozilla/5.0 (Windows NT 10.0; WOW64) AppleWebKit/537.36 (KHTML, like Gecko) Chrome/55.0.2883.87 Safari/537.36',1,-1,-1,-1,'2017-01-13 00:08:52',-1,'2017-01-13 00:08:52',-1),(10022,'Login','/login','2017-01-13 00:08:58',NULL,NULL,'GET','success','ModelAndView: reference to view with name \'/login\'; model is {ENABLE_CAPTCHA=false}',0,NULL,'192.168.32.1',NULL,'Mozilla/5.0 (Windows NT 10.0; WOW64) AppleWebKit/537.36 (KHTML, like Gecko) Chrome/55.0.2883.87 Safari/537.36',1,-1,-1,-1,'2017-01-13 00:08:58',-1,'2017-01-13 00:08:58',-1),(10023,'Login','/login','2017-01-13 00:09:08',NULL,NULL,'GET','success','ModelAndView: reference to view with name \'/login\'; model is {ENABLE_CAPTCHA=false}',0,NULL,'192.168.32.1','http://localhost:8080/sale/sale_order_edit_sys2.html?isedit=1&headerId=1','Mozilla/5.0 (Windows NT 10.0; WOW64) AppleWebKit/537.36 (KHTML, like Gecko) Chrome/55.0.2883.87 Safari/537.36',1,-1,-1,-1,'2017-01-13 00:09:07',-1,'2017-01-13 00:09:07',-1),(10024,'Login','/login','2017-01-13 00:09:08',NULL,NULL,'GET','success','ModelAndView: reference to view with name \'/login\'; model is {ENABLE_CAPTCHA=false}',0,NULL,'192.168.32.1','http://localhost:8080/sale/sale_order_edit_sys2.html?isedit=1&headerId=1','Mozilla/5.0 (Windows NT 10.0; WOW64) AppleWebKit/537.36 (KHTML, like Gecko) Chrome/55.0.2883.87 Safari/537.36',1,-1,-1,-1,'2017-01-13 00:09:07',-1,'2017-01-13 00:09:07',-1),(10025,'Login','/login','2017-01-13 08:56:30',NULL,NULL,'GET','success','ModelAndView: reference to view with name \'/login\'; model is {ENABLE_CAPTCHA=false}',0,NULL,'10.211.122.132',NULL,'Mozilla/5.0 (Windows NT 10.0; WOW64) AppleWebKit/537.36 (KHTML, like Gecko) Chrome/55.0.2883.87 Safari/537.36',1,-1,-1,-1,'2017-01-13 08:56:30',-1,'2017-01-13 08:56:30',-1),(10026,'Login','/login','2017-01-13 08:57:00',NULL,NULL,'GET','success','ModelAndView: reference to view with name \'/login\'; model is {ENABLE_CAPTCHA=false}',0,NULL,'10.211.122.132','http://localhost:8080/sale/sale_order_edit_sys2.html?isedit=1&headerId=1','Mozilla/5.0 (Windows NT 10.0; WOW64) AppleWebKit/537.36 (KHTML, like Gecko) Chrome/55.0.2883.87 Safari/537.36',1,-1,-1,-1,'2017-01-13 08:56:59',-1,'2017-01-13 08:56:59',-1),(10027,'Login','/login','2017-01-13 08:57:00',NULL,NULL,'GET','success','ModelAndView: reference to view with name \'/login\'; model is {ENABLE_CAPTCHA=false}',0,NULL,'10.211.122.132','http://localhost:8080/sale/sale_order_edit_sys2.html?isedit=1&headerId=1','Mozilla/5.0 (Windows NT 10.0; WOW64) AppleWebKit/537.36 (KHTML, like Gecko) Chrome/55.0.2883.87 Safari/537.36',1,-1,-1,-1,'2017-01-13 08:56:59',-1,'2017-01-13 08:56:59',-1),(10028,'Login','/login','2017-01-13 08:57:21',NULL,NULL,'GET','success','ModelAndView: reference to view with name \'/login\'; model is {ENABLE_CAPTCHA=false}',0,NULL,'10.211.122.132',NULL,'Mozilla/5.0 (Windows NT 10.0; WOW64) AppleWebKit/537.36 (KHTML, like Gecko) Chrome/55.0.2883.87 Safari/537.36',1,-1,-1,-1,'2017-01-13 08:57:20',-1,'2017-01-13 08:57:20',-1),(10029,'Login','/login','2017-01-13 19:26:57',NULL,NULL,'GET','success','ModelAndView: reference to view with name \'/login\'; model is {ENABLE_CAPTCHA=false}',21,NULL,'192.168.32.1',NULL,'Mozilla/5.0 (Windows NT 10.0; WOW64) AppleWebKit/537.36 (KHTML, like Gecko) Chrome/55.0.2883.87 Safari/537.36',1,-1,-1,-1,'2017-01-13 19:26:57',-1,'2017-01-13 19:26:57',-1),(10030,'Login','/login','2017-01-13 19:27:10',NULL,NULL,'GET','success','ModelAndView: reference to view with name \'/login\'; model is {ENABLE_CAPTCHA=false}',0,NULL,'192.168.32.1','http://localhost:8080/sale/saleorder.html','Mozilla/5.0 (Windows NT 10.0; WOW64) AppleWebKit/537.36 (KHTML, like Gecko) Chrome/55.0.2883.87 Safari/537.36',1,-1,-1,-1,'2017-01-13 19:27:10',-1,'2017-01-13 19:27:10',-1),(10031,'Login','/login','2017-01-13 19:27:13',NULL,NULL,'GET','success','ModelAndView: reference to view with name \'/login\'; model is {ENABLE_CAPTCHA=false}',0,NULL,'192.168.32.1','http://localhost:8080/sale/saleorder.html','Mozilla/5.0 (Windows NT 10.0; WOW64) AppleWebKit/537.36 (KHTML, like Gecko) Chrome/55.0.2883.87 Safari/537.36',1,-1,-1,-1,'2017-01-13 19:27:13',-1,'2017-01-13 19:27:13',-1),(10032,'Login','/login','2017-01-13 19:27:14',NULL,NULL,'GET','success','ModelAndView: reference to view with name \'/login\'; model is {ENABLE_CAPTCHA=false}',0,NULL,'192.168.32.1','http://localhost:8080/sale/saleorder.html','Mozilla/5.0 (Windows NT 10.0; WOW64) AppleWebKit/537.36 (KHTML, like Gecko) Chrome/55.0.2883.87 Safari/537.36',1,-1,-1,-1,'2017-01-13 19:27:14',-1,'2017-01-13 19:27:14',-1),(10033,'Login','/login','2017-01-13 19:27:14',NULL,NULL,'GET','success','ModelAndView: reference to view with name \'/login\'; model is {ENABLE_CAPTCHA=false}',0,NULL,'192.168.32.1','http://localhost:8080/sale/saleorder.html','Mozilla/5.0 (Windows NT 10.0; WOW64) AppleWebKit/537.36 (KHTML, like Gecko) Chrome/55.0.2883.87 Safari/537.36',1,-1,-1,-1,'2017-01-13 19:27:14',-1,'2017-01-13 19:27:14',-1),(10034,'Login','/login','2017-01-13 19:27:14',NULL,NULL,'GET','success','ModelAndView: reference to view with name \'/login\'; model is {ENABLE_CAPTCHA=false}',0,NULL,'192.168.32.1','http://localhost:8080/sale/saleorder.html','Mozilla/5.0 (Windows NT 10.0; WOW64) AppleWebKit/537.36 (KHTML, like Gecko) Chrome/55.0.2883.87 Safari/537.36',1,-1,-1,-1,'2017-01-13 19:27:14',-1,'2017-01-13 19:27:14',-1),(10035,'Login','/login','2017-01-13 19:27:16',NULL,NULL,'GET','success','ModelAndView: reference to view with name \'/login\'; model is {ENABLE_CAPTCHA=false}',0,NULL,'192.168.32.1',NULL,'Mozilla/5.0 (Windows NT 10.0; WOW64) AppleWebKit/537.36 (KHTML, like Gecko) Chrome/55.0.2883.87 Safari/537.36',1,-1,-1,-1,'2017-01-13 19:27:15',-1,'2017-01-13 19:27:15',-1),(10036,'Login','/login','2017-01-13 19:27:33',NULL,NULL,'GET','success','ModelAndView: reference to view with name \'/login\'; model is {ENABLE_CAPTCHA=false}',0,NULL,'192.168.32.1','http://localhost:8080/sale/saleorder.html','Mozilla/5.0 (Windows NT 10.0; WOW64) AppleWebKit/537.36 (KHTML, like Gecko) Chrome/55.0.2883.87 Safari/537.36',1,-1,-1,-1,'2017-01-13 19:27:33',-1,'2017-01-13 19:27:33',-1),(10037,'Login','/login','2017-01-13 19:27:35',NULL,NULL,'GET','success','ModelAndView: reference to view with name \'/login\'; model is {ENABLE_CAPTCHA=false}',0,NULL,'192.168.32.1','http://localhost:8080/sale/saleorder.html','Mozilla/5.0 (Windows NT 10.0; WOW64) AppleWebKit/537.36 (KHTML, like Gecko) Chrome/55.0.2883.87 Safari/537.36',1,-1,-1,-1,'2017-01-13 19:27:34',-1,'2017-01-13 19:27:34',-1),(10038,'Login','/login','2017-01-13 19:27:36',NULL,NULL,'GET','success','ModelAndView: reference to view with name \'/login\'; model is {ENABLE_CAPTCHA=false}',0,NULL,'192.168.32.1','http://localhost:8080/sale/saleorder.html','Mozilla/5.0 (Windows NT 10.0; WOW64) AppleWebKit/537.36 (KHTML, like Gecko) Chrome/55.0.2883.87 Safari/537.36',1,-1,-1,-1,'2017-01-13 19:27:35',-1,'2017-01-13 19:27:35',-1),(10039,'Login','/login','2017-01-13 19:27:36',NULL,NULL,'GET','success','ModelAndView: reference to view with name \'/login\'; model is {ENABLE_CAPTCHA=false}',0,NULL,'192.168.32.1','http://localhost:8080/sale/saleorder.html','Mozilla/5.0 (Windows NT 10.0; WOW64) AppleWebKit/537.36 (KHTML, like Gecko) Chrome/55.0.2883.87 Safari/537.36',1,-1,-1,-1,'2017-01-13 19:27:35',-1,'2017-01-13 19:27:35',-1),(10040,'Login','/login','2017-01-13 19:27:36',NULL,NULL,'GET','success','ModelAndView: reference to view with name \'/login\'; model is {ENABLE_CAPTCHA=false}',0,NULL,'192.168.32.1','http://localhost:8080/sale/saleorder.html','Mozilla/5.0 (Windows NT 10.0; WOW64) AppleWebKit/537.36 (KHTML, like Gecko) Chrome/55.0.2883.87 Safari/537.36',1,-1,-1,-1,'2017-01-13 19:27:36',-1,'2017-01-13 19:27:36',-1),(10041,'Login','/login','2017-01-13 19:27:36',NULL,NULL,'GET','success','ModelAndView: reference to view with name \'/login\'; model is {ENABLE_CAPTCHA=false}',0,NULL,'192.168.32.1','http://localhost:8080/sale/saleorder.html','Mozilla/5.0 (Windows NT 10.0; WOW64) AppleWebKit/537.36 (KHTML, like Gecko) Chrome/55.0.2883.87 Safari/537.36',1,-1,-1,-1,'2017-01-13 19:27:36',-1,'2017-01-13 19:27:36',-1),(10042,'Login','/login','2017-01-13 19:27:38',NULL,NULL,'GET','success','ModelAndView: reference to view with name \'/login\'; model is {ENABLE_CAPTCHA=false}',0,NULL,'192.168.32.1','http://localhost:8080/sale/saleorder.html','Mozilla/5.0 (Windows NT 10.0; WOW64) AppleWebKit/537.36 (KHTML, like Gecko) Chrome/55.0.2883.87 Safari/537.36',1,-1,-1,-1,'2017-01-13 19:27:38',-1,'2017-01-13 19:27:38',-1),(10043,'Login','/login','2017-01-13 19:27:39',NULL,NULL,'GET','success','ModelAndView: reference to view with name \'/login\'; model is {ENABLE_CAPTCHA=false}',0,NULL,'192.168.32.1','http://localhost:8080/sale/saleorder.html','Mozilla/5.0 (Windows NT 10.0; WOW64) AppleWebKit/537.36 (KHTML, like Gecko) Chrome/55.0.2883.87 Safari/537.36',1,-1,-1,-1,'2017-01-13 19:27:39',-1,'2017-01-13 19:27:39',-1),(10044,'Login','/login','2017-01-13 19:27:42',NULL,NULL,'GET','success','ModelAndView: reference to view with name \'/login\'; model is {ENABLE_CAPTCHA=false}',0,NULL,'192.168.32.1',NULL,'Mozilla/5.0 (Windows NT 10.0; WOW64) AppleWebKit/537.36 (KHTML, like Gecko) Chrome/55.0.2883.87 Safari/537.36',1,-1,-1,-1,'2017-01-13 19:27:42',-1,'2017-01-13 19:27:42',-1),(10045,'Login','/login','2017-01-13 19:27:57',NULL,NULL,'GET','success','ModelAndView: reference to view with name \'/login\'; model is {ENABLE_CAPTCHA=false}',0,NULL,'192.168.32.1',NULL,'Mozilla/5.0 (Windows NT 10.0; WOW64) AppleWebKit/537.36 (KHTML, like Gecko) Chrome/55.0.2883.87 Safari/537.36',1,-1,-1,-1,'2017-01-13 19:27:57',-1,'2017-01-13 19:27:57',-1),(10046,'Login','/login','2017-01-13 19:28:07',NULL,NULL,'GET','success','ModelAndView: reference to view with name \'/login\'; model is {ENABLE_CAPTCHA=false}',0,NULL,'192.168.32.1','http://localhost:8080/','Mozilla/5.0 (Windows NT 10.0; WOW64) AppleWebKit/537.36 (KHTML, like Gecko) Chrome/55.0.2883.87 Safari/537.36',1,-1,-1,-1,'2017-01-13 19:28:07',-1,'2017-01-13 19:28:07',-1),(10047,'Login','/login','2017-01-13 19:28:31',NULL,NULL,'GET','success','ModelAndView: reference to view with name \'/login\'; model is {ENABLE_CAPTCHA=false}',0,NULL,'192.168.32.1','http://localhost:8080/sale/saleorder.html','Mozilla/5.0 (Windows NT 10.0; WOW64) AppleWebKit/537.36 (KHTML, like Gecko) Chrome/55.0.2883.87 Safari/537.36',1,-1,-1,-1,'2017-01-13 19:28:30',-1,'2017-01-13 19:28:30',-1),(10048,'Login','/login','2017-01-13 19:28:35',NULL,NULL,'GET','success','ModelAndView: reference to view with name \'/login\'; model is {ENABLE_CAPTCHA=false}',0,NULL,'192.168.32.1','http://localhost:8080/sale/saleorder.html','Mozilla/5.0 (Windows NT 10.0; WOW64) AppleWebKit/537.36 (KHTML, like Gecko) Chrome/55.0.2883.87 Safari/537.36',1,-1,-1,-1,'2017-01-13 19:28:35',-1,'2017-01-13 19:28:35',-1),(10049,'Login','/login','2017-01-13 19:28:36',NULL,NULL,'GET','success','ModelAndView: reference to view with name \'/login\'; model is {ENABLE_CAPTCHA=false}',0,NULL,'192.168.32.1','http://localhost:8080/sale/saleorder.html','Mozilla/5.0 (Windows NT 10.0; WOW64) AppleWebKit/537.36 (KHTML, like Gecko) Chrome/55.0.2883.87 Safari/537.36',1,-1,-1,-1,'2017-01-13 19:28:35',-1,'2017-01-13 19:28:35',-1),(10050,'Login','/login','2017-01-13 19:28:36',NULL,NULL,'GET','success','ModelAndView: reference to view with name \'/login\'; model is {ENABLE_CAPTCHA=false}',0,NULL,'192.168.32.1','http://localhost:8080/sale/saleorder.html','Mozilla/5.0 (Windows NT 10.0; WOW64) AppleWebKit/537.36 (KHTML, like Gecko) Chrome/55.0.2883.87 Safari/537.36',1,-1,-1,-1,'2017-01-13 19:28:35',-1,'2017-01-13 19:28:35',-1),(10051,'Login','/login','2017-01-13 19:28:36',NULL,NULL,'GET','success','ModelAndView: reference to view with name \'/login\'; model is {ENABLE_CAPTCHA=false}',0,NULL,'192.168.32.1','http://localhost:8080/sale/saleorder.html','Mozilla/5.0 (Windows NT 10.0; WOW64) AppleWebKit/537.36 (KHTML, like Gecko) Chrome/55.0.2883.87 Safari/537.36',1,-1,-1,-1,'2017-01-13 19:28:35',-1,'2017-01-13 19:28:35',-1),(10052,'Login','/login','2017-01-13 19:28:36',NULL,NULL,'GET','success','ModelAndView: reference to view with name \'/login\'; model is {ENABLE_CAPTCHA=false}',0,NULL,'192.168.32.1','http://localhost:8080/sale/saleorder.html','Mozilla/5.0 (Windows NT 10.0; WOW64) AppleWebKit/537.36 (KHTML, like Gecko) Chrome/55.0.2883.87 Safari/537.36',1,-1,-1,-1,'2017-01-13 19:28:36',-1,'2017-01-13 19:28:36',-1),(10053,'Login','/login','2017-01-13 19:28:36',NULL,NULL,'GET','success','ModelAndView: reference to view with name \'/login\'; model is {ENABLE_CAPTCHA=false}',0,NULL,'192.168.32.1','http://localhost:8080/sale/saleorder.html','Mozilla/5.0 (Windows NT 10.0; WOW64) AppleWebKit/537.36 (KHTML, like Gecko) Chrome/55.0.2883.87 Safari/537.36',1,-1,-1,-1,'2017-01-13 19:28:36',-1,'2017-01-13 19:28:36',-1),(10054,'Login','/login','2017-01-13 19:28:52',NULL,NULL,'GET','success','ModelAndView: reference to view with name \'/login\'; model is {ENABLE_CAPTCHA=false}',1,NULL,'192.168.32.1',NULL,'Mozilla/5.0 (Windows NT 10.0; WOW64) AppleWebKit/537.36 (KHTML, like Gecko) Chrome/45.0.2454.101 Safari/537.36',1,-1,-1,-1,'2017-01-13 19:28:51',-1,'2017-01-13 19:28:51',-1),(10055,'Login','/login','2017-01-13 19:28:53',NULL,NULL,'GET','success','ModelAndView: reference to view with name \'/login\'; model is {ENABLE_CAPTCHA=false}',0,NULL,'192.168.32.1',NULL,'Mozilla/5.0 (Windows NT 10.0; WOW64) AppleWebKit/537.36 (KHTML, like Gecko) Chrome/45.0.2454.101 Safari/537.36',1,-1,-1,-1,'2017-01-13 19:28:52',-1,'2017-01-13 19:28:52',-1),(10056,'Login','/login','2017-01-14 09:49:41',NULL,NULL,'GET','success','ModelAndView: reference to view with name \'/login\'; model is {ENABLE_CAPTCHA=false}',79,NULL,'192.168.32.1','http://passport.csdn.net/content/loginbox/style.css?r=1484358572707','Mozilla/5.0 (Windows NT 10.0; WOW64) AppleWebKit/537.36 (KHTML, like Gecko) Chrome/55.0.2883.87 Safari/537.36',1,-1,-1,-1,'2017-01-14 09:49:41',-1,'2017-01-14 09:49:41',-1),(10057,'Login','/login','2017-01-14 15:55:09',NULL,NULL,'GET','success','ModelAndView: reference to view with name \'/login\'; model is {ENABLE_CAPTCHA=false}',25,NULL,'192.168.191.4',NULL,'Mozilla/5.0 (Windows NT 10.0; WOW64; rv:50.0) Gecko/20100101 Firefox/50.0',1,-1,-1,-1,'2017-01-14 15:55:08',-1,'2017-01-14 15:55:08',-1),(10058,'Login','/login','2017-01-14 17:27:41',NULL,NULL,'GET','success','ModelAndView: reference to view with name \'/login\'; model is {ENABLE_CAPTCHA=false}',0,NULL,'192.168.32.1',NULL,'Mozilla/5.0 (Windows NT 10.0; WOW64) AppleWebKit/537.36 (KHTML, like Gecko) Chrome/45.0.2454.101 Safari/537.36',1,-1,-1,-1,'2017-01-14 17:27:40',-1,'2017-01-14 17:27:40',-1),(10059,'Login','/login','2017-01-14 18:09:24',NULL,NULL,'GET','success','ModelAndView: reference to view with name \'/login\'; model is {ENABLE_CAPTCHA=false}',0,NULL,'192.168.32.1',NULL,'Mozilla/5.0 (Windows NT 10.0; WOW64) AppleWebKit/537.36 (KHTML, like Gecko) Chrome/45.0.2454.101 Safari/537.36',1,-1,-1,-1,'2017-01-14 18:09:23',-1,'2017-01-14 18:09:23',-1),(10060,'Login','/login','2017-01-14 18:13:06',NULL,NULL,'GET','success','ModelAndView: reference to view with name \'/login\'; model is {ENABLE_CAPTCHA=false}',0,NULL,'192.168.32.1',NULL,'Mozilla/5.0 (Windows NT 10.0; WOW64) AppleWebKit/537.36 (KHTML, like Gecko) Chrome/55.0.2883.87 Safari/537.36',1,-1,-1,-1,'2017-01-14 18:13:06',-1,'2017-01-14 18:13:06',-1),(10061,'Login','/login','2017-01-14 18:13:15',NULL,NULL,'GET','success','ModelAndView: reference to view with name \'/login\'; model is {ENABLE_CAPTCHA=false}',0,NULL,'192.168.32.1','http://localhost:8080/sale/saleorder.html','Mozilla/5.0 (Windows NT 10.0; WOW64) AppleWebKit/537.36 (KHTML, like Gecko) Chrome/55.0.2883.87 Safari/537.36',1,-1,-1,-1,'2017-01-14 18:13:14',-1,'2017-01-14 18:13:14',-1),(10062,'Login','/login','2017-01-14 18:13:19',NULL,NULL,'GET','success','ModelAndView: reference to view with name \'/login\'; model is {ENABLE_CAPTCHA=false}',0,NULL,'192.168.32.1','http://localhost:8080/sale/saleorder.html','Mozilla/5.0 (Windows NT 10.0; WOW64) AppleWebKit/537.36 (KHTML, like Gecko) Chrome/55.0.2883.87 Safari/537.36',1,-1,-1,-1,'2017-01-14 18:13:19',-1,'2017-01-14 18:13:19',-1),(10063,'Login','/login','2017-01-14 18:13:30',NULL,NULL,'GET','success','ModelAndView: reference to view with name \'/login\'; model is {ENABLE_CAPTCHA=false}',0,NULL,'192.168.32.1','http://localhost:8080/sale/saleorder.html','Mozilla/5.0 (Windows NT 10.0; WOW64) AppleWebKit/537.36 (KHTML, like Gecko) Chrome/55.0.2883.87 Safari/537.36',1,-1,-1,-1,'2017-01-14 18:13:29',-1,'2017-01-14 18:13:29',-1),(10064,'Login','/login','2017-01-14 18:13:31',NULL,NULL,'GET','success','ModelAndView: reference to view with name \'/login\'; model is {ENABLE_CAPTCHA=false}',0,NULL,'192.168.32.1','http://localhost:8080/sale/saleorder.html','Mozilla/5.0 (Windows NT 10.0; WOW64) AppleWebKit/537.36 (KHTML, like Gecko) Chrome/55.0.2883.87 Safari/537.36',1,-1,-1,-1,'2017-01-14 18:13:31',-1,'2017-01-14 18:13:31',-1),(10065,'Login','/login','2017-01-14 18:13:34',NULL,NULL,'GET','success','ModelAndView: reference to view with name \'/login\'; model is {ENABLE_CAPTCHA=false}',0,NULL,'192.168.32.1','http://localhost:8080/sale/saleorder.html','Mozilla/5.0 (Windows NT 10.0; WOW64) AppleWebKit/537.36 (KHTML, like Gecko) Chrome/55.0.2883.87 Safari/537.36',1,-1,-1,-1,'2017-01-14 18:13:33',-1,'2017-01-14 18:13:33',-1),(10066,'Login','/login','2017-01-14 18:13:34',NULL,NULL,'GET','success','ModelAndView: reference to view with name \'/login\'; model is {ENABLE_CAPTCHA=false}',0,NULL,'192.168.32.1','http://localhost:8080/sale/saleorder.html','Mozilla/5.0 (Windows NT 10.0; WOW64) AppleWebKit/537.36 (KHTML, like Gecko) Chrome/55.0.2883.87 Safari/537.36',1,-1,-1,-1,'2017-01-14 18:13:33',-1,'2017-01-14 18:13:33',-1),(10067,'Login','/login','2017-01-14 18:13:34',NULL,NULL,'GET','success','ModelAndView: reference to view with name \'/login\'; model is {ENABLE_CAPTCHA=false}',0,NULL,'192.168.32.1','http://localhost:8080/sale/saleorder.html','Mozilla/5.0 (Windows NT 10.0; WOW64) AppleWebKit/537.36 (KHTML, like Gecko) Chrome/55.0.2883.87 Safari/537.36',1,-1,-1,-1,'2017-01-14 18:13:34',-1,'2017-01-14 18:13:34',-1),(10068,'Login','/login','2017-01-14 18:13:59',NULL,NULL,'GET','success','ModelAndView: reference to view with name \'/login\'; model is {ENABLE_CAPTCHA=false}',0,NULL,'192.168.32.1',NULL,'Mozilla/5.0 (Windows NT 10.0; WOW64) AppleWebKit/537.36 (KHTML, like Gecko) Chrome/55.0.2883.87 Safari/537.36',1,-1,-1,-1,'2017-01-14 18:13:58',-1,'2017-01-14 18:13:58',-1),(10069,'Login','/login','2017-01-14 18:14:07',NULL,NULL,'GET','success','ModelAndView: reference to view with name \'/login\'; model is {ENABLE_CAPTCHA=false}',0,NULL,'192.168.32.1','http://localhost:8080/sale/saleorder.html','Mozilla/5.0 (Windows NT 10.0; WOW64) AppleWebKit/537.36 (KHTML, like Gecko) Chrome/55.0.2883.87 Safari/537.36',1,-1,-1,-1,'2017-01-14 18:14:06',-1,'2017-01-14 18:14:06',-1),(10070,'Login','/login','2017-01-14 18:14:11',NULL,NULL,'GET','success','ModelAndView: reference to view with name \'/login\'; model is {ENABLE_CAPTCHA=false}',0,NULL,'192.168.32.1','http://localhost:8080/sale/saleorder.html','Mozilla/5.0 (Windows NT 10.0; WOW64) AppleWebKit/537.36 (KHTML, like Gecko) Chrome/55.0.2883.87 Safari/537.36',1,-1,-1,-1,'2017-01-14 18:14:10',-1,'2017-01-14 18:14:10',-1),(10071,'Login','/login','2017-01-14 18:14:11',NULL,NULL,'GET','success','ModelAndView: reference to view with name \'/login\'; model is {ENABLE_CAPTCHA=false}',0,NULL,'192.168.32.1','http://localhost:8080/sale/saleorder.html','Mozilla/5.0 (Windows NT 10.0; WOW64) AppleWebKit/537.36 (KHTML, like Gecko) Chrome/55.0.2883.87 Safari/537.36',1,-1,-1,-1,'2017-01-14 18:14:10',-1,'2017-01-14 18:14:10',-1),(10072,'Login','/login','2017-01-14 18:14:11',NULL,NULL,'GET','success','ModelAndView: reference to view with name \'/login\'; model is {ENABLE_CAPTCHA=false}',0,NULL,'192.168.32.1','http://localhost:8080/sale/saleorder.html','Mozilla/5.0 (Windows NT 10.0; WOW64) AppleWebKit/537.36 (KHTML, like Gecko) Chrome/55.0.2883.87 Safari/537.36',1,-1,-1,-1,'2017-01-14 18:14:11',-1,'2017-01-14 18:14:11',-1),(10073,'Login','/login','2017-01-14 18:14:12',NULL,NULL,'GET','success','ModelAndView: reference to view with name \'/login\'; model is {ENABLE_CAPTCHA=false}',0,NULL,'192.168.32.1','http://localhost:8080/sale/saleorder.html','Mozilla/5.0 (Windows NT 10.0; WOW64) AppleWebKit/537.36 (KHTML, like Gecko) Chrome/55.0.2883.87 Safari/537.36',1,-1,-1,-1,'2017-01-14 18:14:12',-1,'2017-01-14 18:14:12',-1),(10074,'Login','/login','2017-01-14 18:14:12',NULL,NULL,'GET','success','ModelAndView: reference to view with name \'/login\'; model is {ENABLE_CAPTCHA=false}',0,NULL,'192.168.32.1','http://localhost:8080/sale/saleorder.html','Mozilla/5.0 (Windows NT 10.0; WOW64) AppleWebKit/537.36 (KHTML, like Gecko) Chrome/55.0.2883.87 Safari/537.36',1,-1,-1,-1,'2017-01-14 18:14:12',-1,'2017-01-14 18:14:12',-1),(10075,'Login','/login','2017-01-14 18:14:12',NULL,NULL,'GET','success','ModelAndView: reference to view with name \'/login\'; model is {ENABLE_CAPTCHA=false}',0,NULL,'192.168.32.1','http://localhost:8080/sale/saleorder.html','Mozilla/5.0 (Windows NT 10.0; WOW64) AppleWebKit/537.36 (KHTML, like Gecko) Chrome/55.0.2883.87 Safari/537.36',1,-1,-1,-1,'2017-01-14 18:14:12',-1,'2017-01-14 18:14:12',-1),(10076,'Login','/login','2017-01-14 18:14:12',NULL,NULL,'GET','success','ModelAndView: reference to view with name \'/login\'; model is {ENABLE_CAPTCHA=false}',0,NULL,'192.168.32.1','http://localhost:8080/sale/saleorder.html','Mozilla/5.0 (Windows NT 10.0; WOW64) AppleWebKit/537.36 (KHTML, like Gecko) Chrome/55.0.2883.87 Safari/537.36',1,-1,-1,-1,'2017-01-14 18:14:12',-1,'2017-01-14 18:14:12',-1),(10077,'Login','/login','2017-01-14 20:03:56',NULL,NULL,'GET','success','ModelAndView: reference to view with name \'/login\'; model is {ENABLE_CAPTCHA=false}',30,NULL,'192.168.32.1',NULL,'Mozilla/5.0 (Windows NT 10.0; WOW64) AppleWebKit/537.36 (KHTML, like Gecko) Chrome/45.0.2454.101 Safari/537.36',1,-1,-1,-1,'2017-01-14 20:03:56',-1,'2017-01-14 20:03:56',-1),(10078,'Login','/login','2017-01-14 20:37:26',NULL,NULL,'GET','success','ModelAndView: reference to view with name \'/login\'; model is {ENABLE_CAPTCHA=false}',29,NULL,'192.168.32.1',NULL,'Mozilla/5.0 (Windows NT 10.0; WOW64) AppleWebKit/537.36 (KHTML, like Gecko) Chrome/45.0.2454.101 Safari/537.36',1,-1,-1,-1,'2017-01-14 20:37:26',-1,'2017-01-14 20:37:26',-1),(10079,'Login','/login','2017-01-14 20:37:31',NULL,NULL,'GET','success','ModelAndView: reference to view with name \'/login\'; model is {ENABLE_CAPTCHA=false}',0,NULL,'192.168.32.1',NULL,'Mozilla/5.0 (Windows NT 10.0; WOW64) AppleWebKit/537.36 (KHTML, like Gecko) Chrome/45.0.2454.101 Safari/537.36',1,-1,-1,-1,'2017-01-14 20:37:31',-1,'2017-01-14 20:37:31',-1),(10080,'Login','/login','2017-01-15 14:10:46',NULL,NULL,'GET','success','ModelAndView: reference to view with name \'/login\'; model is {ENABLE_CAPTCHA=false}',25,NULL,'192.168.32.1',NULL,'Mozilla/5.0 (Windows NT 10.0; WOW64; rv:50.0) Gecko/20100101 Firefox/50.0',1,-1,-1,-1,'2017-01-15 14:10:46',-1,'2017-01-15 14:10:46',-1),(10081,'Login','/login.html','2017-01-15 14:22:57',NULL,NULL,'GET','success','ModelAndView: reference to view with name \'redirect:index\'; model is {SYS_TITLE=HAND Application Platform}',4,NULL,'192.168.32.1',NULL,'Mozilla/5.0 (Windows NT 10.0; WOW64; rv:50.0) Gecko/20100101 Firefox/50.0',1,-1,-1,-1,'2017-01-15 14:22:56',-1,'2017-01-15 14:22:56',-1),(10082,'Login','/login','2017-01-15 18:41:49',NULL,NULL,'GET','success','ModelAndView: reference to view with name \'/login\'; model is {ENABLE_CAPTCHA=false}',11,NULL,'192.168.32.1',NULL,'Mozilla/5.0 (Windows NT 10.0; WOW64) AppleWebKit/537.36 (KHTML, like Gecko) Chrome/45.0.2454.101 Safari/537.36',1,-1,-1,-1,'2017-01-15 18:41:48',-1,'2017-01-15 18:41:48',-1),(10083,'Login','/login','2017-01-15 18:41:49',NULL,NULL,'GET','success','ModelAndView: reference to view with name \'/login\'; model is {ENABLE_CAPTCHA=false}',0,NULL,'192.168.32.1',NULL,'Mozilla/5.0 (Windows NT 10.0; WOW64) AppleWebKit/537.36 (KHTML, like Gecko) Chrome/45.0.2454.101 Safari/537.36',1,-1,-1,-1,'2017-01-15 18:41:48',-1,'2017-01-15 18:41:48',-1);

/*Table structure for table `sys_if_invoke_outbound` */

DROP TABLE IF EXISTS `sys_if_invoke_outbound`;

CREATE TABLE `sys_if_invoke_outbound` (
  `OUTBOUND_ID` bigint(20) NOT NULL AUTO_INCREMENT,
  `INTERFACE_NAME` varchar(255) NOT NULL COMMENT '',
  `INTERFACE_URL` varchar(200) NOT NULL COMMENT '',
  `REQUEST_TIME` datetime NOT NULL COMMENT '',
  `REQUEST_PARAMETER` longtext COMMENT '',
  `REQUEST_STATUS` varchar(10) DEFAULT NULL COMMENT '',
  `RESPONSE_CONTENT` longtext COMMENT '',
  `RESPONSE_TIME` bigint(20) DEFAULT NULL COMMENT '',
  `RESPONSE_CODE` varchar(30) DEFAULT NULL COMMENT 'httpCode',
  `STACKTRACE` longtext COMMENT '',
  `OBJECT_VERSION_NUMBER` bigint(20) DEFAULT '1',
  `REQUEST_ID` bigint(20) DEFAULT '-1',
  `PROGRAM_ID` bigint(20) DEFAULT '-1',
  `CREATED_BY` bigint(20) DEFAULT '-1',
  `CREATION_DATE` datetime DEFAULT CURRENT_TIMESTAMP,
  `LAST_UPDATED_BY` bigint(20) DEFAULT '-1',
  `LAST_UPDATE_DATE` datetime DEFAULT CURRENT_TIMESTAMP,
  `LAST_UPDATE_LOGIN` bigint(20) DEFAULT '-1',
  PRIMARY KEY (`OUTBOUND_ID`),
  KEY `SYS_IF_INVOKE_OUTBOUND_N1` (`INTERFACE_NAME`),
  KEY `SYS_IF_INVOKE_OUTBOUND_N2` (`INTERFACE_URL`),
  KEY `SYS_IF_INVOKE_OUTBOUND_N3` (`REQUEST_TIME`),
  KEY `SYS_IF_INVOKE_OUTBOUND_N4` (`REQUEST_STATUS`)
) ENGINE=InnoDB DEFAULT CHARSET=utf8;

/*Data for the table `sys_if_invoke_outbound` */

/*Table structure for table `sys_job_running_info` */

DROP TABLE IF EXISTS `sys_job_running_info`;

CREATE TABLE `sys_job_running_info` (
  `JOB_RUNNING_INFO_ID` bigint(20) NOT NULL AUTO_INCREMENT,
  `JOB_NAME` varchar(225) DEFAULT NULL,
  `JOB_GROUP` varchar(225) DEFAULT NULL,
  `JOB_RESULT` varchar(225) DEFAULT NULL,
  `JOB_STATUS` varchar(225) DEFAULT NULL,
  `JOB_STATUS_MESSAGE` varchar(225) DEFAULT NULL,
  `TRIGGER_NAME` varchar(225) DEFAULT NULL,
  `TRIGGER_GROUP` varchar(225) DEFAULT NULL,
  `PREVIOUS_FIRE_TIME` datetime DEFAULT NULL,
  `FIRE_TIME` datetime DEFAULT NULL,
  `NEXT_FIRE_TIME` datetime DEFAULT NULL,
  `REFIRE_COUNT` bigint(20) DEFAULT '0',
  `FIRE_INSTANCE_ID` varchar(225) DEFAULT NULL,
  `SCHEDULER_INSTANCE_ID` varchar(225) DEFAULT NULL,
  `SCHEDULED_FIRE_TIME` datetime DEFAULT NULL,
  `EXECUTION_SUMMARY` varchar(225) DEFAULT NULL,
  `OBJECT_VERSION_NUMBER` bigint(20) DEFAULT '1',
  `REQUEST_ID` bigint(20) DEFAULT '-1',
  `PROGRAM_ID` bigint(20) DEFAULT '-1',
  `CREATED_BY` bigint(20) DEFAULT '-1',
  `CREATION_DATE` datetime DEFAULT CURRENT_TIMESTAMP,
  `LAST_UPDATED_BY` bigint(20) DEFAULT '-1',
  `LAST_UPDATE_DATE` datetime DEFAULT CURRENT_TIMESTAMP,
  `LAST_UPDATE_LOGIN` bigint(20) DEFAULT '-1',
  `ATTRIBUTE_CATEGORY` varchar(30) DEFAULT NULL,
  `ATTRIBUTE1` varchar(240) DEFAULT NULL,
  `ATTRIBUTE2` varchar(240) DEFAULT NULL,
  `ATTRIBUTE3` varchar(240) DEFAULT NULL,
  `ATTRIBUTE4` varchar(240) DEFAULT NULL,
  `ATTRIBUTE5` varchar(240) DEFAULT NULL,
  `ATTRIBUTE6` varchar(240) DEFAULT NULL,
  `ATTRIBUTE7` varchar(240) DEFAULT NULL,
  `ATTRIBUTE8` varchar(240) DEFAULT NULL,
  `ATTRIBUTE9` varchar(240) DEFAULT NULL,
  `ATTRIBUTE10` varchar(240) DEFAULT NULL,
  `ATTRIBUTE11` varchar(240) DEFAULT NULL,
  `ATTRIBUTE12` varchar(240) DEFAULT NULL,
  `ATTRIBUTE13` varchar(240) DEFAULT NULL,
  `ATTRIBUTE14` varchar(240) DEFAULT NULL,
  `ATTRIBUTE15` varchar(240) DEFAULT NULL,
  PRIMARY KEY (`JOB_RUNNING_INFO_ID`)
) ENGINE=InnoDB DEFAULT CHARSET=utf8;

/*Data for the table `sys_job_running_info` */

/*Table structure for table `sys_lang_b` */

DROP TABLE IF EXISTS `sys_lang_b`;

CREATE TABLE `sys_lang_b` (
  `LANG_CODE` varchar(10) NOT NULL,
  `BASE_LANG` varchar(10) DEFAULT NULL COMMENT '',
  `DESCRIPTION` varchar(240) DEFAULT NULL COMMENT '',
  `JOB_RESULT` varchar(225) DEFAULT NULL,
  `JOB_STATUS` varchar(225) DEFAULT NULL,
  `JOB_STATUS_MESSAGE` varchar(225) DEFAULT NULL,
  `TRIGGER_NAME` varchar(225) DEFAULT NULL,
  `TRIGGER_GROUP` varchar(225) DEFAULT NULL,
  `PREVIOUS_FIRE_TIME` datetime DEFAULT NULL,
  `FIRE_TIME` datetime DEFAULT NULL,
  `NEXT_FIRE_TIME` datetime DEFAULT NULL,
  `REFIRE_COUNT` bigint(20) DEFAULT '0',
  `FIRE_INSTANCE_ID` varchar(225) DEFAULT NULL,
  `SCHEDULER_INSTANCE_ID` varchar(225) DEFAULT NULL,
  `SCHEDULED_FIRE_TIME` datetime DEFAULT NULL,
  `EXECUTION_SUMMARY` varchar(225) DEFAULT NULL,
  `OBJECT_VERSION_NUMBER` bigint(20) DEFAULT '1',
  `REQUEST_ID` bigint(20) DEFAULT '-1',
  `PROGRAM_ID` bigint(20) DEFAULT '-1',
  `CREATED_BY` bigint(20) DEFAULT '-1',
  `CREATION_DATE` datetime DEFAULT CURRENT_TIMESTAMP,
  `LAST_UPDATED_BY` bigint(20) DEFAULT '-1',
  `LAST_UPDATE_DATE` datetime DEFAULT CURRENT_TIMESTAMP,
  `LAST_UPDATE_LOGIN` bigint(20) DEFAULT '-1',
  `ATTRIBUTE_CATEGORY` varchar(30) DEFAULT NULL,
  `ATTRIBUTE1` varchar(240) DEFAULT NULL,
  `ATTRIBUTE2` varchar(240) DEFAULT NULL,
  `ATTRIBUTE3` varchar(240) DEFAULT NULL,
  `ATTRIBUTE4` varchar(240) DEFAULT NULL,
  `ATTRIBUTE5` varchar(240) DEFAULT NULL,
  `ATTRIBUTE6` varchar(240) DEFAULT NULL,
  `ATTRIBUTE7` varchar(240) DEFAULT NULL,
  `ATTRIBUTE8` varchar(240) DEFAULT NULL,
  `ATTRIBUTE9` varchar(240) DEFAULT NULL,
  `ATTRIBUTE10` varchar(240) DEFAULT NULL,
  `ATTRIBUTE11` varchar(240) DEFAULT NULL,
  `ATTRIBUTE12` varchar(240) DEFAULT NULL,
  `ATTRIBUTE13` varchar(240) DEFAULT NULL,
  `ATTRIBUTE14` varchar(240) DEFAULT NULL,
  `ATTRIBUTE15` varchar(240) DEFAULT NULL,
  PRIMARY KEY (`LANG_CODE`)
) ENGINE=InnoDB DEFAULT CHARSET=utf8;

/*Data for the table `sys_lang_b` */

insert  into `sys_lang_b`(`LANG_CODE`,`BASE_LANG`,`DESCRIPTION`,`JOB_RESULT`,`JOB_STATUS`,`JOB_STATUS_MESSAGE`,`TRIGGER_NAME`,`TRIGGER_GROUP`,`PREVIOUS_FIRE_TIME`,`FIRE_TIME`,`NEXT_FIRE_TIME`,`REFIRE_COUNT`,`FIRE_INSTANCE_ID`,`SCHEDULER_INSTANCE_ID`,`SCHEDULED_FIRE_TIME`,`EXECUTION_SUMMARY`,`OBJECT_VERSION_NUMBER`,`REQUEST_ID`,`PROGRAM_ID`,`CREATED_BY`,`CREATION_DATE`,`LAST_UPDATED_BY`,`LAST_UPDATE_DATE`,`LAST_UPDATE_LOGIN`,`ATTRIBUTE_CATEGORY`,`ATTRIBUTE1`,`ATTRIBUTE2`,`ATTRIBUTE3`,`ATTRIBUTE4`,`ATTRIBUTE5`,`ATTRIBUTE6`,`ATTRIBUTE7`,`ATTRIBUTE8`,`ATTRIBUTE9`,`ATTRIBUTE10`,`ATTRIBUTE11`,`ATTRIBUTE12`,`ATTRIBUTE13`,`ATTRIBUTE14`,`ATTRIBUTE15`) values ('en_GB','zh_CN','English',NULL,NULL,NULL,NULL,NULL,NULL,NULL,NULL,0,NULL,NULL,NULL,NULL,1,-1,-1,-1,'2016-12-26 19:31:32',-1,'2016-12-26 19:31:32',-1,NULL,NULL,NULL,NULL,NULL,NULL,NULL,NULL,NULL,NULL,NULL,NULL,NULL,NULL,NULL,NULL),('zh_CN','zh_CN','',NULL,NULL,NULL,NULL,NULL,NULL,NULL,NULL,0,NULL,NULL,NULL,NULL,1,-1,-1,-1,'2016-12-26 19:31:32',-1,'2016-12-26 19:31:32',-1,NULL,NULL,NULL,NULL,NULL,NULL,NULL,NULL,NULL,NULL,NULL,NULL,NULL,NULL,NULL,NULL);

/*Table structure for table `sys_lov` */

DROP TABLE IF EXISTS `sys_lov`;

CREATE TABLE `sys_lov` (
  `LOV_ID` bigint(20) NOT NULL AUTO_INCREMENT,
  `CODE` varchar(80) NOT NULL COMMENT 'LOVcode',
  `DESCRIPTION` varchar(240) DEFAULT NULL COMMENT '',
  `SQL_ID` varchar(225) DEFAULT NULL COMMENT 'SQL ID',
  `VALUE_FIELD` varchar(80) DEFAULT NULL COMMENT ' VALUE_FIELD',
  `TEXT_FIELD` varchar(80) DEFAULT NULL COMMENT 'TEXT_FIELD',
  `TITLE` varchar(225) DEFAULT NULL COMMENT '',
  `WIDTH` decimal(20,0) DEFAULT NULL COMMENT '',
  `HEIGHT` decimal(20,0) DEFAULT NULL COMMENT '',
  `PLACEHOLDER` varchar(80) DEFAULT NULL COMMENT '',
  `DELAY_LOAD` varchar(1) DEFAULT 'N' COMMENT '',
  `NEED_QUERY_PARAM` varchar(1) DEFAULT 'N' COMMENT '',
  `EDITABLE` varchar(1) DEFAULT 'N' COMMENT '',
  `CAN_POPUP` varchar(1) DEFAULT 'Y' COMMENT '',
  `OBJECT_VERSION_NUMBER` bigint(20) DEFAULT '1',
  `REQUEST_ID` bigint(20) DEFAULT '-1',
  `PROGRAM_ID` bigint(20) DEFAULT '-1',
  `CREATED_BY` bigint(20) DEFAULT '-1',
  `CREATION_DATE` datetime DEFAULT CURRENT_TIMESTAMP,
  `LAST_UPDATED_BY` bigint(20) DEFAULT '-1',
  `LAST_UPDATE_DATE` datetime DEFAULT CURRENT_TIMESTAMP,
  `LAST_UPDATE_LOGIN` bigint(20) DEFAULT '-1',
  `ATTRIBUTE_CATEGORY` varchar(30) DEFAULT NULL,
  `ATTRIBUTE1` varchar(240) DEFAULT NULL,
  `ATTRIBUTE2` varchar(240) DEFAULT NULL,
  `ATTRIBUTE3` varchar(240) DEFAULT NULL,
  `ATTRIBUTE4` varchar(240) DEFAULT NULL,
  `ATTRIBUTE5` varchar(240) DEFAULT NULL,
  `ATTRIBUTE6` varchar(240) DEFAULT NULL,
  `ATTRIBUTE7` varchar(240) DEFAULT NULL,
  `ATTRIBUTE8` varchar(240) DEFAULT NULL,
  `ATTRIBUTE9` varchar(240) DEFAULT NULL,
  `ATTRIBUTE10` varchar(240) DEFAULT NULL,
  `ATTRIBUTE11` varchar(240) DEFAULT NULL,
  `ATTRIBUTE12` varchar(240) DEFAULT NULL,
  `ATTRIBUTE13` varchar(240) DEFAULT NULL,
  `ATTRIBUTE14` varchar(240) DEFAULT NULL,
  `ATTRIBUTE15` varchar(240) DEFAULT NULL,
  `CUSTOM_SQL` longtext COMMENT 'sql',
  `QUERY_COLUMNS` int(11) DEFAULT '1' COMMENT '',
  PRIMARY KEY (`LOV_ID`),
  UNIQUE KEY `SYS_LOV_U1` (`CODE`)
) ENGINE=InnoDB AUTO_INCREMENT=10018 DEFAULT CHARSET=utf8;

/*Data for the table `sys_lov` */

insert  into `sys_lov`(`LOV_ID`,`CODE`,`DESCRIPTION`,`SQL_ID`,`VALUE_FIELD`,`TEXT_FIELD`,`TITLE`,`WIDTH`,`HEIGHT`,`PLACEHOLDER`,`DELAY_LOAD`,`NEED_QUERY_PARAM`,`EDITABLE`,`CAN_POPUP`,`OBJECT_VERSION_NUMBER`,`REQUEST_ID`,`PROGRAM_ID`,`CREATED_BY`,`CREATION_DATE`,`LAST_UPDATED_BY`,`LAST_UPDATE_DATE`,`LAST_UPDATE_LOGIN`,`ATTRIBUTE_CATEGORY`,`ATTRIBUTE1`,`ATTRIBUTE2`,`ATTRIBUTE3`,`ATTRIBUTE4`,`ATTRIBUTE5`,`ATTRIBUTE6`,`ATTRIBUTE7`,`ATTRIBUTE8`,`ATTRIBUTE9`,`ATTRIBUTE10`,`ATTRIBUTE11`,`ATTRIBUTE12`,`ATTRIBUTE13`,`ATTRIBUTE14`,`ATTRIBUTE15`,`CUSTOM_SQL`,`QUERY_COLUMNS`) values (10001,'user_lov','','UserMapper.select','userId','userName','','400','400',NULL,'N','N','N','Y',1,-1,-1,-1,'2016-12-26 19:31:32',-1,'2016-12-26 19:31:32',-1,NULL,NULL,NULL,NULL,NULL,NULL,NULL,NULL,NULL,NULL,NULL,NULL,NULL,NULL,NULL,NULL,NULL,1),(10002,'ATTACH_SOURCE_TYPE','','AttachCategoryMapper.selectAllLeafCategory','sourceType','sourceType','attachcategory.sourcetype','450','200','attachcategory.sourcetype','N','N','N','Y',1,-1,-1,-1,'2016-12-26 19:31:32',-1,'2016-12-26 19:31:32',-1,NULL,NULL,NULL,NULL,NULL,NULL,NULL,NULL,NULL,NULL,NULL,NULL,NULL,NULL,NULL,NULL,NULL,1),(10003,'LOV_PARENTFUNCTION',NULL,'FunctionMapper.select','functionId','functionName','function.parentfunctionid','550','350','function.parentfunctionid','N','N','N','N',1,-1,-1,-1,'2016-12-26 19:31:32',-1,'2016-12-26 19:31:32',-1,NULL,NULL,NULL,NULL,NULL,NULL,NULL,NULL,NULL,NULL,NULL,NULL,NULL,NULL,NULL,NULL,NULL,1),(10004,'LOV_ROLE','','RoleMapper.select','roleId','roleName',NULL,'450','300',NULL,'N','N','N','Y',1,-1,-1,-1,'2016-12-26 19:31:32',-1,'2016-12-26 19:31:32',-1,NULL,NULL,NULL,NULL,NULL,NULL,NULL,NULL,NULL,NULL,NULL,NULL,NULL,NULL,NULL,NULL,NULL,1),(10005,'LOV_RESOURCE','','ResourceMapper.select','resourceId','name',NULL,'500','300',NULL,'N','N','N','Y',1,-1,-1,-1,'2016-12-26 19:31:32',-1,'2016-12-26 19:31:32',-1,NULL,NULL,NULL,NULL,NULL,NULL,NULL,NULL,NULL,NULL,NULL,NULL,NULL,NULL,NULL,NULL,NULL,1),(10006,'LOV_PARENTPOSITION','','PositionMapper.selectParentPositionName','positionId','name','position.parentpositionname','500','400','position.parentpositionname','N','N','N','Y',1,-1,-1,-1,'2016-12-26 19:31:32',-1,'2016-12-26 19:31:32',-1,NULL,NULL,NULL,NULL,NULL,NULL,NULL,NULL,NULL,NULL,NULL,NULL,NULL,NULL,NULL,NULL,NULL,1),(10007,'LOV_UNIT','','OrgUnitMapper.select','unitId','name','hrorgunit.parentname','500','400','hrorgunit.parentname','N','N','N','Y',1,-1,-1,-1,'2016-12-26 19:31:32',-1,'2016-12-26 19:31:32',-1,NULL,NULL,NULL,NULL,NULL,NULL,NULL,NULL,NULL,NULL,NULL,NULL,NULL,NULL,NULL,NULL,NULL,1),(10008,'LOV_POSITION','','PositionMapper.select','positionId','name','position.name','500','200','position.name','N','N','N','Y',1,-1,-1,-1,'2016-12-26 19:31:32',-1,'2016-12-26 19:31:32',-1,NULL,NULL,NULL,NULL,NULL,NULL,NULL,NULL,NULL,NULL,NULL,NULL,NULL,NULL,NULL,NULL,NULL,1),(10009,'LOV_COMPANY','','CompanyMapper.select','companyId','companyFullName',NULL,'500','200',NULL,'N','N','N','Y',5,-1,-1,-1,'2016-12-26 19:31:32',10001,'2017-01-09 12:55:01',10001,NULL,NULL,NULL,NULL,NULL,NULL,NULL,NULL,NULL,NULL,NULL,NULL,NULL,NULL,NULL,NULL,'',1),(10010,'MESSAGE_TEMPLATE','','MessageTemplateMapper.select','templateCode','templateCode',NULL,'500','200',NULL,'N','N','N','Y',1,-1,-1,-1,'2016-12-26 19:31:32',-1,'2016-12-26 19:31:32',-1,NULL,NULL,NULL,NULL,NULL,NULL,NULL,NULL,NULL,NULL,NULL,NULL,NULL,NULL,NULL,NULL,NULL,1),(10011,'MESSAGE_ACCOUNT','','MessageEmailAccountMapper.selectMessageEmailAccounts','accountCode','userName',NULL,'500','200',NULL,'N','N','N','Y',1,-1,-1,-1,'2016-12-26 19:31:32',-1,'2016-12-26 19:31:32',-1,NULL,NULL,NULL,NULL,NULL,NULL,NULL,NULL,NULL,NULL,NULL,NULL,NULL,NULL,NULL,NULL,NULL,1),(10012,'LOV_SALE_COMPANY','','HapOrgCompanysMapper.select','companyId','companyName','','500','200',NULL,'N','N','N','Y',6,-1,-1,10001,'2017-01-09 14:05:00',10001,'2017-01-09 14:09:33',10001,NULL,NULL,NULL,NULL,NULL,NULL,NULL,NULL,NULL,NULL,NULL,NULL,NULL,NULL,NULL,NULL,'',1),(10013,'LOV_SALE_CUSTOMER','','HapArCustomersMapper.select','customerId','customerName','','500','200',NULL,'N','N','N','Y',8,-1,-1,10001,'2017-01-09 16:39:54',10001,'2017-01-10 13:55:26',10001,NULL,NULL,NULL,NULL,NULL,NULL,NULL,NULL,NULL,NULL,NULL,NULL,NULL,NULL,NULL,NULL,'',1),(10014,'LOV_SALE_INVENTORY_ITEMS','','HapInvInventoryItemsMapper.select','inventoryItemId','itemDescription','','500','200',NULL,'N','N','N','Y',5,-1,-1,10001,'2017-01-09 16:45:52',10001,'2017-01-09 18:54:05',10001,NULL,NULL,NULL,NULL,NULL,NULL,NULL,NULL,NULL,NULL,NULL,NULL,NULL,NULL,NULL,NULL,'',1),(10015,'LOV_SALE_INVENTORY_ITEMSCODE','','HapInvInventoryItemsMapper.select','itemCode','itemCode','','500','200',NULL,'N','N','N','Y',20,-1,-1,10001,'2017-01-13 11:25:11',10001,'2017-01-14 17:00:08',10001,NULL,NULL,NULL,NULL,NULL,NULL,NULL,NULL,NULL,NULL,NULL,NULL,NULL,NULL,NULL,NULL,'',1),(10016,'wewrw','rewr','',NULL,NULL,'ewrew',NULL,NULL,'ewrew','N','N','N','Y',2,-1,-1,10001,'2017-01-13 20:04:17',10001,'2017-01-13 20:04:19',10001,NULL,NULL,NULL,NULL,NULL,NULL,NULL,NULL,NULL,NULL,NULL,NULL,NULL,NULL,NULL,NULL,'rewrew',1),(10017,'4343','4324','ewqewqew.select',NULL,NULL,'343243',NULL,NULL,'4324','N','N','N','Y',2,-1,-1,10001,'2017-01-14 10:55:01',10001,'2017-01-14 10:55:04',10001,NULL,NULL,NULL,NULL,NULL,NULL,NULL,NULL,NULL,NULL,NULL,NULL,NULL,NULL,NULL,NULL,'',1);

/*Table structure for table `sys_lov_item` */

DROP TABLE IF EXISTS `sys_lov_item`;

CREATE TABLE `sys_lov_item` (
  `LOV_ITEM_ID` bigint(20) NOT NULL AUTO_INCREMENT,
  `LOV_ID` bigint(20) DEFAULT NULL COMMENT 'ID',
  `DISPLAY` varchar(255) DEFAULT NULL COMMENT '',
  `IS_AUTOCOMPLETE` varchar(1) DEFAULT 'N' COMMENT 'autocomplete',
  `CONDITION_FIELD` varchar(80) DEFAULT 'N' COMMENT ' ',
  `CONDITION_FIELD_WIDTH` decimal(20,0) DEFAULT NULL COMMENT '',
  `CONDITION_FIELD_TYPE` varchar(30) DEFAULT NULL COMMENT '',
  `CONDITION_FIELD_NAME` varchar(80) DEFAULT NULL COMMENT '',
  `CONDITION_FIELD_NEWLINE` varchar(1) DEFAULT NULL COMMENT '',
  `CONDITION_FIELD_SELECT_CODE` varchar(80) DEFAULT NULL COMMENT 'combobox',
  `CONDITION_FIELD_LOV_CODE` varchar(80) DEFAULT NULL COMMENT 'lovlov',
  `CONDITION_FIELD_SEQUENCE` decimal(20,0) DEFAULT NULL COMMENT '',
  `CONDITION_FIELD_SELECT_URL` varchar(255) DEFAULT NULL COMMENT 'comboboxURL',
  `CONDITION_FIELD_SELECT_VF` varchar(80) DEFAULT NULL COMMENT 'comboboxvalueField',
  `CONDITION_FIELD_SELECT_TF` varchar(80) DEFAULT NULL COMMENT 'comboboxtextField',
  `CONDITION_FIELD_TEXTFIELD` varchar(80) DEFAULT NULL COMMENT 'textField',
  `AUTOCOMPLETE_FIELD` varchar(1) DEFAULT 'Y' COMMENT 'autocomplete',
  `GRID_FIELD` varchar(1) DEFAULT 'Y' COMMENT '',
  `GRID_FIELD_NAME` varchar(80) DEFAULT NULL COMMENT '',
  `GRID_FIELD_SEQUENCE` decimal(20,0) DEFAULT '1' COMMENT '',
  `GRID_FIELD_WIDTH` decimal(20,0) DEFAULT NULL COMMENT '',
  `GRID_FIELD_ALIGN` varchar(10) DEFAULT 'center' COMMENT '',
  `OBJECT_VERSION_NUMBER` bigint(20) DEFAULT '1',
  `REQUEST_ID` bigint(20) DEFAULT '-1',
  `PROGRAM_ID` bigint(20) DEFAULT '-1',
  `CREATED_BY` bigint(20) DEFAULT '-1',
  `CREATION_DATE` datetime DEFAULT CURRENT_TIMESTAMP,
  `LAST_UPDATED_BY` bigint(20) DEFAULT '-1',
  `LAST_UPDATE_DATE` datetime DEFAULT CURRENT_TIMESTAMP,
  `LAST_UPDATE_LOGIN` bigint(20) DEFAULT '-1',
  `ATTRIBUTE_CATEGORY` varchar(30) DEFAULT NULL,
  `ATTRIBUTE1` varchar(240) DEFAULT NULL,
  `ATTRIBUTE2` varchar(240) DEFAULT NULL,
  `ATTRIBUTE3` varchar(240) DEFAULT NULL,
  `ATTRIBUTE4` varchar(240) DEFAULT NULL,
  `ATTRIBUTE5` varchar(240) DEFAULT NULL,
  `ATTRIBUTE6` varchar(240) DEFAULT NULL,
  `ATTRIBUTE7` varchar(240) DEFAULT NULL,
  `ATTRIBUTE8` varchar(240) DEFAULT NULL,
  `ATTRIBUTE9` varchar(240) DEFAULT NULL,
  `ATTRIBUTE10` varchar(240) DEFAULT NULL,
  `ATTRIBUTE11` varchar(240) DEFAULT NULL,
  `ATTRIBUTE12` varchar(240) DEFAULT NULL,
  `ATTRIBUTE13` varchar(240) DEFAULT NULL,
  `ATTRIBUTE14` varchar(240) DEFAULT NULL,
  `ATTRIBUTE15` varchar(240) DEFAULT NULL,
  PRIMARY KEY (`LOV_ITEM_ID`),
  KEY `SYS_LOV_ITEM_N1` (`LOV_ID`)
) ENGINE=InnoDB AUTO_INCREMENT=10036 DEFAULT CHARSET=utf8;

/*Data for the table `sys_lov_item` */

insert  into `sys_lov_item`(`LOV_ITEM_ID`,`LOV_ID`,`DISPLAY`,`IS_AUTOCOMPLETE`,`CONDITION_FIELD`,`CONDITION_FIELD_WIDTH`,`CONDITION_FIELD_TYPE`,`CONDITION_FIELD_NAME`,`CONDITION_FIELD_NEWLINE`,`CONDITION_FIELD_SELECT_CODE`,`CONDITION_FIELD_LOV_CODE`,`CONDITION_FIELD_SEQUENCE`,`CONDITION_FIELD_SELECT_URL`,`CONDITION_FIELD_SELECT_VF`,`CONDITION_FIELD_SELECT_TF`,`CONDITION_FIELD_TEXTFIELD`,`AUTOCOMPLETE_FIELD`,`GRID_FIELD`,`GRID_FIELD_NAME`,`GRID_FIELD_SEQUENCE`,`GRID_FIELD_WIDTH`,`GRID_FIELD_ALIGN`,`OBJECT_VERSION_NUMBER`,`REQUEST_ID`,`PROGRAM_ID`,`CREATED_BY`,`CREATION_DATE`,`LAST_UPDATED_BY`,`LAST_UPDATE_DATE`,`LAST_UPDATE_LOGIN`,`ATTRIBUTE_CATEGORY`,`ATTRIBUTE1`,`ATTRIBUTE2`,`ATTRIBUTE3`,`ATTRIBUTE4`,`ATTRIBUTE5`,`ATTRIBUTE6`,`ATTRIBUTE7`,`ATTRIBUTE8`,`ATTRIBUTE9`,`ATTRIBUTE10`,`ATTRIBUTE11`,`ATTRIBUTE12`,`ATTRIBUTE13`,`ATTRIBUTE14`,`ATTRIBUTE15`) values (10001,10001,'userName','Y','Y',NULL,NULL,NULL,'N',NULL,NULL,'1',NULL,NULL,NULL,NULL,'Y','Y','userName','10','100','center',1,-1,-1,-1,'2016-12-26 19:31:32',-1,'2016-12-26 19:31:32',-1,NULL,NULL,NULL,NULL,NULL,NULL,NULL,NULL,NULL,NULL,NULL,NULL,NULL,NULL,NULL,NULL),(10002,10002,'attachcategory.categoryname','N','Y',NULL,NULL,NULL,'N',NULL,NULL,'1',NULL,NULL,NULL,NULL,'Y','Y','categoryName','10','100','left',1,-1,-1,-1,'2016-12-26 19:31:32',-1,'2016-12-26 19:31:32',-1,NULL,NULL,NULL,NULL,NULL,NULL,NULL,NULL,NULL,NULL,NULL,NULL,NULL,NULL,NULL,NULL),(10003,10002,'attachcategory.sourcetype','N','Y',NULL,NULL,NULL,'N',NULL,NULL,'1',NULL,NULL,NULL,NULL,'Y','Y','sourceType','20','80','center',1,-1,-1,-1,'2016-12-26 19:31:32',-1,'2016-12-26 19:31:32',-1,NULL,NULL,NULL,NULL,NULL,NULL,NULL,NULL,NULL,NULL,NULL,NULL,NULL,NULL,NULL,NULL),(10004,10002,'attachcategory.categorypath','N','N',NULL,NULL,NULL,'N',NULL,NULL,'1',NULL,NULL,NULL,NULL,'Y','Y','categoryPath','30','200','left',1,-1,-1,-1,'2016-12-26 19:31:32',-1,'2016-12-26 19:31:32',-1,NULL,NULL,NULL,NULL,NULL,NULL,NULL,NULL,NULL,NULL,NULL,NULL,NULL,NULL,NULL,NULL),(10005,10003,'function.functionCode','N','Y',NULL,NULL,NULL,'N',NULL,NULL,'1',NULL,NULL,NULL,NULL,'Y','Y','functionCode','1','100','left',1,-1,-1,-1,'2016-12-26 19:31:32',-1,'2016-12-26 19:31:32',-1,NULL,NULL,NULL,NULL,NULL,NULL,NULL,NULL,NULL,NULL,NULL,NULL,NULL,NULL,NULL,NULL),(10006,10003,'function.functionName','N','Y',NULL,NULL,NULL,'N',NULL,NULL,'1',NULL,NULL,NULL,NULL,'Y','Y','functionName','1','120','center',1,-1,-1,-1,'2016-12-26 19:31:32',-1,'2016-12-26 19:31:32',-1,NULL,NULL,NULL,NULL,NULL,NULL,NULL,NULL,NULL,NULL,NULL,NULL,NULL,NULL,NULL,NULL),(10007,10004,'role.roleCode','N','Y',NULL,NULL,NULL,'N',NULL,NULL,'1',NULL,NULL,NULL,NULL,'Y','Y','roleCode','1','80','center',1,-1,-1,-1,'2016-12-26 19:31:32',-1,'2016-12-26 19:31:32',-1,NULL,NULL,NULL,NULL,NULL,NULL,NULL,NULL,NULL,NULL,NULL,NULL,NULL,NULL,NULL,NULL),(10008,10004,'role.roleName','N','Y',NULL,NULL,NULL,'N',NULL,NULL,'2',NULL,NULL,NULL,NULL,'Y','Y','roleName','2','120','center',1,-1,-1,-1,'2016-12-26 19:31:32',-1,'2016-12-26 19:31:32',-1,NULL,NULL,NULL,NULL,NULL,NULL,NULL,NULL,NULL,NULL,NULL,NULL,NULL,NULL,NULL,NULL),(10009,10004,'role.roleDescription','N','N',NULL,NULL,NULL,'N',NULL,NULL,'1',NULL,NULL,NULL,NULL,'Y','Y','roleDescription','3','200','center',1,-1,-1,-1,'2016-12-26 19:31:32',-1,'2016-12-26 19:31:32',-1,NULL,NULL,NULL,NULL,NULL,NULL,NULL,NULL,NULL,NULL,NULL,NULL,NULL,NULL,NULL,NULL),(10010,10005,'resource.name','N','Y',NULL,NULL,NULL,'N',NULL,NULL,'1',NULL,NULL,NULL,NULL,'Y','Y','name','1','160',NULL,1,-1,-1,-1,'2016-12-26 19:31:32',-1,'2016-12-26 19:31:32',-1,NULL,NULL,NULL,NULL,NULL,NULL,NULL,NULL,NULL,NULL,NULL,NULL,NULL,NULL,NULL,NULL),(10011,10005,'resource.url','N','Y',NULL,NULL,NULL,'N',NULL,NULL,'1',NULL,NULL,NULL,NULL,'Y','Y','url','2','220','center',1,-1,-1,-1,'2016-12-26 19:31:32',-1,'2016-12-26 19:31:32',-1,NULL,NULL,NULL,NULL,NULL,NULL,NULL,NULL,NULL,NULL,NULL,NULL,NULL,NULL,NULL,NULL),(10012,10006,'position.name','N','Y',NULL,NULL,NULL,'N',NULL,NULL,'2',NULL,NULL,NULL,NULL,'Y','Y','name','2','200','center',1,-1,-1,-1,'2016-12-26 19:31:32',-1,'2016-12-26 19:31:32',-1,NULL,NULL,NULL,NULL,NULL,NULL,NULL,NULL,NULL,NULL,NULL,NULL,NULL,NULL,NULL,NULL),(10013,10006,'position.description','N','Y',NULL,NULL,NULL,'N',NULL,NULL,'3',NULL,NULL,NULL,NULL,'Y','Y','description','3','200','center',1,-1,-1,-1,'2016-12-26 19:31:32',-1,'2016-12-26 19:31:32',-1,NULL,NULL,NULL,NULL,NULL,NULL,NULL,NULL,NULL,NULL,NULL,NULL,NULL,NULL,NULL,NULL),(10014,10007,'hrorgunit.name','N','Y',NULL,NULL,NULL,'N',NULL,NULL,'2',NULL,NULL,NULL,NULL,'Y','Y','name','2','200','center',1,-1,-1,-1,'2016-12-26 19:31:32',-1,'2016-12-26 19:31:32',-1,NULL,NULL,NULL,NULL,NULL,NULL,NULL,NULL,NULL,NULL,NULL,NULL,NULL,NULL,NULL,NULL),(10015,10007,'hrorgunit.description','N','Y',NULL,NULL,NULL,'N',NULL,NULL,'3',NULL,NULL,NULL,NULL,'Y','Y','description','3','200','center',1,-1,-1,-1,'2016-12-26 19:31:32',-1,'2016-12-26 19:31:32',-1,NULL,NULL,NULL,NULL,NULL,NULL,NULL,NULL,NULL,NULL,NULL,NULL,NULL,NULL,NULL,NULL),(10016,10008,'position.name','N','Y','200',NULL,NULL,'N',NULL,NULL,'1',NULL,NULL,NULL,NULL,'Y','Y','name','1','200','center',1,-1,-1,-1,'2016-12-26 19:31:32',-1,'2016-12-26 19:31:32',-1,NULL,NULL,NULL,NULL,NULL,NULL,NULL,NULL,NULL,NULL,NULL,NULL,NULL,NULL,NULL,NULL),(10017,10008,'position.positionCode','N','Y','200',NULL,NULL,'N',NULL,NULL,'1',NULL,NULL,NULL,NULL,'Y','Y','positionCode','2','200','center',1,-1,-1,-1,'2016-12-26 19:31:32',-1,'2016-12-26 19:31:32',-1,NULL,NULL,NULL,NULL,NULL,NULL,NULL,NULL,NULL,NULL,NULL,NULL,NULL,NULL,NULL,NULL),(10018,10009,'company.companycode','N','Y','200',NULL,NULL,'N',NULL,NULL,'1',NULL,NULL,NULL,NULL,'Y','Y','companyCode','1','200','center',1,-1,-1,-1,'2016-12-26 19:31:32',-1,'2016-12-26 19:31:32',-1,NULL,NULL,NULL,NULL,NULL,NULL,NULL,NULL,NULL,NULL,NULL,NULL,NULL,NULL,NULL,NULL),(10019,10009,'company.companyfullname','N','Y','200',NULL,NULL,'N',NULL,NULL,'1',NULL,NULL,NULL,NULL,'Y','Y','companyFullName','2','200','center',1,-1,-1,-1,'2016-12-26 19:31:32',-1,'2016-12-26 19:31:32',-1,NULL,NULL,NULL,NULL,NULL,NULL,NULL,NULL,NULL,NULL,NULL,NULL,NULL,NULL,NULL,NULL),(10020,10007,'hrorgunit.unitcode','N','Y','200',NULL,NULL,'N',NULL,NULL,'1',NULL,NULL,NULL,NULL,'Y','Y','unitCode','1','200','center',1,-1,-1,-1,'2016-12-26 19:31:32',-1,'2016-12-26 19:31:32',-1,NULL,NULL,NULL,NULL,NULL,NULL,NULL,NULL,NULL,NULL,NULL,NULL,NULL,NULL,NULL,NULL),(10021,10010,'messagetemplate.templatecode','N','Y','200',NULL,NULL,'N',NULL,NULL,'1',NULL,NULL,NULL,NULL,'Y','Y','templateCode','1','200','center',1,-1,-1,-1,'2016-12-26 19:31:32',-1,'2016-12-26 19:31:32',-1,NULL,NULL,NULL,NULL,NULL,NULL,NULL,NULL,NULL,NULL,NULL,NULL,NULL,NULL,NULL,NULL),(10022,10011,'messageemailconfig.accountcode','N','Y','200',NULL,NULL,'N',NULL,NULL,'1',NULL,NULL,NULL,NULL,'Y','Y','accountCode','1','200','center',1,-1,-1,-1,'2016-12-26 19:31:32',-1,'2016-12-26 19:31:32',-1,NULL,NULL,NULL,NULL,NULL,NULL,NULL,NULL,NULL,NULL,NULL,NULL,NULL,NULL,NULL,NULL),(10023,10011,'messageaccount.name','N','Y','200',NULL,NULL,'N',NULL,NULL,'1',NULL,NULL,NULL,NULL,'Y','Y','userName','2','200','center',1,-1,-1,-1,'2016-12-26 19:31:32',-1,'2016-12-26 19:31:32',-1,NULL,NULL,NULL,NULL,NULL,NULL,NULL,NULL,NULL,NULL,NULL,NULL,NULL,NULL,NULL,NULL),(10024,10010,'messagetemplate.name','N','Y','200',NULL,NULL,'N',NULL,NULL,'2',NULL,NULL,NULL,NULL,'Y','Y','description','2','200','center',1,-1,-1,-1,'2016-12-26 19:31:32',-1,'2016-12-26 19:31:32',-1,NULL,NULL,NULL,NULL,NULL,NULL,NULL,NULL,NULL,NULL,NULL,NULL,NULL,NULL,NULL,NULL),(10025,10012,'company.companyfullname','N','Y','200','','','N','','','1','','','','','Y','Y','companyName','2','200','center',2,-1,-1,10001,'2017-01-09 14:05:00',10001,'2017-01-09 14:06:12',10001,NULL,NULL,NULL,NULL,NULL,NULL,NULL,NULL,NULL,NULL,NULL,NULL,NULL,NULL,NULL,NULL),(10026,10012,'company.companycode','N','Y','200','','','N','','','1','','','','','Y','Y','companyId','1','200','center',2,-1,-1,10001,'2017-01-09 14:05:00',10001,'2017-01-09 14:06:12',10001,NULL,NULL,NULL,NULL,NULL,NULL,NULL,NULL,NULL,NULL,NULL,NULL,NULL,NULL,NULL,NULL),(10027,10013,'sale.customername','N','Y','200','','','N','','','1','','','','','Y','Y','customerName','2','200','center',2,-1,-1,10001,'2017-01-09 16:39:54',10001,'2017-01-09 16:39:56',10001,NULL,NULL,NULL,NULL,NULL,NULL,NULL,NULL,NULL,NULL,NULL,NULL,NULL,NULL,NULL,NULL),(10028,10013,'sale.customernumber','N','Y','200','','','N','','','1','','','','','Y','Y','customerId','1','200','center',7,-1,-1,10001,'2017-01-09 16:39:54',10001,'2017-01-10 13:55:26',10001,NULL,NULL,NULL,NULL,NULL,NULL,NULL,NULL,NULL,NULL,NULL,NULL,NULL,NULL,NULL,NULL),(10029,10014,'sale.item.itemdescription','N','Y','200','','','N','','','1','','','','','Y','Y','itemDescription','0','200','center',2,-1,-1,10001,'2017-01-09 16:45:52',10001,'2017-01-09 16:45:55',10001,NULL,NULL,NULL,NULL,NULL,NULL,NULL,NULL,NULL,NULL,NULL,NULL,NULL,NULL,NULL,NULL),(10030,10014,'sale.item.itemid','N','Y','200','','','N','','','1','','','','','Y','Y','inventoryItemId','0','200','center',4,-1,-1,10001,'2017-01-09 16:45:52',10001,'2017-01-09 18:54:05',10001,NULL,NULL,NULL,NULL,NULL,NULL,NULL,NULL,NULL,NULL,NULL,NULL,NULL,NULL,NULL,NULL),(10031,10015,'sale.item.uom','N','Y','100','','','N','','','1','','','','','Y','Y','itemUom','0','100','center',5,-1,-1,10001,'2017-01-13 11:25:11',10001,'2017-01-14 16:06:50',10001,NULL,NULL,NULL,NULL,NULL,NULL,NULL,NULL,NULL,NULL,NULL,NULL,NULL,NULL,NULL,NULL),(10033,10015,'sale.item.itemdescription','N','Y','200','','','N','','','1','','','','','Y','Y','itemDescription','0','200','center',3,-1,-1,10001,'2017-01-13 11:26:40',10001,'2017-01-14 16:06:50',10001,NULL,NULL,NULL,NULL,NULL,NULL,NULL,NULL,NULL,NULL,NULL,NULL,NULL,NULL,NULL,NULL),(10035,10015,'sale.item.itemcode','N','Y','200','','','N','','','1','','','','','Y','Y','itemCode','0','100','center',3,-1,-1,10001,'2017-01-13 16:59:41',10001,'2017-01-14 16:06:50',10001,NULL,NULL,NULL,NULL,NULL,NULL,NULL,NULL,NULL,NULL,NULL,NULL,NULL,NULL,NULL,NULL);

/*Table structure for table `sys_message` */

DROP TABLE IF EXISTS `sys_message`;

CREATE TABLE `sys_message` (
  `MESSAGE_ID` bigint(20) NOT NULL AUTO_INCREMENT,
  `MESSAGE_TYPE` varchar(10) DEFAULT NULL COMMENT ',email/sms',
  `MESSAGE_HOST` varchar(255) DEFAULT NULL COMMENT '',
  `MESSAGE_FROM` varchar(255) DEFAULT NULL COMMENT '',
  `SUBJECT` varchar(255) DEFAULT NULL COMMENT ' ',
  `CONTENT` longtext COMMENT '',
  `PRIORITY_LEVEL` varchar(25) DEFAULT NULL COMMENT '',
  `SEND_FLAG` varchar(1) DEFAULT 'N' COMMENT '',
  `MESSAGE_SOURCE` varchar(255) DEFAULT NULL COMMENT '',
  `OBJECT_VERSION_NUMBER` bigint(20) DEFAULT '1',
  `REQUEST_ID` bigint(20) DEFAULT '-1',
  `PROGRAM_ID` bigint(20) DEFAULT '-1',
  `CREATED_BY` bigint(20) DEFAULT '-1',
  `CREATION_DATE` datetime DEFAULT CURRENT_TIMESTAMP,
  `LAST_UPDATED_BY` bigint(20) DEFAULT '-1',
  `LAST_UPDATE_DATE` datetime DEFAULT CURRENT_TIMESTAMP,
  `LAST_UPDATE_LOGIN` bigint(20) DEFAULT '-1',
  `ATTRIBUTE_CATEGORY` varchar(30) DEFAULT NULL,
  `ATTRIBUTE1` varchar(240) DEFAULT NULL,
  `ATTRIBUTE2` varchar(240) DEFAULT NULL,
  `ATTRIBUTE3` varchar(240) DEFAULT NULL,
  `ATTRIBUTE4` varchar(240) DEFAULT NULL,
  `ATTRIBUTE5` varchar(240) DEFAULT NULL,
  `ATTRIBUTE6` varchar(240) DEFAULT NULL,
  `ATTRIBUTE7` varchar(240) DEFAULT NULL,
  `ATTRIBUTE8` varchar(240) DEFAULT NULL,
  `ATTRIBUTE9` varchar(240) DEFAULT NULL,
  `ATTRIBUTE10` varchar(240) DEFAULT NULL,
  `ATTRIBUTE11` varchar(240) DEFAULT NULL,
  `ATTRIBUTE12` varchar(240) DEFAULT NULL,
  `ATTRIBUTE13` varchar(240) DEFAULT NULL,
  `ATTRIBUTE14` varchar(240) DEFAULT NULL,
  `ATTRIBUTE15` varchar(240) DEFAULT NULL,
  PRIMARY KEY (`MESSAGE_ID`),
  KEY `SYS_MESSAGE_N1` (`MESSAGE_TYPE`)
) ENGINE=InnoDB DEFAULT CHARSET=utf8;

/*Data for the table `sys_message` */

/*Table structure for table `sys_message_account` */

DROP TABLE IF EXISTS `sys_message_account`;

CREATE TABLE `sys_message_account` (
  `ACCOUNT_ID` bigint(20) NOT NULL AUTO_INCREMENT,
  `ACCOUNT_TYPE` varchar(50) DEFAULT NULL COMMENT '',
  `ACCOUNT_CODE` varchar(50) DEFAULT NULL COMMENT '',
  `USER_NAME` varchar(240) DEFAULT NULL COMMENT '',
  `PASSWORD` varchar(240) DEFAULT NULL COMMENT ' ',
  `DESCRIPTION` varchar(240) DEFAULT NULL COMMENT '',
  `OBJECT_VERSION_NUMBER` bigint(20) DEFAULT '1',
  `REQUEST_ID` bigint(20) DEFAULT '-1',
  `PROGRAM_ID` bigint(20) DEFAULT '-1',
  `CREATED_BY` bigint(20) DEFAULT '-1',
  `CREATION_DATE` datetime DEFAULT CURRENT_TIMESTAMP,
  `LAST_UPDATED_BY` bigint(20) DEFAULT '-1',
  `LAST_UPDATE_DATE` datetime DEFAULT CURRENT_TIMESTAMP,
  `LAST_UPDATE_LOGIN` bigint(20) DEFAULT '-1',
  `ATTRIBUTE_CATEGORY` varchar(30) DEFAULT NULL,
  `ATTRIBUTE1` varchar(240) DEFAULT NULL,
  `ATTRIBUTE2` varchar(240) DEFAULT NULL,
  `ATTRIBUTE3` varchar(240) DEFAULT NULL,
  `ATTRIBUTE4` varchar(240) DEFAULT NULL,
  `ATTRIBUTE5` varchar(240) DEFAULT NULL,
  `ATTRIBUTE6` varchar(240) DEFAULT NULL,
  `ATTRIBUTE7` varchar(240) DEFAULT NULL,
  `ATTRIBUTE8` varchar(240) DEFAULT NULL,
  `ATTRIBUTE9` varchar(240) DEFAULT NULL,
  `ATTRIBUTE10` varchar(240) DEFAULT NULL,
  `ATTRIBUTE11` varchar(240) DEFAULT NULL,
  `ATTRIBUTE12` varchar(240) DEFAULT NULL,
  `ATTRIBUTE13` varchar(240) DEFAULT NULL,
  `ATTRIBUTE14` varchar(240) DEFAULT NULL,
  `ATTRIBUTE15` varchar(240) DEFAULT NULL,
  PRIMARY KEY (`ACCOUNT_ID`)
) ENGINE=InnoDB DEFAULT CHARSET=utf8;

/*Data for the table `sys_message_account` */

/*Table structure for table `sys_message_attachment` */

DROP TABLE IF EXISTS `sys_message_attachment`;

CREATE TABLE `sys_message_attachment` (
  `ATTACHMENT_ID` bigint(20) NOT NULL AUTO_INCREMENT,
  `MESSAGE_ID` bigint(20) DEFAULT NULL COMMENT 'id',
  `FILE_ID` bigint(20) DEFAULT NULL COMMENT 'id',
  `OBJECT_VERSION_NUMBER` bigint(20) DEFAULT '1',
  `REQUEST_ID` bigint(20) DEFAULT '-1',
  `PROGRAM_ID` bigint(20) DEFAULT '-1',
  `CREATED_BY` bigint(20) DEFAULT '-1',
  `CREATION_DATE` datetime DEFAULT CURRENT_TIMESTAMP,
  `LAST_UPDATED_BY` bigint(20) DEFAULT '-1',
  `LAST_UPDATE_DATE` datetime DEFAULT CURRENT_TIMESTAMP,
  `LAST_UPDATE_LOGIN` bigint(20) DEFAULT '-1',
  `ATTRIBUTE_CATEGORY` varchar(30) DEFAULT NULL,
  `ATTRIBUTE1` varchar(240) DEFAULT NULL,
  `ATTRIBUTE2` varchar(240) DEFAULT NULL,
  `ATTRIBUTE3` varchar(240) DEFAULT NULL,
  `ATTRIBUTE4` varchar(240) DEFAULT NULL,
  `ATTRIBUTE5` varchar(240) DEFAULT NULL,
  `ATTRIBUTE6` varchar(240) DEFAULT NULL,
  `ATTRIBUTE7` varchar(240) DEFAULT NULL,
  `ATTRIBUTE8` varchar(240) DEFAULT NULL,
  `ATTRIBUTE9` varchar(240) DEFAULT NULL,
  `ATTRIBUTE10` varchar(240) DEFAULT NULL,
  `ATTRIBUTE11` varchar(240) DEFAULT NULL,
  `ATTRIBUTE12` varchar(240) DEFAULT NULL,
  `ATTRIBUTE13` varchar(240) DEFAULT NULL,
  `ATTRIBUTE14` varchar(240) DEFAULT NULL,
  `ATTRIBUTE15` varchar(240) DEFAULT NULL,
  PRIMARY KEY (`ATTACHMENT_ID`),
  KEY `SYS_MESSAGE_ATTACHMENT_N1` (`FILE_ID`),
  KEY `SYS_MESSAGE_ATTACHMENT_N2` (`MESSAGE_ID`)
) ENGINE=InnoDB DEFAULT CHARSET=utf8;

/*Data for the table `sys_message_attachment` */

/*Table structure for table `sys_message_email_account` */

DROP TABLE IF EXISTS `sys_message_email_account`;

CREATE TABLE `sys_message_email_account` (
  `ACCOUNT_ID` bigint(20) NOT NULL AUTO_INCREMENT,
  `ACCOUNT_CODE` varchar(50) NOT NULL,
  `CONFIG_ID` bigint(20) DEFAULT NULL,
  `USER_NAME` varchar(240) DEFAULT NULL,
  `PASSWORD` varchar(240) DEFAULT NULL,
  `DESCRIPTION` varchar(240) DEFAULT NULL,
  `OBJECT_VERSION_NUMBER` bigint(20) DEFAULT '1',
  `REQUEST_ID` bigint(20) DEFAULT '-1',
  `PROGRAM_ID` bigint(20) DEFAULT '-1',
  `CREATED_BY` bigint(20) DEFAULT '-1',
  `CREATION_DATE` datetime DEFAULT CURRENT_TIMESTAMP,
  `LAST_UPDATED_BY` bigint(20) DEFAULT '-1',
  `LAST_UPDATE_DATE` datetime DEFAULT CURRENT_TIMESTAMP,
  `LAST_UPDATE_LOGIN` bigint(20) DEFAULT '-1',
  `ATTRIBUTE_CATEGORY` varchar(30) DEFAULT NULL,
  `ATTRIBUTE1` varchar(240) DEFAULT NULL,
  `ATTRIBUTE2` varchar(240) DEFAULT NULL,
  `ATTRIBUTE3` varchar(240) DEFAULT NULL,
  `ATTRIBUTE4` varchar(240) DEFAULT NULL,
  `ATTRIBUTE5` varchar(240) DEFAULT NULL,
  `ATTRIBUTE6` varchar(240) DEFAULT NULL,
  `ATTRIBUTE7` varchar(240) DEFAULT NULL,
  `ATTRIBUTE8` varchar(240) DEFAULT NULL,
  `ATTRIBUTE9` varchar(240) DEFAULT NULL,
  `ATTRIBUTE10` varchar(240) DEFAULT NULL,
  `ATTRIBUTE11` varchar(240) DEFAULT NULL,
  `ATTRIBUTE12` varchar(240) DEFAULT NULL,
  `ATTRIBUTE13` varchar(240) DEFAULT NULL,
  `ATTRIBUTE14` varchar(240) DEFAULT NULL,
  `ATTRIBUTE15` varchar(240) DEFAULT NULL,
  PRIMARY KEY (`ACCOUNT_ID`),
  UNIQUE KEY `SYS_MESSAGE_EMAIL_ACCOUNT_U1` (`ACCOUNT_CODE`)
) ENGINE=InnoDB AUTO_INCREMENT=2 DEFAULT CHARSET=utf8;

/*Data for the table `sys_message_email_account` */

insert  into `sys_message_email_account`(`ACCOUNT_ID`,`ACCOUNT_CODE`,`CONFIG_ID`,`USER_NAME`,`PASSWORD`,`DESCRIPTION`,`OBJECT_VERSION_NUMBER`,`REQUEST_ID`,`PROGRAM_ID`,`CREATED_BY`,`CREATION_DATE`,`LAST_UPDATED_BY`,`LAST_UPDATE_DATE`,`LAST_UPDATE_LOGIN`,`ATTRIBUTE_CATEGORY`,`ATTRIBUTE1`,`ATTRIBUTE2`,`ATTRIBUTE3`,`ATTRIBUTE4`,`ATTRIBUTE5`,`ATTRIBUTE6`,`ATTRIBUTE7`,`ATTRIBUTE8`,`ATTRIBUTE9`,`ATTRIBUTE10`,`ATTRIBUTE11`,`ATTRIBUTE12`,`ATTRIBUTE13`,`ATTRIBUTE14`,`ATTRIBUTE15`) values (1,'TEST',5,'hap_dev@126.com',NULL,NULL,1,-1,-1,-1,'2016-12-26 19:31:23',-1,'2016-12-26 19:31:23',-1,NULL,NULL,NULL,NULL,NULL,NULL,NULL,NULL,NULL,NULL,NULL,NULL,NULL,NULL,NULL,NULL);

/*Table structure for table `sys_message_email_config` */

DROP TABLE IF EXISTS `sys_message_email_config`;

CREATE TABLE `sys_message_email_config` (
  `CONFIG_ID` bigint(20) NOT NULL AUTO_INCREMENT,
  `CONFIG_CODE` varchar(50) NOT NULL COMMENT '',
  `HOST` varchar(50) DEFAULT NULL COMMENT '',
  `PORT` varchar(10) DEFAULT NULL COMMENT '',
  `TRY_TIMES` decimal(20,0) DEFAULT '3' COMMENT '',
  `DESCRIPTION` varchar(20) DEFAULT NULL COMMENT '',
  `USE_WHITE_LIST` varchar(1) DEFAULT 'N' COMMENT '',
  `USER_NAME` varchar(240) DEFAULT NULL COMMENT '',
  `PASSWORD` varchar(240) DEFAULT NULL COMMENT '',
  `ENABLE` varchar(1) DEFAULT 'N',
  `OBJECT_VERSION_NUMBER` bigint(20) DEFAULT '1',
  `REQUEST_ID` bigint(20) DEFAULT '-1',
  `PROGRAM_ID` bigint(20) DEFAULT '-1',
  `CREATED_BY` bigint(20) DEFAULT '-1',
  `CREATION_DATE` datetime DEFAULT CURRENT_TIMESTAMP,
  `LAST_UPDATED_BY` bigint(20) DEFAULT '-1',
  `LAST_UPDATE_DATE` datetime DEFAULT CURRENT_TIMESTAMP,
  `LAST_UPDATE_LOGIN` bigint(20) DEFAULT '-1',
  `ATTRIBUTE_CATEGORY` varchar(30) DEFAULT NULL,
  `ATTRIBUTE1` varchar(240) DEFAULT NULL,
  `ATTRIBUTE2` varchar(240) DEFAULT NULL,
  `ATTRIBUTE3` varchar(240) DEFAULT NULL,
  `ATTRIBUTE4` varchar(240) DEFAULT NULL,
  `ATTRIBUTE5` varchar(240) DEFAULT NULL,
  `ATTRIBUTE6` varchar(240) DEFAULT NULL,
  `ATTRIBUTE7` varchar(240) DEFAULT NULL,
  `ATTRIBUTE8` varchar(240) DEFAULT NULL,
  `ATTRIBUTE9` varchar(240) DEFAULT NULL,
  `ATTRIBUTE10` varchar(240) DEFAULT NULL,
  `ATTRIBUTE11` varchar(240) DEFAULT NULL,
  `ATTRIBUTE12` varchar(240) DEFAULT NULL,
  `ATTRIBUTE13` varchar(240) DEFAULT NULL,
  `ATTRIBUTE14` varchar(240) DEFAULT NULL,
  `ATTRIBUTE15` varchar(240) DEFAULT NULL,
  PRIMARY KEY (`CONFIG_ID`),
  UNIQUE KEY `SYS_MESSAGE_EMAIL_CONFIG_U1` (`CONFIG_CODE`)
) ENGINE=InnoDB AUTO_INCREMENT=6 DEFAULT CHARSET=utf8;

/*Data for the table `sys_message_email_config` */

insert  into `sys_message_email_config`(`CONFIG_ID`,`CONFIG_CODE`,`HOST`,`PORT`,`TRY_TIMES`,`DESCRIPTION`,`USE_WHITE_LIST`,`USER_NAME`,`PASSWORD`,`ENABLE`,`OBJECT_VERSION_NUMBER`,`REQUEST_ID`,`PROGRAM_ID`,`CREATED_BY`,`CREATION_DATE`,`LAST_UPDATED_BY`,`LAST_UPDATE_DATE`,`LAST_UPDATE_LOGIN`,`ATTRIBUTE_CATEGORY`,`ATTRIBUTE1`,`ATTRIBUTE2`,`ATTRIBUTE3`,`ATTRIBUTE4`,`ATTRIBUTE5`,`ATTRIBUTE6`,`ATTRIBUTE7`,`ATTRIBUTE8`,`ATTRIBUTE9`,`ATTRIBUTE10`,`ATTRIBUTE11`,`ATTRIBUTE12`,`ATTRIBUTE13`,`ATTRIBUTE14`,`ATTRIBUTE15`) values (5,'TEST126','smtp.126.com','25','1','hap_dev on 126','N','hap_dev','hapdev11',NULL,1,-1,-1,-1,'2016-12-26 19:31:22',-1,'2016-12-26 19:31:22',-1,NULL,NULL,NULL,NULL,NULL,NULL,NULL,NULL,NULL,NULL,NULL,NULL,NULL,NULL,NULL,NULL);

/*Table structure for table `sys_message_email_white_lt` */

DROP TABLE IF EXISTS `sys_message_email_white_lt`;

CREATE TABLE `sys_message_email_white_lt` (
  `ID` bigint(20) NOT NULL AUTO_INCREMENT,
  `ADDRESS` varchar(240) DEFAULT NULL COMMENT '',
  `CONFIG_ID` bigint(20) DEFAULT NULL COMMENT 'id',
  `DESCRIPTION` varchar(240) DEFAULT NULL COMMENT '',
  `OBJECT_VERSION_NUMBER` bigint(20) DEFAULT '1',
  `REQUEST_ID` bigint(20) DEFAULT '-1',
  `PROGRAM_ID` bigint(20) DEFAULT '-1',
  `CREATED_BY` bigint(20) DEFAULT '-1',
  `CREATION_DATE` datetime DEFAULT CURRENT_TIMESTAMP,
  `LAST_UPDATED_BY` bigint(20) DEFAULT '-1',
  `LAST_UPDATE_DATE` datetime DEFAULT CURRENT_TIMESTAMP,
  `LAST_UPDATE_LOGIN` bigint(20) DEFAULT '-1',
  `ATTRIBUTE_CATEGORY` varchar(30) DEFAULT NULL,
  `ATTRIBUTE1` varchar(240) DEFAULT NULL,
  `ATTRIBUTE2` varchar(240) DEFAULT NULL,
  `ATTRIBUTE3` varchar(240) DEFAULT NULL,
  `ATTRIBUTE4` varchar(240) DEFAULT NULL,
  `ATTRIBUTE5` varchar(240) DEFAULT NULL,
  `ATTRIBUTE6` varchar(240) DEFAULT NULL,
  `ATTRIBUTE7` varchar(240) DEFAULT NULL,
  `ATTRIBUTE8` varchar(240) DEFAULT NULL,
  `ATTRIBUTE9` varchar(240) DEFAULT NULL,
  `ATTRIBUTE10` varchar(240) DEFAULT NULL,
  `ATTRIBUTE11` varchar(240) DEFAULT NULL,
  `ATTRIBUTE12` varchar(240) DEFAULT NULL,
  `ATTRIBUTE13` varchar(240) DEFAULT NULL,
  `ATTRIBUTE14` varchar(240) DEFAULT NULL,
  `ATTRIBUTE15` varchar(240) DEFAULT NULL,
  PRIMARY KEY (`ID`)
) ENGINE=InnoDB DEFAULT CHARSET=utf8;

/*Data for the table `sys_message_email_white_lt` */

/*Table structure for table `sys_message_receiver` */

DROP TABLE IF EXISTS `sys_message_receiver`;

CREATE TABLE `sys_message_receiver` (
  `RECEIVER_ID` bigint(20) NOT NULL AUTO_INCREMENT,
  `MESSAGE_ID` bigint(20) DEFAULT NULL COMMENT 'id',
  `MESSAGE_TYPE` varchar(25) DEFAULT NULL COMMENT ',/',
  `MESSAGE_ADDRESS` varchar(255) DEFAULT NULL COMMENT ',/',
  `OBJECT_VERSION_NUMBER` bigint(20) DEFAULT '1',
  `REQUEST_ID` bigint(20) DEFAULT '-1',
  `PROGRAM_ID` bigint(20) DEFAULT '-1',
  `CREATED_BY` bigint(20) DEFAULT '-1',
  `CREATION_DATE` datetime DEFAULT CURRENT_TIMESTAMP,
  `LAST_UPDATED_BY` bigint(20) DEFAULT '-1',
  `LAST_UPDATE_DATE` datetime DEFAULT CURRENT_TIMESTAMP,
  `LAST_UPDATE_LOGIN` bigint(20) DEFAULT '-1',
  `ATTRIBUTE_CATEGORY` varchar(30) DEFAULT NULL,
  `ATTRIBUTE1` varchar(240) DEFAULT NULL,
  `ATTRIBUTE2` varchar(240) DEFAULT NULL,
  `ATTRIBUTE3` varchar(240) DEFAULT NULL,
  `ATTRIBUTE4` varchar(240) DEFAULT NULL,
  `ATTRIBUTE5` varchar(240) DEFAULT NULL,
  `ATTRIBUTE6` varchar(240) DEFAULT NULL,
  `ATTRIBUTE7` varchar(240) DEFAULT NULL,
  `ATTRIBUTE8` varchar(240) DEFAULT NULL,
  `ATTRIBUTE9` varchar(240) DEFAULT NULL,
  `ATTRIBUTE10` varchar(240) DEFAULT NULL,
  `ATTRIBUTE11` varchar(240) DEFAULT NULL,
  `ATTRIBUTE12` varchar(240) DEFAULT NULL,
  `ATTRIBUTE13` varchar(240) DEFAULT NULL,
  `ATTRIBUTE14` varchar(240) DEFAULT NULL,
  `ATTRIBUTE15` varchar(240) DEFAULT NULL,
  PRIMARY KEY (`RECEIVER_ID`),
  KEY `SYS_MESSAGE_RECEIVER_N1` (`MESSAGE_ID`)
) ENGINE=InnoDB DEFAULT CHARSET=utf8;

/*Data for the table `sys_message_receiver` */

/*Table structure for table `sys_message_template` */

DROP TABLE IF EXISTS `sys_message_template`;

CREATE TABLE `sys_message_template` (
  `TEMPLATE_ID` bigint(20) NOT NULL AUTO_INCREMENT,
  `SUBJECT` longtext COMMENT '',
  `CONTENT` longtext COMMENT '',
  `ACCOUNT_ID` bigint(20) DEFAULT NULL COMMENT 'id',
  `TEMPLATE_CODE` varchar(50) NOT NULL COMMENT '',
  `TEMPLATE_TYPE` varchar(50) DEFAULT NULL COMMENT ',/SMS',
  `PRIORITY_LEVEL` varchar(50) DEFAULT NULL COMMENT '',
  `DESCRIPTION` varchar(240) DEFAULT NULL COMMENT '',
  `OBJECT_VERSION_NUMBER` bigint(20) DEFAULT '1',
  `REQUEST_ID` bigint(20) DEFAULT '-1',
  `PROGRAM_ID` bigint(20) DEFAULT '-1',
  `CREATED_BY` bigint(20) DEFAULT '-1',
  `CREATION_DATE` datetime DEFAULT CURRENT_TIMESTAMP,
  `LAST_UPDATED_BY` bigint(20) DEFAULT '-1',
  `LAST_UPDATE_DATE` datetime DEFAULT CURRENT_TIMESTAMP,
  `LAST_UPDATE_LOGIN` bigint(20) DEFAULT '-1',
  `ATTRIBUTE_CATEGORY` varchar(30) DEFAULT NULL,
  `ATTRIBUTE1` varchar(240) DEFAULT NULL,
  `ATTRIBUTE2` varchar(240) DEFAULT NULL,
  `ATTRIBUTE3` varchar(240) DEFAULT NULL,
  `ATTRIBUTE4` varchar(240) DEFAULT NULL,
  `ATTRIBUTE5` varchar(240) DEFAULT NULL,
  `ATTRIBUTE6` varchar(240) DEFAULT NULL,
  `ATTRIBUTE7` varchar(240) DEFAULT NULL,
  `ATTRIBUTE8` varchar(240) DEFAULT NULL,
  `ATTRIBUTE9` varchar(240) DEFAULT NULL,
  `ATTRIBUTE10` varchar(240) DEFAULT NULL,
  `ATTRIBUTE11` varchar(240) DEFAULT NULL,
  `ATTRIBUTE12` varchar(240) DEFAULT NULL,
  `ATTRIBUTE13` varchar(240) DEFAULT NULL,
  `ATTRIBUTE14` varchar(240) DEFAULT NULL,
  `ATTRIBUTE15` varchar(240) DEFAULT NULL,
  PRIMARY KEY (`TEMPLATE_ID`),
  UNIQUE KEY `SYS_MESSAGE_TEMPLATE_U1` (`TEMPLATE_CODE`)
) ENGINE=InnoDB AUTO_INCREMENT=2 DEFAULT CHARSET=utf8;

/*Data for the table `sys_message_template` */

insert  into `sys_message_template`(`TEMPLATE_ID`,`SUBJECT`,`CONTENT`,`ACCOUNT_ID`,`TEMPLATE_CODE`,`TEMPLATE_TYPE`,`PRIORITY_LEVEL`,`DESCRIPTION`,`OBJECT_VERSION_NUMBER`,`REQUEST_ID`,`PROGRAM_ID`,`CREATED_BY`,`CREATION_DATE`,`LAST_UPDATED_BY`,`LAST_UPDATE_DATE`,`LAST_UPDATE_LOGIN`,`ATTRIBUTE_CATEGORY`,`ATTRIBUTE1`,`ATTRIBUTE2`,`ATTRIBUTE3`,`ATTRIBUTE4`,`ATTRIBUTE5`,`ATTRIBUTE6`,`ATTRIBUTE7`,`ATTRIBUTE8`,`ATTRIBUTE9`,`ATTRIBUTE10`,`ATTRIBUTE11`,`ATTRIBUTE12`,`ATTRIBUTE13`,`ATTRIBUTE14`,`ATTRIBUTE15`) values (1,'THis is a test email','test mail send by hap',NULL,'TEST',NULL,'NORMAL','Test Template',1,-1,-1,-1,'2016-12-26 19:31:23',-1,'2016-12-26 19:31:23',-1,NULL,NULL,NULL,NULL,NULL,NULL,NULL,NULL,NULL,NULL,NULL,NULL,NULL,NULL,NULL,NULL);

/*Table structure for table `sys_message_transaction` */

DROP TABLE IF EXISTS `sys_message_transaction`;

CREATE TABLE `sys_message_transaction` (
  `TRANSACTION_ID` bigint(20) NOT NULL AUTO_INCREMENT,
  `MESSAGE_ID` bigint(20) DEFAULT NULL COMMENT 'id',
  `TRANSACTION_STATUS` varchar(25) DEFAULT NULL COMMENT '',
  `TRANSACTION_MESSAGE` longtext COMMENT '',
  `MESSAGE_ADDRESS` varchar(255) DEFAULT NULL COMMENT ',///',
  `OBJECT_VERSION_NUMBER` bigint(20) DEFAULT '1',
  `REQUEST_ID` bigint(20) DEFAULT '-1',
  `PROGRAM_ID` bigint(20) DEFAULT '-1',
  `CREATED_BY` bigint(20) DEFAULT '-1',
  `CREATION_DATE` datetime DEFAULT CURRENT_TIMESTAMP,
  `LAST_UPDATED_BY` bigint(20) DEFAULT '-1',
  `LAST_UPDATE_DATE` datetime DEFAULT CURRENT_TIMESTAMP,
  `LAST_UPDATE_LOGIN` bigint(20) DEFAULT '-1',
  `ATTRIBUTE_CATEGORY` varchar(30) DEFAULT NULL,
  `ATTRIBUTE1` varchar(240) DEFAULT NULL,
  `ATTRIBUTE2` varchar(240) DEFAULT NULL,
  `ATTRIBUTE3` varchar(240) DEFAULT NULL,
  `ATTRIBUTE4` varchar(240) DEFAULT NULL,
  `ATTRIBUTE5` varchar(240) DEFAULT NULL,
  `ATTRIBUTE6` varchar(240) DEFAULT NULL,
  `ATTRIBUTE7` varchar(240) DEFAULT NULL,
  `ATTRIBUTE8` varchar(240) DEFAULT NULL,
  `ATTRIBUTE9` varchar(240) DEFAULT NULL,
  `ATTRIBUTE10` varchar(240) DEFAULT NULL,
  `ATTRIBUTE11` varchar(240) DEFAULT NULL,
  `ATTRIBUTE12` varchar(240) DEFAULT NULL,
  `ATTRIBUTE13` varchar(240) DEFAULT NULL,
  `ATTRIBUTE14` varchar(240) DEFAULT NULL,
  `ATTRIBUTE15` varchar(240) DEFAULT NULL,
  PRIMARY KEY (`TRANSACTION_ID`),
  KEY `SYS_MESSAGE_TRANSACTION_N1` (`MESSAGE_ID`),
  KEY `SYS_MESSAGE_TRANSACTION_N2` (`TRANSACTION_STATUS`)
) ENGINE=InnoDB DEFAULT CHARSET=utf8;

/*Data for the table `sys_message_transaction` */

/*Table structure for table `sys_preferences` */

DROP TABLE IF EXISTS `sys_preferences`;

CREATE TABLE `sys_preferences` (
  `PREFERENCES_ID` bigint(20) NOT NULL AUTO_INCREMENT,
  `PREFERENCES` varchar(30) DEFAULT NULL COMMENT '',
  `PREFERENCES_VALUE` varchar(80) DEFAULT NULL COMMENT '',
  `USER_ID` bigint(20) DEFAULT NULL COMMENT 'ID',
  `OBJECT_VERSION_NUMBER` bigint(20) DEFAULT '1',
  `REQUEST_ID` bigint(20) DEFAULT '-1',
  `PROGRAM_ID` bigint(20) DEFAULT '-1',
  `CREATED_BY` bigint(20) DEFAULT '-1',
  `CREATION_DATE` datetime DEFAULT CURRENT_TIMESTAMP,
  `LAST_UPDATED_BY` bigint(20) DEFAULT '-1',
  `LAST_UPDATE_DATE` datetime DEFAULT CURRENT_TIMESTAMP,
  `LAST_UPDATE_LOGIN` bigint(20) DEFAULT '-1',
  `ATTRIBUTE_CATEGORY` varchar(30) DEFAULT NULL,
  `ATTRIBUTE1` varchar(240) DEFAULT NULL,
  `ATTRIBUTE2` varchar(240) DEFAULT NULL,
  `ATTRIBUTE3` varchar(240) DEFAULT NULL,
  `ATTRIBUTE4` varchar(240) DEFAULT NULL,
  `ATTRIBUTE5` varchar(240) DEFAULT NULL,
  `ATTRIBUTE6` varchar(240) DEFAULT NULL,
  `ATTRIBUTE7` varchar(240) DEFAULT NULL,
  `ATTRIBUTE8` varchar(240) DEFAULT NULL,
  `ATTRIBUTE9` varchar(240) DEFAULT NULL,
  `ATTRIBUTE10` varchar(240) DEFAULT NULL,
  `ATTRIBUTE11` varchar(240) DEFAULT NULL,
  `ATTRIBUTE12` varchar(240) DEFAULT NULL,
  `ATTRIBUTE13` varchar(240) DEFAULT NULL,
  `ATTRIBUTE14` varchar(240) DEFAULT NULL,
  `ATTRIBUTE15` varchar(240) DEFAULT NULL,
  PRIMARY KEY (`PREFERENCES_ID`),
  UNIQUE KEY `SYS_PREFERENCES_U1` (`PREFERENCES`,`USER_ID`)
) ENGINE=InnoDB DEFAULT CHARSET=utf8;

/*Data for the table `sys_preferences` */

/*Table structure for table `sys_profile` */

DROP TABLE IF EXISTS `sys_profile`;

CREATE TABLE `sys_profile` (
  `PROFILE_ID` bigint(20) NOT NULL AUTO_INCREMENT,
  `PROFILE_NAME` varchar(40) NOT NULL COMMENT '',
  `DESCRIPTION` varchar(240) DEFAULT NULL COMMENT '',
  `OBJECT_VERSION_NUMBER` bigint(20) DEFAULT '1',
  `REQUEST_ID` bigint(20) DEFAULT '-1',
  `PROGRAM_ID` bigint(20) DEFAULT '-1',
  `CREATED_BY` bigint(20) DEFAULT '-1',
  `CREATION_DATE` datetime DEFAULT CURRENT_TIMESTAMP,
  `LAST_UPDATED_BY` bigint(20) DEFAULT '-1',
  `LAST_UPDATE_DATE` datetime DEFAULT CURRENT_TIMESTAMP,
  `LAST_UPDATE_LOGIN` bigint(20) DEFAULT '-1',
  `ATTRIBUTE_CATEGORY` varchar(30) DEFAULT NULL,
  `ATTRIBUTE1` varchar(240) DEFAULT NULL,
  `ATTRIBUTE2` varchar(240) DEFAULT NULL,
  `ATTRIBUTE3` varchar(240) DEFAULT NULL,
  `ATTRIBUTE4` varchar(240) DEFAULT NULL,
  `ATTRIBUTE5` varchar(240) DEFAULT NULL,
  `ATTRIBUTE6` varchar(240) DEFAULT NULL,
  `ATTRIBUTE7` varchar(240) DEFAULT NULL,
  `ATTRIBUTE8` varchar(240) DEFAULT NULL,
  `ATTRIBUTE9` varchar(240) DEFAULT NULL,
  `ATTRIBUTE10` varchar(240) DEFAULT NULL,
  `ATTRIBUTE11` varchar(240) DEFAULT NULL,
  `ATTRIBUTE12` varchar(240) DEFAULT NULL,
  `ATTRIBUTE13` varchar(240) DEFAULT NULL,
  `ATTRIBUTE14` varchar(240) DEFAULT NULL,
  `ATTRIBUTE15` varchar(240) DEFAULT NULL,
  PRIMARY KEY (`PROFILE_ID`),
  UNIQUE KEY `SYS_PROFILE_U1` (`PROFILE_NAME`)
) ENGINE=InnoDB AUTO_INCREMENT=3 DEFAULT CHARSET=utf8;

/*Data for the table `sys_profile` */

insert  into `sys_profile`(`PROFILE_ID`,`PROFILE_NAME`,`DESCRIPTION`,`OBJECT_VERSION_NUMBER`,`REQUEST_ID`,`PROGRAM_ID`,`CREATED_BY`,`CREATION_DATE`,`LAST_UPDATED_BY`,`LAST_UPDATE_DATE`,`LAST_UPDATE_LOGIN`,`ATTRIBUTE_CATEGORY`,`ATTRIBUTE1`,`ATTRIBUTE2`,`ATTRIBUTE3`,`ATTRIBUTE4`,`ATTRIBUTE5`,`ATTRIBUTE6`,`ATTRIBUTE7`,`ATTRIBUTE8`,`ATTRIBUTE9`,`ATTRIBUTE10`,`ATTRIBUTE11`,`ATTRIBUTE12`,`ATTRIBUTE13`,`ATTRIBUTE14`,`ATTRIBUTE15`) values (1,'HAP_OM_ORDER_SUBMIT_CTL','',1,-1,-1,10001,'2017-01-14 23:44:58',10001,'2017-01-14 23:44:58',10001,NULL,NULL,NULL,NULL,NULL,NULL,NULL,NULL,NULL,NULL,NULL,NULL,NULL,NULL,NULL,NULL),(2,'HAP_ OM_ORDER_APPROVE_CTL','',1,-1,-1,10001,'2017-01-14 23:46:30',10001,'2017-01-14 23:46:30',10001,NULL,NULL,NULL,NULL,NULL,NULL,NULL,NULL,NULL,NULL,NULL,NULL,NULL,NULL,NULL,NULL);

/*Table structure for table `sys_profile_value` */

DROP TABLE IF EXISTS `sys_profile_value`;

CREATE TABLE `sys_profile_value` (
  `PROFILE_VALUE_ID` bigint(20) NOT NULL AUTO_INCREMENT,
  `PROFILE_ID` varchar(32) DEFAULT NULL COMMENT 'ID',
  `LEVEL_ID` varchar(32) DEFAULT NULL COMMENT 'ID',
  `LEVEL_VALUE` varchar(40) DEFAULT NULL COMMENT '',
  `PROFILE_VALUE` varchar(80) DEFAULT NULL COMMENT '',
  `OBJECT_VERSION_NUMBER` bigint(20) DEFAULT '1',
  `REQUEST_ID` bigint(20) DEFAULT '-1',
  `PROGRAM_ID` bigint(20) DEFAULT '-1',
  `CREATED_BY` bigint(20) DEFAULT '-1',
  `CREATION_DATE` datetime DEFAULT CURRENT_TIMESTAMP,
  `LAST_UPDATED_BY` bigint(20) DEFAULT '-1',
  `LAST_UPDATE_DATE` datetime DEFAULT CURRENT_TIMESTAMP,
  `LAST_UPDATE_LOGIN` bigint(20) DEFAULT '-1',
  `ATTRIBUTE_CATEGORY` varchar(30) DEFAULT NULL,
  `ATTRIBUTE1` varchar(240) DEFAULT NULL,
  `ATTRIBUTE2` varchar(240) DEFAULT NULL,
  `ATTRIBUTE3` varchar(240) DEFAULT NULL,
  `ATTRIBUTE4` varchar(240) DEFAULT NULL,
  `ATTRIBUTE5` varchar(240) DEFAULT NULL,
  `ATTRIBUTE6` varchar(240) DEFAULT NULL,
  `ATTRIBUTE7` varchar(240) DEFAULT NULL,
  `ATTRIBUTE8` varchar(240) DEFAULT NULL,
  `ATTRIBUTE9` varchar(240) DEFAULT NULL,
  `ATTRIBUTE10` varchar(240) DEFAULT NULL,
  `ATTRIBUTE11` varchar(240) DEFAULT NULL,
  `ATTRIBUTE12` varchar(240) DEFAULT NULL,
  `ATTRIBUTE13` varchar(240) DEFAULT NULL,
  `ATTRIBUTE14` varchar(240) DEFAULT NULL,
  `ATTRIBUTE15` varchar(240) DEFAULT NULL,
  PRIMARY KEY (`PROFILE_VALUE_ID`),
  UNIQUE KEY `SYS_PROFILE_VALUE_U1` (`PROFILE_ID`,`LEVEL_ID`,`LEVEL_VALUE`)
) ENGINE=InnoDB AUTO_INCREMENT=3 DEFAULT CHARSET=utf8;

/*Data for the table `sys_profile_value` */

insert  into `sys_profile_value`(`PROFILE_VALUE_ID`,`PROFILE_ID`,`LEVEL_ID`,`LEVEL_VALUE`,`PROFILE_VALUE`,`OBJECT_VERSION_NUMBER`,`REQUEST_ID`,`PROGRAM_ID`,`CREATED_BY`,`CREATION_DATE`,`LAST_UPDATED_BY`,`LAST_UPDATE_DATE`,`LAST_UPDATE_LOGIN`,`ATTRIBUTE_CATEGORY`,`ATTRIBUTE1`,`ATTRIBUTE2`,`ATTRIBUTE3`,`ATTRIBUTE4`,`ATTRIBUTE5`,`ATTRIBUTE6`,`ATTRIBUTE7`,`ATTRIBUTE8`,`ATTRIBUTE9`,`ATTRIBUTE10`,`ATTRIBUTE11`,`ATTRIBUTE12`,`ATTRIBUTE13`,`ATTRIBUTE14`,`ATTRIBUTE15`) values (1,'1','20','10004','Y',1,-1,-1,10001,'2017-01-14 23:44:58',10001,'2017-01-14 23:44:58',10001,NULL,NULL,NULL,NULL,NULL,NULL,NULL,NULL,NULL,NULL,NULL,NULL,NULL,NULL,NULL,NULL),(2,'2','20','10003','Y',1,-1,-1,10001,'2017-01-14 23:46:30',10001,'2017-01-14 23:46:30',10001,NULL,NULL,NULL,NULL,NULL,NULL,NULL,NULL,NULL,NULL,NULL,NULL,NULL,NULL,NULL,NULL);

/*Table structure for table `sys_prompts` */

DROP TABLE IF EXISTS `sys_prompts`;

CREATE TABLE `sys_prompts` (
  `PROMPT_ID` bigint(20) NOT NULL AUTO_INCREMENT,
  `PROMPT_CODE` varchar(255) DEFAULT NULL COMMENT '',
  `LANG` varchar(10) DEFAULT NULL COMMENT '',
  `DESCRIPTION` varchar(240) DEFAULT NULL COMMENT '',
  `OBJECT_VERSION_NUMBER` bigint(20) DEFAULT '1',
  `REQUEST_ID` bigint(20) DEFAULT '-1',
  `PROGRAM_ID` bigint(20) DEFAULT '-1',
  `CREATED_BY` bigint(20) DEFAULT '-1',
  `CREATION_DATE` datetime DEFAULT CURRENT_TIMESTAMP,
  `LAST_UPDATED_BY` bigint(20) DEFAULT '-1',
  `LAST_UPDATE_DATE` datetime DEFAULT CURRENT_TIMESTAMP,
  `LAST_UPDATE_LOGIN` bigint(20) DEFAULT '-1',
  `ATTRIBUTE_CATEGORY` varchar(30) DEFAULT NULL,
  `ATTRIBUTE1` varchar(240) DEFAULT NULL,
  `ATTRIBUTE2` varchar(240) DEFAULT NULL,
  `ATTRIBUTE3` varchar(240) DEFAULT NULL,
  `ATTRIBUTE4` varchar(240) DEFAULT NULL,
  `ATTRIBUTE5` varchar(240) DEFAULT NULL,
  `ATTRIBUTE6` varchar(240) DEFAULT NULL,
  `ATTRIBUTE7` varchar(240) DEFAULT NULL,
  `ATTRIBUTE8` varchar(240) DEFAULT NULL,
  `ATTRIBUTE9` varchar(240) DEFAULT NULL,
  `ATTRIBUTE10` varchar(240) DEFAULT NULL,
  `ATTRIBUTE11` varchar(240) DEFAULT NULL,
  `ATTRIBUTE12` varchar(240) DEFAULT NULL,
  `ATTRIBUTE13` varchar(240) DEFAULT NULL,
  `ATTRIBUTE14` varchar(240) DEFAULT NULL,
  `ATTRIBUTE15` varchar(240) DEFAULT NULL,
  PRIMARY KEY (`PROMPT_ID`),
  UNIQUE KEY `SYS_PROMPTS_U1` (`PROMPT_CODE`,`LANG`)
) ENGINE=InnoDB AUTO_INCREMENT=10743 DEFAULT CHARSET=utf8;

/*Data for the table `sys_prompts` */

insert  into `sys_prompts`(`PROMPT_ID`,`PROMPT_CODE`,`LANG`,`DESCRIPTION`,`OBJECT_VERSION_NUMBER`,`REQUEST_ID`,`PROGRAM_ID`,`CREATED_BY`,`CREATION_DATE`,`LAST_UPDATED_BY`,`LAST_UPDATE_DATE`,`LAST_UPDATE_LOGIN`,`ATTRIBUTE_CATEGORY`,`ATTRIBUTE1`,`ATTRIBUTE2`,`ATTRIBUTE3`,`ATTRIBUTE4`,`ATTRIBUTE5`,`ATTRIBUTE6`,`ATTRIBUTE7`,`ATTRIBUTE8`,`ATTRIBUTE9`,`ATTRIBUTE10`,`ATTRIBUTE11`,`ATTRIBUTE12`,`ATTRIBUTE13`,`ATTRIBUTE14`,`ATTRIBUTE15`) values (10001,'hap.main_menu','zh_CN','',1,-1,-1,-1,'2016-12-26 19:31:30',-1,'2016-12-26 19:31:30',-1,NULL,NULL,NULL,NULL,NULL,NULL,NULL,NULL,NULL,NULL,NULL,NULL,NULL,NULL,NULL,NULL),(10002,'hap.main_menu','en_GB','Main Menu',1,-1,-1,-1,'2016-12-26 19:31:30',-1,'2016-12-26 19:31:30',-1,NULL,NULL,NULL,NULL,NULL,NULL,NULL,NULL,NULL,NULL,NULL,NULL,NULL,NULL,NULL,NULL),(10003,'hap.home','zh_CN','',1,-1,-1,-1,'2016-12-26 19:31:30',-1,'2016-12-26 19:31:30',-1,NULL,NULL,NULL,NULL,NULL,NULL,NULL,NULL,NULL,NULL,NULL,NULL,NULL,NULL,NULL,NULL),(10004,'hap.hone','en_GB','Home',1,-1,-1,-1,'2016-12-26 19:31:30',-1,'2016-12-26 19:31:30',-1,NULL,NULL,NULL,NULL,NULL,NULL,NULL,NULL,NULL,NULL,NULL,NULL,NULL,NULL,NULL,NULL),(10005,'hap.query','zh_CN','',1,-1,-1,-1,'2016-12-26 19:31:30',-1,'2016-12-26 19:31:30',-1,NULL,NULL,NULL,NULL,NULL,NULL,NULL,NULL,NULL,NULL,NULL,NULL,NULL,NULL,NULL,NULL),(10006,'hap.query','en_GB','Query',1,-1,-1,-1,'2016-12-26 19:31:30',-1,'2016-12-26 19:31:30',-1,NULL,NULL,NULL,NULL,NULL,NULL,NULL,NULL,NULL,NULL,NULL,NULL,NULL,NULL,NULL,NULL),(10007,'hap.cancel','zh_CN','',1,-1,-1,-1,'2016-12-26 19:31:30',-1,'2016-12-26 19:31:30',-1,NULL,NULL,NULL,NULL,NULL,NULL,NULL,NULL,NULL,NULL,NULL,NULL,NULL,NULL,NULL,NULL),(10008,'hap.cancel','en_GB','Cancel',1,-1,-1,-1,'2016-12-26 19:31:30',-1,'2016-12-26 19:31:30',-1,NULL,NULL,NULL,NULL,NULL,NULL,NULL,NULL,NULL,NULL,NULL,NULL,NULL,NULL,NULL,NULL),(10009,'hap.new','zh_CN','',1,-1,-1,-1,'2016-12-26 19:31:30',-1,'2016-12-26 19:31:30',-1,NULL,NULL,NULL,NULL,NULL,NULL,NULL,NULL,NULL,NULL,NULL,NULL,NULL,NULL,NULL,NULL),(10010,'hap.new','en_GB','New',1,-1,-1,-1,'2016-12-26 19:31:30',-1,'2016-12-26 19:31:30',-1,NULL,NULL,NULL,NULL,NULL,NULL,NULL,NULL,NULL,NULL,NULL,NULL,NULL,NULL,NULL,NULL),(10011,'hap.delete','zh_CN','',1,-1,-1,-1,'2016-12-26 19:31:30',-1,'2016-12-26 19:31:30',-1,NULL,NULL,NULL,NULL,NULL,NULL,NULL,NULL,NULL,NULL,NULL,NULL,NULL,NULL,NULL,NULL),(10012,'hap.delete','en_GB','Delete',1,-1,-1,-1,'2016-12-26 19:31:30',-1,'2016-12-26 19:31:30',-1,NULL,NULL,NULL,NULL,NULL,NULL,NULL,NULL,NULL,NULL,NULL,NULL,NULL,NULL,NULL,NULL),(10013,'hap.save','zh_CN','',1,-1,-1,-1,'2016-12-26 19:31:30',-1,'2016-12-26 19:31:30',-1,NULL,NULL,NULL,NULL,NULL,NULL,NULL,NULL,NULL,NULL,NULL,NULL,NULL,NULL,NULL,NULL),(10014,'hap.save','en_GB','Save',1,-1,-1,-1,'2016-12-26 19:31:30',-1,'2016-12-26 19:31:30',-1,NULL,NULL,NULL,NULL,NULL,NULL,NULL,NULL,NULL,NULL,NULL,NULL,NULL,NULL,NULL,NULL),(10015,'hap.reset','zh_CN','',1,-1,-1,-1,'2016-12-26 19:31:30',-1,'2016-12-26 19:31:30',-1,NULL,NULL,NULL,NULL,NULL,NULL,NULL,NULL,NULL,NULL,NULL,NULL,NULL,NULL,NULL,NULL),(10016,'hap.reset','en_GB','Reset',1,-1,-1,-1,'2016-12-26 19:31:30',-1,'2016-12-26 19:31:30',-1,NULL,NULL,NULL,NULL,NULL,NULL,NULL,NULL,NULL,NULL,NULL,NULL,NULL,NULL,NULL,NULL),(10017,'hap.edit','zh_CN','',1,-1,-1,-1,'2016-12-26 19:31:30',-1,'2016-12-26 19:31:30',-1,NULL,NULL,NULL,NULL,NULL,NULL,NULL,NULL,NULL,NULL,NULL,NULL,NULL,NULL,NULL,NULL),(10018,'hap.edit','en_GB','Edit',1,-1,-1,-1,'2016-12-26 19:31:30',-1,'2016-12-26 19:31:30',-1,NULL,NULL,NULL,NULL,NULL,NULL,NULL,NULL,NULL,NULL,NULL,NULL,NULL,NULL,NULL,NULL),(10019,'hap.prompt','zh_CN','',1,-1,-1,-1,'2016-12-26 19:31:30',-1,'2016-12-26 19:31:30',-1,NULL,NULL,NULL,NULL,NULL,NULL,NULL,NULL,NULL,NULL,NULL,NULL,NULL,NULL,NULL,NULL),(10020,'hap.prompt','en_GB','Prompt',1,-1,-1,-1,'2016-12-26 19:31:30',-1,'2016-12-26 19:31:30',-1,NULL,NULL,NULL,NULL,NULL,NULL,NULL,NULL,NULL,NULL,NULL,NULL,NULL,NULL,NULL,NULL),(10021,'hap.error','zh_CN','',1,-1,-1,-1,'2016-12-26 19:31:30',-1,'2016-12-26 19:31:30',-1,NULL,NULL,NULL,NULL,NULL,NULL,NULL,NULL,NULL,NULL,NULL,NULL,NULL,NULL,NULL,NULL),(10022,'hap.error','en_GB','Error',1,-1,-1,-1,'2016-12-26 19:31:30',-1,'2016-12-26 19:31:30',-1,NULL,NULL,NULL,NULL,NULL,NULL,NULL,NULL,NULL,NULL,NULL,NULL,NULL,NULL,NULL,NULL),(10023,'hap.warning','zh_CN','',1,-1,-1,-1,'2016-12-26 19:31:30',-1,'2016-12-26 19:31:30',-1,NULL,NULL,NULL,NULL,NULL,NULL,NULL,NULL,NULL,NULL,NULL,NULL,NULL,NULL,NULL,NULL),(10024,'hap.warning','en_GB','Warning',1,-1,-1,-1,'2016-12-26 19:31:30',-1,'2016-12-26 19:31:30',-1,NULL,NULL,NULL,NULL,NULL,NULL,NULL,NULL,NULL,NULL,NULL,NULL,NULL,NULL,NULL,NULL),(10025,'hap.description','zh_CN','',1,-1,-1,-1,'2016-12-26 19:31:30',-1,'2016-12-26 19:31:30',-1,NULL,NULL,NULL,NULL,NULL,NULL,NULL,NULL,NULL,NULL,NULL,NULL,NULL,NULL,NULL,NULL),(10026,'hap.description','en_GB','Description',1,-1,-1,-1,'2016-12-26 19:31:30',-1,'2016-12-26 19:31:30',-1,NULL,NULL,NULL,NULL,NULL,NULL,NULL,NULL,NULL,NULL,NULL,NULL,NULL,NULL,NULL,NULL),(10027,'hap.validation.notempty','zh_CN','{0}',1,-1,-1,-1,'2016-12-26 19:31:30',-1,'2016-12-26 19:31:30',-1,NULL,NULL,NULL,NULL,NULL,NULL,NULL,NULL,NULL,NULL,NULL,NULL,NULL,NULL,NULL,NULL),(10028,'hap.validation.notempty','en_GB','{0} can not be empty!',1,-1,-1,-1,'2016-12-26 19:31:30',-1,'2016-12-26 19:31:30',-1,NULL,NULL,NULL,NULL,NULL,NULL,NULL,NULL,NULL,NULL,NULL,NULL,NULL,NULL,NULL,NULL),(10029,'hap.validation.notnull','zh_CN','{0}',1,-1,-1,-1,'2016-12-26 19:31:30',-1,'2016-12-26 19:31:30',-1,NULL,NULL,NULL,NULL,NULL,NULL,NULL,NULL,NULL,NULL,NULL,NULL,NULL,NULL,NULL,NULL),(10030,'hap.validation.notnull','en_GB','{0} can not be null!',1,-1,-1,-1,'2016-12-26 19:31:30',-1,'2016-12-26 19:31:30',-1,NULL,NULL,NULL,NULL,NULL,NULL,NULL,NULL,NULL,NULL,NULL,NULL,NULL,NULL,NULL,NULL),(10031,'hap.validation.email','zh_CN','{0}',1,-1,-1,-1,'2016-12-26 19:31:30',-1,'2016-12-26 19:31:30',-1,NULL,NULL,NULL,NULL,NULL,NULL,NULL,NULL,NULL,NULL,NULL,NULL,NULL,NULL,NULL,NULL),(10032,'hap.validation.email','en_GB','{0} is not a email address.',1,-1,-1,-1,'2016-12-26 19:31:30',-1,'2016-12-26 19:31:30',-1,NULL,NULL,NULL,NULL,NULL,NULL,NULL,NULL,NULL,NULL,NULL,NULL,NULL,NULL,NULL,NULL),(10033,'hap.submit','zh_CN','',1,-1,-1,-1,'2016-12-26 19:31:30',-1,'2016-12-26 19:31:30',-1,NULL,NULL,NULL,NULL,NULL,NULL,NULL,NULL,NULL,NULL,NULL,NULL,NULL,NULL,NULL,NULL),(10034,'hap.submit','en_GB','submit',1,-1,-1,-1,'2016-12-26 19:31:30',-1,'2016-12-26 19:31:30',-1,NULL,NULL,NULL,NULL,NULL,NULL,NULL,NULL,NULL,NULL,NULL,NULL,NULL,NULL,NULL,NULL),(10035,'hap.logout','zh_CN','',1,-1,-1,-1,'2016-12-26 19:31:30',-1,'2016-12-26 19:31:30',-1,NULL,NULL,NULL,NULL,NULL,NULL,NULL,NULL,NULL,NULL,NULL,NULL,NULL,NULL,NULL,NULL),(10036,'hap.logout','en_GB','Logout',1,-1,-1,-1,'2016-12-26 19:31:30',-1,'2016-12-26 19:31:30',-1,NULL,NULL,NULL,NULL,NULL,NULL,NULL,NULL,NULL,NULL,NULL,NULL,NULL,NULL,NULL,NULL),(10037,'hap.preferences','zh_CN','',1,-1,-1,-1,'2016-12-26 19:31:30',-1,'2016-12-26 19:31:30',-1,NULL,NULL,NULL,NULL,NULL,NULL,NULL,NULL,NULL,NULL,NULL,NULL,NULL,NULL,NULL,NULL),(10038,'hap.preferences','en_GB','Preference',1,-1,-1,-1,'2016-12-26 19:31:30',-1,'2016-12-26 19:31:30',-1,NULL,NULL,NULL,NULL,NULL,NULL,NULL,NULL,NULL,NULL,NULL,NULL,NULL,NULL,NULL,NULL),(10039,'hap.ok','zh_CN','',1,-1,-1,-1,'2016-12-26 19:31:30',-1,'2016-12-26 19:31:30',-1,NULL,NULL,NULL,NULL,NULL,NULL,NULL,NULL,NULL,NULL,NULL,NULL,NULL,NULL,NULL,NULL),(10040,'hap.ok','en_GB','OK',1,-1,-1,-1,'2016-12-26 19:31:30',-1,'2016-12-26 19:31:30',-1,NULL,NULL,NULL,NULL,NULL,NULL,NULL,NULL,NULL,NULL,NULL,NULL,NULL,NULL,NULL,NULL),(10041,'lov.placeholder','zh_CN','',1,-1,-1,-1,'2016-12-26 19:31:30',-1,'2016-12-26 19:31:30',-1,NULL,NULL,NULL,NULL,NULL,NULL,NULL,NULL,NULL,NULL,NULL,NULL,NULL,NULL,NULL,NULL),(10042,'lov.placeholder','en_GB','tips',1,-1,-1,-1,'2016-12-26 19:31:30',-1,'2016-12-26 19:31:30',-1,NULL,NULL,NULL,NULL,NULL,NULL,NULL,NULL,NULL,NULL,NULL,NULL,NULL,NULL,NULL,NULL),(10043,'lov.dropdown','zh_CN','',1,-1,-1,-1,'2016-12-26 19:31:30',-1,'2016-12-26 19:31:30',-1,NULL,NULL,NULL,NULL,NULL,NULL,NULL,NULL,NULL,NULL,NULL,NULL,NULL,NULL,NULL,NULL),(10044,'lov.dropdown','en_GB','autocomplete',1,-1,-1,-1,'2016-12-26 19:31:30',-1,'2016-12-26 19:31:30',-1,NULL,NULL,NULL,NULL,NULL,NULL,NULL,NULL,NULL,NULL,NULL,NULL,NULL,NULL,NULL,NULL),(10045,'lov.code','zh_CN','',1,-1,-1,-1,'2016-12-26 19:31:30',-1,'2016-12-26 19:31:30',-1,NULL,NULL,NULL,NULL,NULL,NULL,NULL,NULL,NULL,NULL,NULL,NULL,NULL,NULL,NULL,NULL),(10046,'lov.code','en_GB','Code',1,-1,-1,-1,'2016-12-26 19:31:30',-1,'2016-12-26 19:31:30',-1,NULL,NULL,NULL,NULL,NULL,NULL,NULL,NULL,NULL,NULL,NULL,NULL,NULL,NULL,NULL,NULL),(10047,'lov.description','en_GB','Description',1,-1,-1,-1,'2016-12-26 19:31:30',-1,'2016-12-26 19:31:30',-1,NULL,NULL,NULL,NULL,NULL,NULL,NULL,NULL,NULL,NULL,NULL,NULL,NULL,NULL,NULL,NULL),(10048,'lov.description','zh_CN','',1,-1,-1,-1,'2016-12-26 19:31:30',-1,'2016-12-26 19:31:30',-1,NULL,NULL,NULL,NULL,NULL,NULL,NULL,NULL,NULL,NULL,NULL,NULL,NULL,NULL,NULL,NULL),(10049,'lov.height','zh_CN','',1,-1,-1,-1,'2016-12-26 19:31:30',-1,'2016-12-26 19:31:30',-1,NULL,NULL,NULL,NULL,NULL,NULL,NULL,NULL,NULL,NULL,NULL,NULL,NULL,NULL,NULL,NULL),(10050,'lov.height','en_GB','Height',1,-1,-1,-1,'2016-12-26 19:31:30',-1,'2016-12-26 19:31:30',-1,NULL,NULL,NULL,NULL,NULL,NULL,NULL,NULL,NULL,NULL,NULL,NULL,NULL,NULL,NULL,NULL),(10051,'lov.lovid','zh_CN','Lov Id',1,-1,-1,-1,'2016-12-26 19:31:30',-1,'2016-12-26 19:31:30',-1,NULL,NULL,NULL,NULL,NULL,NULL,NULL,NULL,NULL,NULL,NULL,NULL,NULL,NULL,NULL,NULL),(10052,'lov.lovid','en_GB','Lov Id',1,-1,-1,-1,'2016-12-26 19:31:30',-1,'2016-12-26 19:31:30',-1,NULL,NULL,NULL,NULL,NULL,NULL,NULL,NULL,NULL,NULL,NULL,NULL,NULL,NULL,NULL,NULL),(10053,'lov.lovitems','zh_CN','Lov Items',1,-1,-1,-1,'2016-12-26 19:31:30',-1,'2016-12-26 19:31:30',-1,NULL,NULL,NULL,NULL,NULL,NULL,NULL,NULL,NULL,NULL,NULL,NULL,NULL,NULL,NULL,NULL),(10054,'lov.lovitems','en_GB','Lov Items',1,-1,-1,-1,'2016-12-26 19:31:30',-1,'2016-12-26 19:31:30',-1,NULL,NULL,NULL,NULL,NULL,NULL,NULL,NULL,NULL,NULL,NULL,NULL,NULL,NULL,NULL,NULL),(10055,'lov.customsql','zh_CN','sql',1,-1,-1,-1,'2016-12-26 19:31:30',-1,'2016-12-26 19:31:30',-1,NULL,NULL,NULL,NULL,NULL,NULL,NULL,NULL,NULL,NULL,NULL,NULL,NULL,NULL,NULL,NULL),(10056,'lov.customsql','en_GB','Custom sql',1,-1,-1,-1,'2016-12-26 19:31:30',-1,'2016-12-26 19:31:30',-1,NULL,NULL,NULL,NULL,NULL,NULL,NULL,NULL,NULL,NULL,NULL,NULL,NULL,NULL,NULL,NULL),(10057,'lov.sqltype','zh_CN','Sql',1,-1,-1,-1,'2016-12-26 19:31:30',-1,'2016-12-26 19:31:30',-1,NULL,NULL,NULL,NULL,NULL,NULL,NULL,NULL,NULL,NULL,NULL,NULL,NULL,NULL,NULL,NULL),(10058,'ov.sqltype','en_GB','Sql Type',1,-1,-1,-1,'2016-12-26 19:31:30',-1,'2016-12-26 19:31:30',-1,NULL,NULL,NULL,NULL,NULL,NULL,NULL,NULL,NULL,NULL,NULL,NULL,NULL,NULL,NULL,NULL),(10059,'lov.sqlid','zh_CN','Sql Id',1,-1,-1,-1,'2016-12-26 19:31:30',-1,'2016-12-26 19:31:30',-1,NULL,NULL,NULL,NULL,NULL,NULL,NULL,NULL,NULL,NULL,NULL,NULL,NULL,NULL,NULL,NULL),(10060,'lov.sqlid','en_GB','Sql Id',1,-1,-1,-1,'2016-12-26 19:31:30',-1,'2016-12-26 19:31:30',-1,NULL,NULL,NULL,NULL,NULL,NULL,NULL,NULL,NULL,NULL,NULL,NULL,NULL,NULL,NULL,NULL),(10061,'lov.textfield','zh_CN','TextField',1,-1,-1,-1,'2016-12-26 19:31:30',-1,'2016-12-26 19:31:30',-1,NULL,NULL,NULL,NULL,NULL,NULL,NULL,NULL,NULL,NULL,NULL,NULL,NULL,NULL,NULL,NULL),(10062,'lov.textfield','en_GB','TextField',1,-1,-1,-1,'2016-12-26 19:31:30',-1,'2016-12-26 19:31:30',-1,NULL,NULL,NULL,NULL,NULL,NULL,NULL,NULL,NULL,NULL,NULL,NULL,NULL,NULL,NULL,NULL),(10063,'lov.title','zh_CN','',1,-1,-1,-1,'2016-12-26 19:31:30',-1,'2016-12-26 19:31:30',-1,NULL,NULL,NULL,NULL,NULL,NULL,NULL,NULL,NULL,NULL,NULL,NULL,NULL,NULL,NULL,NULL),(10064,'lov.title','en_GB','Title',1,-1,-1,-1,'2016-12-26 19:31:30',-1,'2016-12-26 19:31:30',-1,NULL,NULL,NULL,NULL,NULL,NULL,NULL,NULL,NULL,NULL,NULL,NULL,NULL,NULL,NULL,NULL),(10065,'lov.valuefield','zh_CN','ValueField',1,-1,-1,-1,'2016-12-26 19:31:30',-1,'2016-12-26 19:31:30',-1,NULL,NULL,NULL,NULL,NULL,NULL,NULL,NULL,NULL,NULL,NULL,NULL,NULL,NULL,NULL,NULL),(10066,'lov.valuefield','en_GB','ValueField',1,-1,-1,-1,'2016-12-26 19:31:30',-1,'2016-12-26 19:31:30',-1,NULL,NULL,NULL,NULL,NULL,NULL,NULL,NULL,NULL,NULL,NULL,NULL,NULL,NULL,NULL,NULL),(10067,'lov.width','en_GB','Width',1,-1,-1,-1,'2016-12-26 19:31:30',-1,'2016-12-26 19:31:30',-1,NULL,NULL,NULL,NULL,NULL,NULL,NULL,NULL,NULL,NULL,NULL,NULL,NULL,NULL,NULL,NULL),(10068,'lov.width','zh_CN','',1,-1,-1,-1,'2016-12-26 19:31:30',-1,'2016-12-26 19:31:30',-1,NULL,NULL,NULL,NULL,NULL,NULL,NULL,NULL,NULL,NULL,NULL,NULL,NULL,NULL,NULL,NULL),(10069,'lov.querycolumns','zh_CN','',1,-1,-1,-1,'2016-12-26 19:31:30',-1,'2016-12-26 19:31:30',-1,NULL,NULL,NULL,NULL,NULL,NULL,NULL,NULL,NULL,NULL,NULL,NULL,NULL,NULL,NULL,NULL),(10070,'lov.columns','en_GB','Columns',1,-1,-1,-1,'2016-12-26 19:31:30',-1,'2016-12-26 19:31:30',-1,NULL,NULL,NULL,NULL,NULL,NULL,NULL,NULL,NULL,NULL,NULL,NULL,NULL,NULL,NULL,NULL),(10071,'lovitem.display','zh_CN','',1,-1,-1,-1,'2016-12-26 19:31:30',-1,'2016-12-26 19:31:30',-1,NULL,NULL,NULL,NULL,NULL,NULL,NULL,NULL,NULL,NULL,NULL,NULL,NULL,NULL,NULL,NULL),(10072,'lovitem.display','en_GB','Display',1,-1,-1,-1,'2016-12-26 19:31:30',-1,'2016-12-26 19:31:30',-1,NULL,NULL,NULL,NULL,NULL,NULL,NULL,NULL,NULL,NULL,NULL,NULL,NULL,NULL,NULL,NULL),(10073,'lovitem.name','zh_CN','',1,-1,-1,-1,'2016-12-26 19:31:30',-1,'2016-12-26 19:31:30',-1,NULL,NULL,NULL,NULL,NULL,NULL,NULL,NULL,NULL,NULL,NULL,NULL,NULL,NULL,NULL,NULL),(10074,'lovitem.name','en_GB','Name',1,-1,-1,-1,'2016-12-26 19:31:30',-1,'2016-12-26 19:31:30',-1,NULL,NULL,NULL,NULL,NULL,NULL,NULL,NULL,NULL,NULL,NULL,NULL,NULL,NULL,NULL,NULL),(10075,'lovitem.gridfieldwidth','zh_CN','',1,-1,-1,-1,'2016-12-26 19:31:30',-1,'2016-12-26 19:31:30',-1,NULL,NULL,NULL,NULL,NULL,NULL,NULL,NULL,NULL,NULL,NULL,NULL,NULL,NULL,NULL,NULL),(10076,'lovitem.gridfieldwidth','en_GB','ColumnWidth',1,-1,-1,-1,'2016-12-26 19:31:30',-1,'2016-12-26 19:31:30',-1,NULL,NULL,NULL,NULL,NULL,NULL,NULL,NULL,NULL,NULL,NULL,NULL,NULL,NULL,NULL,NULL),(10077,'lovitem.conditionfield','zh_CN','',1,-1,-1,-1,'2016-12-26 19:31:30',-1,'2016-12-26 19:31:30',-1,NULL,NULL,NULL,NULL,NULL,NULL,NULL,NULL,NULL,NULL,NULL,NULL,NULL,NULL,NULL,NULL),(10078,'lovitem.conditionfield','en_GB','Conditions',1,-1,-1,-1,'2016-12-26 19:31:30',-1,'2016-12-26 19:31:30',-1,NULL,NULL,NULL,NULL,NULL,NULL,NULL,NULL,NULL,NULL,NULL,NULL,NULL,NULL,NULL,NULL),(10079,'lovitem.newline','zh_CN','',1,-1,-1,-1,'2016-12-26 19:31:30',-1,'2016-12-26 19:31:30',-1,NULL,NULL,NULL,NULL,NULL,NULL,NULL,NULL,NULL,NULL,NULL,NULL,NULL,NULL,NULL,NULL),(10080,'lovitem.newline','en_GB','Newline',1,-1,-1,-1,'2016-12-26 19:31:30',-1,'2016-12-26 19:31:30',-1,NULL,NULL,NULL,NULL,NULL,NULL,NULL,NULL,NULL,NULL,NULL,NULL,NULL,NULL,NULL,NULL),(10081,'lovitem.type','zh_CN','',1,-1,-1,-1,'2016-12-26 19:31:30',-1,'2016-12-26 19:31:30',-1,NULL,NULL,NULL,NULL,NULL,NULL,NULL,NULL,NULL,NULL,NULL,NULL,NULL,NULL,NULL,NULL),(10082,'lovitem.type','en_GB','Type',1,-1,-1,-1,'2016-12-26 19:31:30',-1,'2016-12-26 19:31:30',-1,NULL,NULL,NULL,NULL,NULL,NULL,NULL,NULL,NULL,NULL,NULL,NULL,NULL,NULL,NULL,NULL),(10083,'lovitem.opts','zh_CN','',1,-1,-1,-1,'2016-12-26 19:31:30',-1,'2016-12-26 19:31:30',-1,NULL,NULL,NULL,NULL,NULL,NULL,NULL,NULL,NULL,NULL,NULL,NULL,NULL,NULL,NULL,NULL),(10084,'lovitem.opts','en_GB','Opts',1,-1,-1,-1,'2016-12-26 19:31:30',-1,'2016-12-26 19:31:30',-1,NULL,NULL,NULL,NULL,NULL,NULL,NULL,NULL,NULL,NULL,NULL,NULL,NULL,NULL,NULL,NULL),(10085,'lovitem.dropdown','zh_CN','Dropdown',1,-1,-1,-1,'2016-12-26 19:31:30',-1,'2016-12-26 19:31:30',-1,NULL,NULL,NULL,NULL,NULL,NULL,NULL,NULL,NULL,NULL,NULL,NULL,NULL,NULL,NULL,NULL),(10086,'lovitem.dropdown','en_GB','Dropdown',1,-1,-1,-1,'2016-12-26 19:31:30',-1,'2016-12-26 19:31:30',-1,NULL,NULL,NULL,NULL,NULL,NULL,NULL,NULL,NULL,NULL,NULL,NULL,NULL,NULL,NULL,NULL),(10087,'lovitem.gridcolumn','zh_CN','',1,-1,-1,-1,'2016-12-26 19:31:30',-1,'2016-12-26 19:31:30',-1,NULL,NULL,NULL,NULL,NULL,NULL,NULL,NULL,NULL,NULL,NULL,NULL,NULL,NULL,NULL,NULL),(10088,'lovitem.gridcolumn','en_GB','GridColumn',1,-1,-1,-1,'2016-12-26 19:31:30',-1,'2016-12-26 19:31:30',-1,NULL,NULL,NULL,NULL,NULL,NULL,NULL,NULL,NULL,NULL,NULL,NULL,NULL,NULL,NULL,NULL),(10089,'lov.delayload','zh_CN','',1,-1,-1,-1,'2016-12-26 19:31:30',-1,'2016-12-26 19:31:30',-1,NULL,NULL,NULL,NULL,NULL,NULL,NULL,NULL,NULL,NULL,NULL,NULL,NULL,NULL,NULL,NULL),(10090,'lov.delayload','en_GB','DelayLoad',1,-1,-1,-1,'2016-12-26 19:31:30',-1,'2016-12-26 19:31:30',-1,NULL,NULL,NULL,NULL,NULL,NULL,NULL,NULL,NULL,NULL,NULL,NULL,NULL,NULL,NULL,NULL),(10091,'lov.needqueryparam','zh_CN','',1,-1,-1,-1,'2016-12-26 19:31:30',-1,'2016-12-26 19:31:30',-1,NULL,NULL,NULL,NULL,NULL,NULL,NULL,NULL,NULL,NULL,NULL,NULL,NULL,NULL,NULL,NULL),(10092,'lov.needqueryparam','en_GB','NeedQueryParam',1,-1,-1,-1,'2016-12-26 19:31:30',-1,'2016-12-26 19:31:30',-1,NULL,NULL,NULL,NULL,NULL,NULL,NULL,NULL,NULL,NULL,NULL,NULL,NULL,NULL,NULL,NULL),(10093,'lovitem.conditionfieldwidth','zh_CN','',1,-1,-1,-1,'2016-12-26 19:31:30',-1,'2016-12-26 19:31:30',-1,NULL,NULL,NULL,NULL,NULL,NULL,NULL,NULL,NULL,NULL,NULL,NULL,NULL,NULL,NULL,NULL),(10094,'lovitem.conditionfieldwidth','en_GB','Width',1,-1,-1,-1,'2016-12-26 19:31:30',-1,'2016-12-26 19:31:30',-1,NULL,NULL,NULL,NULL,NULL,NULL,NULL,NULL,NULL,NULL,NULL,NULL,NULL,NULL,NULL,NULL),(10095,'lovitem.conditionfieldsequence','zh_CN','',1,-1,-1,-1,'2016-12-26 19:31:30',-1,'2016-12-26 19:31:30',-1,NULL,NULL,NULL,NULL,NULL,NULL,NULL,NULL,NULL,NULL,NULL,NULL,NULL,NULL,NULL,NULL),(10096,'lovitem.conditionfieldsequence','en_GB','Sequence',1,-1,-1,-1,'2016-12-26 19:31:30',-1,'2016-12-26 19:31:30',-1,NULL,NULL,NULL,NULL,NULL,NULL,NULL,NULL,NULL,NULL,NULL,NULL,NULL,NULL,NULL,NULL),(10097,'lovitem.conditionfieldname','zh_CN','',1,-1,-1,-1,'2016-12-26 19:31:30',-1,'2016-12-26 19:31:30',-1,NULL,NULL,NULL,NULL,NULL,NULL,NULL,NULL,NULL,NULL,NULL,NULL,NULL,NULL,NULL,NULL),(10098,'lovitem.conditionfieldname','en_GB','Name',1,-1,-1,-1,'2016-12-26 19:31:30',-1,'2016-12-26 19:31:30',-1,NULL,NULL,NULL,NULL,NULL,NULL,NULL,NULL,NULL,NULL,NULL,NULL,NULL,NULL,NULL,NULL),(10099,'lovitem.conditionfieldselectcode','zh_CN','',1,-1,-1,-1,'2016-12-26 19:31:30',-1,'2016-12-26 19:31:30',-1,NULL,NULL,NULL,NULL,NULL,NULL,NULL,NULL,NULL,NULL,NULL,NULL,NULL,NULL,NULL,NULL),(10100,'lovitem.conditionfieldselectcode','en_GB','Code',1,-1,-1,-1,'2016-12-26 19:31:30',-1,'2016-12-26 19:31:30',-1,NULL,NULL,NULL,NULL,NULL,NULL,NULL,NULL,NULL,NULL,NULL,NULL,NULL,NULL,NULL,NULL),(10101,'lovitem.conditionfieldlovcode','zh_CN','lov',1,-1,-1,-1,'2016-12-26 19:31:30',-1,'2016-12-26 19:31:30',-1,NULL,NULL,NULL,NULL,NULL,NULL,NULL,NULL,NULL,NULL,NULL,NULL,NULL,NULL,NULL,NULL),(10102,'lovitem.conditionfieldlovcode','en_GB','LovCode',1,-1,-1,-1,'2016-12-26 19:31:30',-1,'2016-12-26 19:31:30',-1,NULL,NULL,NULL,NULL,NULL,NULL,NULL,NULL,NULL,NULL,NULL,NULL,NULL,NULL,NULL,NULL),(10103,'lovitem.gridfieldsequence','zh_CN','',1,-1,-1,-1,'2016-12-26 19:31:30',-1,'2016-12-26 19:31:30',-1,NULL,NULL,NULL,NULL,NULL,NULL,NULL,NULL,NULL,NULL,NULL,NULL,NULL,NULL,NULL,NULL),(10104,'lovitem.gridfieldsequence','en_GB','Sequence',1,-1,-1,-1,'2016-12-26 19:31:30',-1,'2016-12-26 19:31:30',-1,NULL,NULL,NULL,NULL,NULL,NULL,NULL,NULL,NULL,NULL,NULL,NULL,NULL,NULL,NULL,NULL),(10105,'lovitem.gridcolumnalign','zh_CN','',1,-1,-1,-1,'2016-12-26 19:31:30',-1,'2016-12-26 19:31:30',-1,NULL,NULL,NULL,NULL,NULL,NULL,NULL,NULL,NULL,NULL,NULL,NULL,NULL,NULL,NULL,NULL),(10106,'lovitem.gridcolumnalign','en_GB','Column Align',1,-1,-1,-1,'2016-12-26 19:31:30',-1,'2016-12-26 19:31:30',-1,NULL,NULL,NULL,NULL,NULL,NULL,NULL,NULL,NULL,NULL,NULL,NULL,NULL,NULL,NULL,NULL),(10107,'lov.autocompletefield','zh_CN','',1,-1,-1,-1,'2016-12-26 19:31:30',-1,'2016-12-26 19:31:30',-1,NULL,NULL,NULL,NULL,NULL,NULL,NULL,NULL,NULL,NULL,NULL,NULL,NULL,NULL,NULL,NULL),(10108,'lov.autocompletefield','en_GB','AutoCompleteColumn',1,-1,-1,-1,'2016-12-26 19:31:30',-1,'2016-12-26 19:31:30',-1,NULL,NULL,NULL,NULL,NULL,NULL,NULL,NULL,NULL,NULL,NULL,NULL,NULL,NULL,NULL,NULL),(10109,'lov.canpopup','zh_CN','',1,-1,-1,-1,'2016-12-26 19:31:30',-1,'2016-12-26 19:31:30',-1,NULL,NULL,NULL,NULL,NULL,NULL,NULL,NULL,NULL,NULL,NULL,NULL,NULL,NULL,NULL,NULL),(10110,'lov.canpopup','en_GB','popup',1,-1,-1,-1,'2016-12-26 19:31:30',-1,'2016-12-26 19:31:30',-1,NULL,NULL,NULL,NULL,NULL,NULL,NULL,NULL,NULL,NULL,NULL,NULL,NULL,NULL,NULL,NULL),(10111,'lov.editable','zh_CN','',1,-1,-1,-1,'2016-12-26 19:31:30',-1,'2016-12-26 19:31:30',-1,NULL,NULL,NULL,NULL,NULL,NULL,NULL,NULL,NULL,NULL,NULL,NULL,NULL,NULL,NULL,NULL),(10112,'lov.editable','en_GB','editable',1,-1,-1,-1,'2016-12-26 19:31:30',-1,'2016-12-26 19:31:30',-1,NULL,NULL,NULL,NULL,NULL,NULL,NULL,NULL,NULL,NULL,NULL,NULL,NULL,NULL,NULL,NULL),(10113,'lovitem.field_type','zh_CN','',1,-1,-1,-1,'2016-12-26 19:31:30',-1,'2016-12-26 19:31:30',-1,NULL,NULL,NULL,NULL,NULL,NULL,NULL,NULL,NULL,NULL,NULL,NULL,NULL,NULL,NULL,NULL),(10114,'lovitem.field_type','en_GB','field type',1,-1,-1,-1,'2016-12-26 19:31:30',-1,'2016-12-26 19:31:30',-1,NULL,NULL,NULL,NULL,NULL,NULL,NULL,NULL,NULL,NULL,NULL,NULL,NULL,NULL,NULL,NULL),(10115,'lovitem.ds_type','zh_CN','',1,-1,-1,-1,'2016-12-26 19:31:30',-1,'2016-12-26 19:31:30',-1,NULL,NULL,NULL,NULL,NULL,NULL,NULL,NULL,NULL,NULL,NULL,NULL,NULL,NULL,NULL,NULL),(10116,'lovitem.ds_type','en_GB','',1,-1,-1,-1,'2016-12-26 19:31:30',-1,'2016-12-26 19:31:30',-1,NULL,NULL,NULL,NULL,NULL,NULL,NULL,NULL,NULL,NULL,NULL,NULL,NULL,NULL,NULL,NULL),(10117,'lovitem.ds_type.url','zh_CN','URL',1,-1,-1,-1,'2016-12-26 19:31:30',-1,'2016-12-26 19:31:30',-1,NULL,NULL,NULL,NULL,NULL,NULL,NULL,NULL,NULL,NULL,NULL,NULL,NULL,NULL,NULL,NULL),(10118,'lovitem.ds_type.url','en_GB','URL',1,-1,-1,-1,'2016-12-26 19:31:30',-1,'2016-12-26 19:31:30',-1,NULL,NULL,NULL,NULL,NULL,NULL,NULL,NULL,NULL,NULL,NULL,NULL,NULL,NULL,NULL,NULL),(10119,'lovitem.ds_type.code','zh_CN','',1,-1,-1,-1,'2016-12-26 19:31:30',-1,'2016-12-26 19:31:30',-1,NULL,NULL,NULL,NULL,NULL,NULL,NULL,NULL,NULL,NULL,NULL,NULL,NULL,NULL,NULL,NULL),(10120,'lovitem.ds_type.code','en_GB','Sys Code',1,-1,-1,-1,'2016-12-26 19:31:30',-1,'2016-12-26 19:31:30',-1,NULL,NULL,NULL,NULL,NULL,NULL,NULL,NULL,NULL,NULL,NULL,NULL,NULL,NULL,NULL,NULL),(10121,'user.username','zh_CN','',1,-1,-1,-1,'2016-12-26 19:31:30',-1,'2016-12-26 19:31:30',-1,NULL,NULL,NULL,NULL,NULL,NULL,NULL,NULL,NULL,NULL,NULL,NULL,NULL,NULL,NULL,NULL),(10122,'user.username','en_GB','User Name',1,-1,-1,-1,'2016-12-26 19:31:30',-1,'2016-12-26 19:31:30',-1,NULL,NULL,NULL,NULL,NULL,NULL,NULL,NULL,NULL,NULL,NULL,NULL,NULL,NULL,NULL,NULL),(10123,'user.password','zh_CN','',1,-1,-1,-1,'2016-12-26 19:31:30',-1,'2016-12-26 19:31:30',-1,NULL,NULL,NULL,NULL,NULL,NULL,NULL,NULL,NULL,NULL,NULL,NULL,NULL,NULL,NULL,NULL),(10124,'user.password','en_GB','Password',1,-1,-1,-1,'2016-12-26 19:31:30',-1,'2016-12-26 19:31:30',-1,NULL,NULL,NULL,NULL,NULL,NULL,NULL,NULL,NULL,NULL,NULL,NULL,NULL,NULL,NULL,NULL),(10125,'user.email','zh_CN','',1,-1,-1,-1,'2016-12-26 19:31:30',-1,'2016-12-26 19:31:30',-1,NULL,NULL,NULL,NULL,NULL,NULL,NULL,NULL,NULL,NULL,NULL,NULL,NULL,NULL,NULL,NULL),(10126,'user.email','en_GB','Email',1,-1,-1,-1,'2016-12-26 19:31:30',-1,'2016-12-26 19:31:30',-1,NULL,NULL,NULL,NULL,NULL,NULL,NULL,NULL,NULL,NULL,NULL,NULL,NULL,NULL,NULL,NULL),(10127,'user.phone','zh_CN','',1,-1,-1,-1,'2016-12-26 19:31:30',-1,'2016-12-26 19:31:30',-1,NULL,NULL,NULL,NULL,NULL,NULL,NULL,NULL,NULL,NULL,NULL,NULL,NULL,NULL,NULL,NULL),(10128,'user.phone','en_GB','Phone',1,-1,-1,-1,'2016-12-26 19:31:30',-1,'2016-12-26 19:31:30',-1,NULL,NULL,NULL,NULL,NULL,NULL,NULL,NULL,NULL,NULL,NULL,NULL,NULL,NULL,NULL,NULL),(10129,'role.rolecode','zh_CN','',1,-1,-1,-1,'2016-12-26 19:31:30',-1,'2016-12-26 19:31:30',-1,NULL,NULL,NULL,NULL,NULL,NULL,NULL,NULL,NULL,NULL,NULL,NULL,NULL,NULL,NULL,NULL),(10130,'role.rolecode','en_GB','Role Code',1,-1,-1,-1,'2016-12-26 19:31:30',-1,'2016-12-26 19:31:30',-1,NULL,NULL,NULL,NULL,NULL,NULL,NULL,NULL,NULL,NULL,NULL,NULL,NULL,NULL,NULL,NULL),(10131,'role.rolename','zh_CN','',1,-1,-1,-1,'2016-12-26 19:31:30',-1,'2016-12-26 19:31:30',-1,NULL,NULL,NULL,NULL,NULL,NULL,NULL,NULL,NULL,NULL,NULL,NULL,NULL,NULL,NULL,NULL),(10132,'role.rolename','en_GB','Role Name',1,-1,-1,-1,'2016-12-26 19:31:30',-1,'2016-12-26 19:31:30',-1,NULL,NULL,NULL,NULL,NULL,NULL,NULL,NULL,NULL,NULL,NULL,NULL,NULL,NULL,NULL,NULL),(10133,'role.roledescription','zh_CN','',1,-1,-1,-1,'2016-12-26 19:31:30',-1,'2016-12-26 19:31:30',-1,NULL,NULL,NULL,NULL,NULL,NULL,NULL,NULL,NULL,NULL,NULL,NULL,NULL,NULL,NULL,NULL),(10134,'role.roledescription','en_GB','Description',1,-1,-1,-1,'2016-12-26 19:31:30',-1,'2016-12-26 19:31:30',-1,NULL,NULL,NULL,NULL,NULL,NULL,NULL,NULL,NULL,NULL,NULL,NULL,NULL,NULL,NULL,NULL),(10135,'user.allocationrole','zh_CN','',1,-1,-1,-1,'2016-12-26 19:31:30',-1,'2016-12-26 19:31:30',-1,NULL,NULL,NULL,NULL,NULL,NULL,NULL,NULL,NULL,NULL,NULL,NULL,NULL,NULL,NULL,NULL),(10136,'user.allocationrole','en_GB','Role Allocate',1,-1,-1,-1,'2016-12-26 19:31:30',-1,'2016-12-26 19:31:30',-1,NULL,NULL,NULL,NULL,NULL,NULL,NULL,NULL,NULL,NULL,NULL,NULL,NULL,NULL,NULL,NULL),(10137,'code.code','zh_CN','',1,-1,-1,-1,'2016-12-26 19:31:30',-1,'2016-12-26 19:31:30',-1,NULL,NULL,NULL,NULL,NULL,NULL,NULL,NULL,NULL,NULL,NULL,NULL,NULL,NULL,NULL,NULL),(10138,'code.code','en_GB','Code',1,-1,-1,-1,'2016-12-26 19:31:30',-1,'2016-12-26 19:31:30',-1,NULL,NULL,NULL,NULL,NULL,NULL,NULL,NULL,NULL,NULL,NULL,NULL,NULL,NULL,NULL,NULL),(10139,'code.description','zh_CN','',1,-1,-1,-1,'2016-12-26 19:31:30',-1,'2016-12-26 19:31:30',-1,NULL,NULL,NULL,NULL,NULL,NULL,NULL,NULL,NULL,NULL,NULL,NULL,NULL,NULL,NULL,NULL),(10140,'code.description','en_GB','Description',1,-1,-1,-1,'2016-12-26 19:31:30',-1,'2016-12-26 19:31:30',-1,NULL,NULL,NULL,NULL,NULL,NULL,NULL,NULL,NULL,NULL,NULL,NULL,NULL,NULL,NULL,NULL),(10141,'hap.action','zh_CN','',1,-1,-1,-1,'2016-12-26 19:31:30',-1,'2016-12-26 19:31:30',-1,NULL,NULL,NULL,NULL,NULL,NULL,NULL,NULL,NULL,NULL,NULL,NULL,NULL,NULL,NULL,NULL),(10142,'hap.action','en_GB','Operation',1,-1,-1,-1,'2016-12-26 19:31:30',-1,'2016-12-26 19:31:30',-1,NULL,NULL,NULL,NULL,NULL,NULL,NULL,NULL,NULL,NULL,NULL,NULL,NULL,NULL,NULL,NULL),(10143,'codevalue.value','zh_CN','',1,-1,-1,-1,'2016-12-26 19:31:30',-1,'2016-12-26 19:31:30',-1,NULL,NULL,NULL,NULL,NULL,NULL,NULL,NULL,NULL,NULL,NULL,NULL,NULL,NULL,NULL,NULL),(10144,'codevalue.value','en_GB','Value',1,-1,-1,-1,'2016-12-26 19:31:30',-1,'2016-12-26 19:31:30',-1,NULL,NULL,NULL,NULL,NULL,NULL,NULL,NULL,NULL,NULL,NULL,NULL,NULL,NULL,NULL,NULL),(10145,'codevalue.meaning','zh_CN','',1,-1,-1,-1,'2016-12-26 19:31:30',-1,'2016-12-26 19:31:30',-1,NULL,NULL,NULL,NULL,NULL,NULL,NULL,NULL,NULL,NULL,NULL,NULL,NULL,NULL,NULL,NULL),(10146,'codevalue.meaning','en_GB','Meaning',1,-1,-1,-1,'2016-12-26 19:31:30',-1,'2016-12-26 19:31:30',-1,NULL,NULL,NULL,NULL,NULL,NULL,NULL,NULL,NULL,NULL,NULL,NULL,NULL,NULL,NULL,NULL),(10147,'codevalue.description','zh_CN','',1,-1,-1,-1,'2016-12-26 19:31:30',-1,'2016-12-26 19:31:30',-1,NULL,NULL,NULL,NULL,NULL,NULL,NULL,NULL,NULL,NULL,NULL,NULL,NULL,NULL,NULL,NULL),(10148,'codevalue.description','en_GB','Description',1,-1,-1,-1,'2016-12-26 19:31:30',-1,'2016-12-26 19:31:30',-1,NULL,NULL,NULL,NULL,NULL,NULL,NULL,NULL,NULL,NULL,NULL,NULL,NULL,NULL,NULL,NULL),(10149,'profile.profilename','zh_CN','',1,-1,-1,-1,'2016-12-26 19:31:30',-1,'2016-12-26 19:31:30',-1,NULL,NULL,NULL,NULL,NULL,NULL,NULL,NULL,NULL,NULL,NULL,NULL,NULL,NULL,NULL,NULL),(10150,'profile.profilename','en_GB','Name',1,-1,-1,-1,'2016-12-26 19:31:30',-1,'2016-12-26 19:31:30',-1,NULL,NULL,NULL,NULL,NULL,NULL,NULL,NULL,NULL,NULL,NULL,NULL,NULL,NULL,NULL,NULL),(10151,'profile.description','zh_CN','',1,-1,-1,-1,'2016-12-26 19:31:30',-1,'2016-12-26 19:31:30',-1,NULL,NULL,NULL,NULL,NULL,NULL,NULL,NULL,NULL,NULL,NULL,NULL,NULL,NULL,NULL,NULL),(10152,'profile.description','en_GB','Description',1,-1,-1,-1,'2016-12-26 19:31:30',-1,'2016-12-26 19:31:30',-1,NULL,NULL,NULL,NULL,NULL,NULL,NULL,NULL,NULL,NULL,NULL,NULL,NULL,NULL,NULL,NULL),(10153,'language.langcode','zh_CN','',1,-1,-1,-1,'2016-12-26 19:31:30',-1,'2016-12-26 19:31:30',-1,NULL,NULL,NULL,NULL,NULL,NULL,NULL,NULL,NULL,NULL,NULL,NULL,NULL,NULL,NULL,NULL),(10154,'language.langcode','en_GB','Lang Code',1,-1,-1,-1,'2016-12-26 19:31:30',-1,'2016-12-26 19:31:30',-1,NULL,NULL,NULL,NULL,NULL,NULL,NULL,NULL,NULL,NULL,NULL,NULL,NULL,NULL,NULL,NULL),(10155,'language.baselang','zh_CN','',1,-1,-1,-1,'2016-12-26 19:31:30',-1,'2016-12-26 19:31:30',-1,NULL,NULL,NULL,NULL,NULL,NULL,NULL,NULL,NULL,NULL,NULL,NULL,NULL,NULL,NULL,NULL),(10156,'language.baselang','en_GB','Base Lang',1,-1,-1,-1,'2016-12-26 19:31:30',-1,'2016-12-26 19:31:30',-1,NULL,NULL,NULL,NULL,NULL,NULL,NULL,NULL,NULL,NULL,NULL,NULL,NULL,NULL,NULL,NULL),(10157,'language.description','zh_CN','',1,-1,-1,-1,'2016-12-26 19:31:30',-1,'2016-12-26 19:31:30',-1,NULL,NULL,NULL,NULL,NULL,NULL,NULL,NULL,NULL,NULL,NULL,NULL,NULL,NULL,NULL,NULL),(10158,'language.description','en_GB','Description',1,-1,-1,-1,'2016-12-26 19:31:30',-1,'2016-12-26 19:31:30',-1,NULL,NULL,NULL,NULL,NULL,NULL,NULL,NULL,NULL,NULL,NULL,NULL,NULL,NULL,NULL,NULL),(10159,'jobdetaildto.jobname','zh_CN','',1,-1,-1,-1,'2016-12-26 19:31:30',-1,'2016-12-26 19:31:30',-1,NULL,NULL,NULL,NULL,NULL,NULL,NULL,NULL,NULL,NULL,NULL,NULL,NULL,NULL,NULL,NULL),(10160,'jobdetaildto.jobname','en_GB','Job Name',1,-1,-1,-1,'2016-12-26 19:31:30',-1,'2016-12-26 19:31:30',-1,NULL,NULL,NULL,NULL,NULL,NULL,NULL,NULL,NULL,NULL,NULL,NULL,NULL,NULL,NULL,NULL),(10161,'jobdetaildto.jobgroup','zh_CN','',1,-1,-1,-1,'2016-12-26 19:31:30',-1,'2016-12-26 19:31:30',-1,NULL,NULL,NULL,NULL,NULL,NULL,NULL,NULL,NULL,NULL,NULL,NULL,NULL,NULL,NULL,NULL),(10162,'jobdetaildto.jobgroup','en_GB','Job Group',1,-1,-1,-1,'2016-12-26 19:31:30',-1,'2016-12-26 19:31:30',-1,NULL,NULL,NULL,NULL,NULL,NULL,NULL,NULL,NULL,NULL,NULL,NULL,NULL,NULL,NULL,NULL),(10163,'jobdetaildto.jobclassname','zh_CN','',1,-1,-1,-1,'2016-12-26 19:31:30',-1,'2016-12-26 19:31:30',-1,NULL,NULL,NULL,NULL,NULL,NULL,NULL,NULL,NULL,NULL,NULL,NULL,NULL,NULL,NULL,NULL),(10164,'jobdetaildto.jobclassname','en_GB','Job Class',1,-1,-1,-1,'2016-12-26 19:31:30',-1,'2016-12-26 19:31:30',-1,NULL,NULL,NULL,NULL,NULL,NULL,NULL,NULL,NULL,NULL,NULL,NULL,NULL,NULL,NULL,NULL),(10165,'jobdetaildto.description','zh_CN','',1,-1,-1,-1,'2016-12-26 19:31:30',-1,'2016-12-26 19:31:30',-1,NULL,NULL,NULL,NULL,NULL,NULL,NULL,NULL,NULL,NULL,NULL,NULL,NULL,NULL,NULL,NULL),(10166,'jobdetaildto.description','en_GB','Job Description',1,-1,-1,-1,'2016-12-26 19:31:30',-1,'2016-12-26 19:31:30',-1,NULL,NULL,NULL,NULL,NULL,NULL,NULL,NULL,NULL,NULL,NULL,NULL,NULL,NULL,NULL,NULL),(10167,'jobrunninginfodto.previousfiretime','zh_CN','',1,-1,-1,-1,'2016-12-26 19:31:30',-1,'2016-12-26 19:31:30',-1,NULL,NULL,NULL,NULL,NULL,NULL,NULL,NULL,NULL,NULL,NULL,NULL,NULL,NULL,NULL,NULL),(10168,'jobrunninginfodto.previousfiretime','en_GB','Pre Fire Time',1,-1,-1,-1,'2016-12-26 19:31:30',-1,'2016-12-26 19:31:30',-1,NULL,NULL,NULL,NULL,NULL,NULL,NULL,NULL,NULL,NULL,NULL,NULL,NULL,NULL,NULL,NULL),(10169,'jobrunninginfodto.scheduledfiretime','zh_CN','',1,-1,-1,-1,'2016-12-26 19:31:30',-1,'2016-12-26 19:31:30',-1,NULL,NULL,NULL,NULL,NULL,NULL,NULL,NULL,NULL,NULL,NULL,NULL,NULL,NULL,NULL,NULL),(10170,'jobrunninginfodto.scheduledfiretime','en_GB','Sched Fire Time',1,-1,-1,-1,'2016-12-26 19:31:30',-1,'2016-12-26 19:31:30',-1,NULL,NULL,NULL,NULL,NULL,NULL,NULL,NULL,NULL,NULL,NULL,NULL,NULL,NULL,NULL,NULL),(10171,'jobrunninginfodto.nextfiretime','zh_CN','',1,-1,-1,-1,'2016-12-26 19:31:30',-1,'2016-12-26 19:31:30',-1,NULL,NULL,NULL,NULL,NULL,NULL,NULL,NULL,NULL,NULL,NULL,NULL,NULL,NULL,NULL,NULL),(10172,'jobrunninginfodto.nextfiretime','en_GB','Next Fire Time',1,-1,-1,-1,'2016-12-26 19:31:30',-1,'2016-12-26 19:31:30',-1,NULL,NULL,NULL,NULL,NULL,NULL,NULL,NULL,NULL,NULL,NULL,NULL,NULL,NULL,NULL,NULL),(10173,'jobrunninginfodto.firetime','zh_CN','',1,-1,-1,-1,'2016-12-26 19:31:30',-1,'2016-12-26 19:31:30',-1,NULL,NULL,NULL,NULL,NULL,NULL,NULL,NULL,NULL,NULL,NULL,NULL,NULL,NULL,NULL,NULL),(10174,'jobrunninginfodto.firetime','en_GB','Accurate Fire Time',1,-1,-1,-1,'2016-12-26 19:31:30',-1,'2016-12-26 19:31:30',-1,NULL,NULL,NULL,NULL,NULL,NULL,NULL,NULL,NULL,NULL,NULL,NULL,NULL,NULL,NULL,NULL),(10175,'jobrunninginfodto.jobstatus','zh_CN','',1,-1,-1,-1,'2016-12-26 19:31:30',-1,'2016-12-26 19:31:30',-1,NULL,NULL,NULL,NULL,NULL,NULL,NULL,NULL,NULL,NULL,NULL,NULL,NULL,NULL,NULL,NULL),(10176,'jobrunninginfodto.jobstatus','en_GB','Job Status',1,-1,-1,-1,'2016-12-26 19:31:30',-1,'2016-12-26 19:31:30',-1,NULL,NULL,NULL,NULL,NULL,NULL,NULL,NULL,NULL,NULL,NULL,NULL,NULL,NULL,NULL,NULL),(10177,'jobrunninginfodto.executionsummary','zh_CN','',1,-1,-1,-1,'2016-12-26 19:31:30',-1,'2016-12-26 19:31:30',-1,NULL,NULL,NULL,NULL,NULL,NULL,NULL,NULL,NULL,NULL,NULL,NULL,NULL,NULL,NULL,NULL),(10178,'jobrunninginfodto.executionsummary','en_GB','Execution Summary',1,-1,-1,-1,'2016-12-26 19:31:30',-1,'2016-12-26 19:31:30',-1,NULL,NULL,NULL,NULL,NULL,NULL,NULL,NULL,NULL,NULL,NULL,NULL,NULL,NULL,NULL,NULL),(10179,'hap.pause','zh_CN','',1,-1,-1,-1,'2016-12-26 19:31:30',-1,'2016-12-26 19:31:30',-1,NULL,NULL,NULL,NULL,NULL,NULL,NULL,NULL,NULL,NULL,NULL,NULL,NULL,NULL,NULL,NULL),(10180,'hap.pause','en_GB','Pause',1,-1,-1,-1,'2016-12-26 19:31:30',-1,'2016-12-26 19:31:30',-1,NULL,NULL,NULL,NULL,NULL,NULL,NULL,NULL,NULL,NULL,NULL,NULL,NULL,NULL,NULL,NULL),(10181,'hap.resume','zh_CN','',1,-1,-1,-1,'2016-12-26 19:31:30',-1,'2016-12-26 19:31:30',-1,NULL,NULL,NULL,NULL,NULL,NULL,NULL,NULL,NULL,NULL,NULL,NULL,NULL,NULL,NULL,NULL),(10182,'hap.resume','en_GB','Resume',1,-1,-1,-1,'2016-12-26 19:31:30',-1,'2016-12-26 19:31:30',-1,NULL,NULL,NULL,NULL,NULL,NULL,NULL,NULL,NULL,NULL,NULL,NULL,NULL,NULL,NULL,NULL),(10183,'job.newcronjob','zh_CN',' CRON ',1,-1,-1,-1,'2016-12-26 19:31:30',-1,'2016-12-26 19:31:30',-1,NULL,NULL,NULL,NULL,NULL,NULL,NULL,NULL,NULL,NULL,NULL,NULL,NULL,NULL,NULL,NULL),(10184,'job.newcronjob','en_GB','New Cron Job',1,-1,-1,-1,'2016-12-26 19:31:30',-1,'2016-12-26 19:31:30',-1,NULL,NULL,NULL,NULL,NULL,NULL,NULL,NULL,NULL,NULL,NULL,NULL,NULL,NULL,NULL,NULL),(10185,'job.newsimplejob','zh_CN','',1,-1,-1,-1,'2016-12-26 19:31:30',-1,'2016-12-26 19:31:30',-1,NULL,NULL,NULL,NULL,NULL,NULL,NULL,NULL,NULL,NULL,NULL,NULL,NULL,NULL,NULL,NULL),(10186,'job.newsimplejob','en_GB','New Simple Job',1,-1,-1,-1,'2016-12-26 19:31:30',-1,'2016-12-26 19:31:30',-1,NULL,NULL,NULL,NULL,NULL,NULL,NULL,NULL,NULL,NULL,NULL,NULL,NULL,NULL,NULL,NULL),(10187,'prompt.promptcode','zh_CN','',1,-1,-1,-1,'2016-12-26 19:31:30',-1,'2016-12-26 19:31:30',-1,NULL,NULL,NULL,NULL,NULL,NULL,NULL,NULL,NULL,NULL,NULL,NULL,NULL,NULL,NULL,NULL),(10188,'prompt.promptcode','en_GB','Prompt Code',1,-1,-1,-1,'2016-12-26 19:31:30',-1,'2016-12-26 19:31:30',-1,NULL,NULL,NULL,NULL,NULL,NULL,NULL,NULL,NULL,NULL,NULL,NULL,NULL,NULL,NULL,NULL),(10189,'prompt.sourcelang','zh_CN','',1,-1,-1,-1,'2016-12-26 19:31:30',-1,'2016-12-26 19:31:30',-1,NULL,NULL,NULL,NULL,NULL,NULL,NULL,NULL,NULL,NULL,NULL,NULL,NULL,NULL,NULL,NULL),(10190,'prompt.sourcelang','en_GB','Language',1,-1,-1,-1,'2016-12-26 19:31:30',-1,'2016-12-26 19:31:30',-1,NULL,NULL,NULL,NULL,NULL,NULL,NULL,NULL,NULL,NULL,NULL,NULL,NULL,NULL,NULL,NULL),(10191,'prompt.description','zh_CN','',1,-1,-1,-1,'2016-12-26 19:31:30',-1,'2016-12-26 19:31:30',-1,NULL,NULL,NULL,NULL,NULL,NULL,NULL,NULL,NULL,NULL,NULL,NULL,NULL,NULL,NULL,NULL),(10192,'prompt.description','en_GB','Description',1,-1,-1,-1,'2016-12-26 19:31:30',-1,'2016-12-26 19:31:30',-1,NULL,NULL,NULL,NULL,NULL,NULL,NULL,NULL,NULL,NULL,NULL,NULL,NULL,NULL,NULL,NULL),(10193,'function.modulecode','zh_CN','',1,-1,-1,-1,'2016-12-26 19:31:30',-1,'2016-12-26 19:31:30',-1,NULL,NULL,NULL,NULL,NULL,NULL,NULL,NULL,NULL,NULL,NULL,NULL,NULL,NULL,NULL,NULL),(10194,'function.modulecode','en_GB','Module Code',1,-1,-1,-1,'2016-12-26 19:31:30',-1,'2016-12-26 19:31:30',-1,NULL,NULL,NULL,NULL,NULL,NULL,NULL,NULL,NULL,NULL,NULL,NULL,NULL,NULL,NULL,NULL),(10195,'function.functioncode','zh_CN','',1,-1,-1,-1,'2016-12-26 19:31:30',-1,'2016-12-26 19:31:30',-1,NULL,NULL,NULL,NULL,NULL,NULL,NULL,NULL,NULL,NULL,NULL,NULL,NULL,NULL,NULL,NULL),(10196,'funciton.functioncode','en_GB','Function Code',1,-1,-1,-1,'2016-12-26 19:31:30',-1,'2016-12-26 19:31:30',-1,NULL,NULL,NULL,NULL,NULL,NULL,NULL,NULL,NULL,NULL,NULL,NULL,NULL,NULL,NULL,NULL),(10197,'function.functionname','zh_CN','',1,-1,-1,-1,'2016-12-26 19:31:30',-1,'2016-12-26 19:31:30',-1,NULL,NULL,NULL,NULL,NULL,NULL,NULL,NULL,NULL,NULL,NULL,NULL,NULL,NULL,NULL,NULL),(10198,'function.functionname','en_GB','Function Name',1,-1,-1,-1,'2016-12-26 19:31:30',-1,'2016-12-26 19:31:30',-1,NULL,NULL,NULL,NULL,NULL,NULL,NULL,NULL,NULL,NULL,NULL,NULL,NULL,NULL,NULL,NULL),(10199,'function.parentfunctionid','zh_CN','',1,-1,-1,-1,'2016-12-26 19:31:30',-1,'2016-12-26 19:31:30',-1,NULL,NULL,NULL,NULL,NULL,NULL,NULL,NULL,NULL,NULL,NULL,NULL,NULL,NULL,NULL,NULL),(10200,'function.parentfunctionid','en_GB','Parent Function',1,-1,-1,-1,'2016-12-26 19:31:30',-1,'2016-12-26 19:31:30',-1,NULL,NULL,NULL,NULL,NULL,NULL,NULL,NULL,NULL,NULL,NULL,NULL,NULL,NULL,NULL,NULL),(10201,'function.functionicon','zh_CN','',1,-1,-1,-1,'2016-12-26 19:31:30',-1,'2016-12-26 19:31:30',-1,NULL,NULL,NULL,NULL,NULL,NULL,NULL,NULL,NULL,NULL,NULL,NULL,NULL,NULL,NULL,NULL),(10202,'function.functionicon','en_GB','Function Icon',1,-1,-1,-1,'2016-12-26 19:31:30',-1,'2016-12-26 19:31:30',-1,NULL,NULL,NULL,NULL,NULL,NULL,NULL,NULL,NULL,NULL,NULL,NULL,NULL,NULL,NULL,NULL),(10203,'function.functionsequence','zh_CN','',1,-1,-1,-1,'2016-12-26 19:31:30',-1,'2016-12-26 19:31:30',-1,NULL,NULL,NULL,NULL,NULL,NULL,NULL,NULL,NULL,NULL,NULL,NULL,NULL,NULL,NULL,NULL),(10204,'function.functionsequence','en_GB','Function Seq',1,-1,-1,-1,'2016-12-26 19:31:30',-1,'2016-12-26 19:31:30',-1,NULL,NULL,NULL,NULL,NULL,NULL,NULL,NULL,NULL,NULL,NULL,NULL,NULL,NULL,NULL,NULL),(10205,'function.functiondescription','zh_CN','',1,-1,-1,-1,'2016-12-26 19:31:30',-1,'2016-12-26 19:31:30',-1,NULL,NULL,NULL,NULL,NULL,NULL,NULL,NULL,NULL,NULL,NULL,NULL,NULL,NULL,NULL,NULL),(10206,'function.functiondescription','en_GB','Description',1,-1,-1,-1,'2016-12-26 19:31:30',-1,'2016-12-26 19:31:30',-1,NULL,NULL,NULL,NULL,NULL,NULL,NULL,NULL,NULL,NULL,NULL,NULL,NULL,NULL,NULL,NULL),(10207,'function.mainpage','zh_CN','',1,-1,-1,-1,'2016-12-26 19:31:30',-1,'2016-12-26 19:31:30',-1,NULL,NULL,NULL,NULL,NULL,NULL,NULL,NULL,NULL,NULL,NULL,NULL,NULL,NULL,NULL,NULL),(10208,'function.mainpage','en_GB','Entry Page',1,-1,-1,-1,'2016-12-26 19:31:30',-1,'2016-12-26 19:31:30',-1,NULL,NULL,NULL,NULL,NULL,NULL,NULL,NULL,NULL,NULL,NULL,NULL,NULL,NULL,NULL,NULL),(10209,'function.functionresource','zh_CN','',1,-1,-1,-1,'2016-12-26 19:31:30',-1,'2016-12-26 19:31:30',-1,NULL,NULL,NULL,NULL,NULL,NULL,NULL,NULL,NULL,NULL,NULL,NULL,NULL,NULL,NULL,NULL),(10210,'function.functionresource','en_GB','Resources',1,-1,-1,-1,'2016-12-26 19:31:30',-1,'2016-12-26 19:31:30',-1,NULL,NULL,NULL,NULL,NULL,NULL,NULL,NULL,NULL,NULL,NULL,NULL,NULL,NULL,NULL,NULL),(10211,'function.resourceallocation','zh_CN','',1,-1,-1,-1,'2016-12-26 19:31:30',-1,'2016-12-26 19:31:30',-1,NULL,NULL,NULL,NULL,NULL,NULL,NULL,NULL,NULL,NULL,NULL,NULL,NULL,NULL,NULL,NULL),(10212,'function.resourceallocation','en_GB','Resource Allocation',1,-1,-1,-1,'2016-12-26 19:31:30',-1,'2016-12-26 19:31:30',-1,NULL,NULL,NULL,NULL,NULL,NULL,NULL,NULL,NULL,NULL,NULL,NULL,NULL,NULL,NULL,NULL),(10213,'resource.url','zh_CN','URL',1,-1,-1,-1,'2016-12-26 19:31:30',-1,'2016-12-26 19:31:30',-1,NULL,NULL,NULL,NULL,NULL,NULL,NULL,NULL,NULL,NULL,NULL,NULL,NULL,NULL,NULL,NULL),(10214,'resource.url','en_GB','URL',1,-1,-1,-1,'2016-12-26 19:31:30',-1,'2016-12-26 19:31:30',-1,NULL,NULL,NULL,NULL,NULL,NULL,NULL,NULL,NULL,NULL,NULL,NULL,NULL,NULL,NULL,NULL),(10215,'resource.type','zh_CN','',1,-1,-1,-1,'2016-12-26 19:31:30',-1,'2016-12-26 19:31:30',-1,NULL,NULL,NULL,NULL,NULL,NULL,NULL,NULL,NULL,NULL,NULL,NULL,NULL,NULL,NULL,NULL),(10216,'resource.type','en_GB','Type',1,-1,-1,-1,'2016-12-26 19:31:30',-1,'2016-12-26 19:31:30',-1,NULL,NULL,NULL,NULL,NULL,NULL,NULL,NULL,NULL,NULL,NULL,NULL,NULL,NULL,NULL,NULL),(10217,'resource.name','zh_CN','',1,-1,-1,-1,'2016-12-26 19:31:30',-1,'2016-12-26 19:31:30',-1,NULL,NULL,NULL,NULL,NULL,NULL,NULL,NULL,NULL,NULL,NULL,NULL,NULL,NULL,NULL,NULL),(10218,'resource.name','en_GB','Name',1,-1,-1,-1,'2016-12-26 19:31:30',-1,'2016-12-26 19:31:30',-1,NULL,NULL,NULL,NULL,NULL,NULL,NULL,NULL,NULL,NULL,NULL,NULL,NULL,NULL,NULL,NULL),(10219,'resource.loginrequire','zh_CN','',1,-1,-1,-1,'2016-12-26 19:31:30',-1,'2016-12-26 19:31:30',-1,NULL,NULL,NULL,NULL,NULL,NULL,NULL,NULL,NULL,NULL,NULL,NULL,NULL,NULL,NULL,NULL),(10220,'resource.loginrequire','en_GB','Login Require',1,-1,-1,-1,'2016-12-26 19:31:30',-1,'2016-12-26 19:31:30',-1,NULL,NULL,NULL,NULL,NULL,NULL,NULL,NULL,NULL,NULL,NULL,NULL,NULL,NULL,NULL,NULL),(10221,'resource.accesscheck','zh_CN','',1,-1,-1,-1,'2016-12-26 19:31:30',-1,'2016-12-26 19:31:30',-1,NULL,NULL,NULL,NULL,NULL,NULL,NULL,NULL,NULL,NULL,NULL,NULL,NULL,NULL,NULL,NULL),(10222,'resource.accesscheck','en_GB','Access Check',1,-1,-1,-1,'2016-12-26 19:31:30',-1,'2016-12-26 19:31:30',-1,NULL,NULL,NULL,NULL,NULL,NULL,NULL,NULL,NULL,NULL,NULL,NULL,NULL,NULL,NULL,NULL),(10223,'resource.description','zh_CN','',1,-1,-1,-1,'2016-12-26 19:31:30',-1,'2016-12-26 19:31:30',-1,NULL,NULL,NULL,NULL,NULL,NULL,NULL,NULL,NULL,NULL,NULL,NULL,NULL,NULL,NULL,NULL),(10224,'resource.description','en_GB','Description',1,-1,-1,-1,'2016-12-26 19:31:30',-1,'2016-12-26 19:31:30',-1,NULL,NULL,NULL,NULL,NULL,NULL,NULL,NULL,NULL,NULL,NULL,NULL,NULL,NULL,NULL,NULL),(10225,'resource.resourceitem','zh_CN','',1,-1,-1,-1,'2016-12-26 19:31:30',-1,'2016-12-26 19:31:30',-1,NULL,NULL,NULL,NULL,NULL,NULL,NULL,NULL,NULL,NULL,NULL,NULL,NULL,NULL,NULL,NULL),(10226,'resource.resourceitem','en_GB','Resource Item',1,-1,-1,-1,'2016-12-26 19:31:30',-1,'2016-12-26 19:31:30',-1,NULL,NULL,NULL,NULL,NULL,NULL,NULL,NULL,NULL,NULL,NULL,NULL,NULL,NULL,NULL,NULL),(10227,'resource.itemallocation','zh_CN','',1,-1,-1,-1,'2016-12-26 19:31:30',-1,'2016-12-26 19:31:30',-1,NULL,NULL,NULL,NULL,NULL,NULL,NULL,NULL,NULL,NULL,NULL,NULL,NULL,NULL,NULL,NULL),(10228,'resource.itemallocation','en_GB','Items',1,-1,-1,-1,'2016-12-26 19:31:30',-1,'2016-12-26 19:31:30',-1,NULL,NULL,NULL,NULL,NULL,NULL,NULL,NULL,NULL,NULL,NULL,NULL,NULL,NULL,NULL,NULL),(10229,'resourceitem.itemid','zh_CN','',1,-1,-1,-1,'2016-12-26 19:31:30',-1,'2016-12-26 19:31:30',-1,NULL,NULL,NULL,NULL,NULL,NULL,NULL,NULL,NULL,NULL,NULL,NULL,NULL,NULL,NULL,NULL),(10230,'resourceitem.itemid','en_GB','Item ID',1,-1,-1,-1,'2016-12-26 19:31:30',-1,'2016-12-26 19:31:30',-1,NULL,NULL,NULL,NULL,NULL,NULL,NULL,NULL,NULL,NULL,NULL,NULL,NULL,NULL,NULL,NULL),(10231,'resourceitem.itemname','zh_CN','',1,-1,-1,-1,'2016-12-26 19:31:30',-1,'2016-12-26 19:31:30',-1,NULL,NULL,NULL,NULL,NULL,NULL,NULL,NULL,NULL,NULL,NULL,NULL,NULL,NULL,NULL,NULL),(10232,'resourceitem.itemname','en_GB','Item Name',1,-1,-1,-1,'2016-12-26 19:31:30',-1,'2016-12-26 19:31:30',-1,NULL,NULL,NULL,NULL,NULL,NULL,NULL,NULL,NULL,NULL,NULL,NULL,NULL,NULL,NULL,NULL),(10233,'resourceitem.description','zh_CN','',1,-1,-1,-1,'2016-12-26 19:31:30',-1,'2016-12-26 19:31:30',-1,NULL,NULL,NULL,NULL,NULL,NULL,NULL,NULL,NULL,NULL,NULL,NULL,NULL,NULL,NULL,NULL),(10234,'resourceitem.description','en_GB','Description',1,-1,-1,-1,'2016-12-26 19:31:30',-1,'2016-12-26 19:31:30',-1,NULL,NULL,NULL,NULL,NULL,NULL,NULL,NULL,NULL,NULL,NULL,NULL,NULL,NULL,NULL,NULL),(10235,'resourceitem.resource','zh_CN','',1,-1,-1,-1,'2016-12-26 19:31:30',-1,'2016-12-26 19:31:30',-1,NULL,NULL,NULL,NULL,NULL,NULL,NULL,NULL,NULL,NULL,NULL,NULL,NULL,NULL,NULL,NULL),(10236,'resourceitem.resource','en_GB','Target Resource',1,-1,-1,-1,'2016-12-26 19:31:30',-1,'2016-12-26 19:31:30',-1,NULL,NULL,NULL,NULL,NULL,NULL,NULL,NULL,NULL,NULL,NULL,NULL,NULL,NULL,NULL,NULL),(10237,'hap.expand','zh_CN','',1,-1,-1,-1,'2016-12-26 19:31:30',-1,'2016-12-26 19:31:30',-1,NULL,NULL,NULL,NULL,NULL,NULL,NULL,NULL,NULL,NULL,NULL,NULL,NULL,NULL,NULL,NULL),(10238,'hap.expand','en_GB','Expand',1,-1,-1,-1,'2016-12-26 19:31:30',-1,'2016-12-26 19:31:30',-1,NULL,NULL,NULL,NULL,NULL,NULL,NULL,NULL,NULL,NULL,NULL,NULL,NULL,NULL,NULL,NULL),(10239,'hap.collapse','zh_CN','',1,-1,-1,-1,'2016-12-26 19:31:30',-1,'2016-12-26 19:31:30',-1,NULL,NULL,NULL,NULL,NULL,NULL,NULL,NULL,NULL,NULL,NULL,NULL,NULL,NULL,NULL,NULL),(10240,'hap.collapse','en_GB','Collapse',1,-1,-1,-1,'2016-12-26 19:31:30',-1,'2016-12-26 19:31:30',-1,NULL,NULL,NULL,NULL,NULL,NULL,NULL,NULL,NULL,NULL,NULL,NULL,NULL,NULL,NULL,NULL),(10241,'hap.comment','zh_CN','',1,-1,-1,-1,'2016-12-26 19:31:30',-1,'2016-12-26 19:31:30',-1,NULL,NULL,NULL,NULL,NULL,NULL,NULL,NULL,NULL,NULL,NULL,NULL,NULL,NULL,NULL,NULL),(10242,'hap.comment','en_GB','Comment',1,-1,-1,-1,'2016-12-26 19:31:30',-1,'2016-12-26 19:31:30',-1,NULL,NULL,NULL,NULL,NULL,NULL,NULL,NULL,NULL,NULL,NULL,NULL,NULL,NULL,NULL,NULL),(10243,'messageemailconfig.configcode','zh_CN','',1,-1,-1,-1,'2016-12-26 19:31:30',-1,'2016-12-26 19:31:30',-1,NULL,NULL,NULL,NULL,NULL,NULL,NULL,NULL,NULL,NULL,NULL,NULL,NULL,NULL,NULL,NULL),(10244,'messageemailconfig.configcode','en_GB','Config Code',1,-1,-1,-1,'2016-12-26 19:31:30',-1,'2016-12-26 19:31:30',-1,NULL,NULL,NULL,NULL,NULL,NULL,NULL,NULL,NULL,NULL,NULL,NULL,NULL,NULL,NULL,NULL),(10245,'messageemailconfig.introduction','zh_CN','',1,-1,-1,-1,'2016-12-26 19:31:30',-1,'2016-12-26 19:31:30',-1,NULL,NULL,NULL,NULL,NULL,NULL,NULL,NULL,NULL,NULL,NULL,NULL,NULL,NULL,NULL,NULL),(10246,'messageemailconfig.introduction','en_GB','Introduction',1,-1,-1,-1,'2016-12-26 19:31:30',-1,'2016-12-26 19:31:30',-1,NULL,NULL,NULL,NULL,NULL,NULL,NULL,NULL,NULL,NULL,NULL,NULL,NULL,NULL,NULL,NULL),(10247,'messageemailconfig.host','zh_CN','',1,-1,-1,-1,'2016-12-26 19:31:30',-1,'2016-12-26 19:31:30',-1,NULL,NULL,NULL,NULL,NULL,NULL,NULL,NULL,NULL,NULL,NULL,NULL,NULL,NULL,NULL,NULL),(10248,'messageemailconfig.host','en_GB','SMTP Host',1,-1,-1,-1,'2016-12-26 19:31:30',-1,'2016-12-26 19:31:30',-1,NULL,NULL,NULL,NULL,NULL,NULL,NULL,NULL,NULL,NULL,NULL,NULL,NULL,NULL,NULL,NULL),(10249,'messageemailconfig.port','zh_CN','',1,-1,-1,-1,'2016-12-26 19:31:30',-1,'2016-12-26 19:31:30',-1,NULL,NULL,NULL,NULL,NULL,NULL,NULL,NULL,NULL,NULL,NULL,NULL,NULL,NULL,NULL,NULL),(10250,'messageemailconfig.port','en_GB','Port',1,-1,-1,-1,'2016-12-26 19:31:30',-1,'2016-12-26 19:31:30',-1,NULL,NULL,NULL,NULL,NULL,NULL,NULL,NULL,NULL,NULL,NULL,NULL,NULL,NULL,NULL,NULL),(10251,'messageemailconfig.trytimes','zh_CN','',1,-1,-1,-1,'2016-12-26 19:31:30',-1,'2016-12-26 19:31:30',-1,NULL,NULL,NULL,NULL,NULL,NULL,NULL,NULL,NULL,NULL,NULL,NULL,NULL,NULL,NULL,NULL),(10252,'messageemailconfig.trytimes','en_GB','Try Times',1,-1,-1,-1,'2016-12-26 19:31:30',-1,'2016-12-26 19:31:30',-1,NULL,NULL,NULL,NULL,NULL,NULL,NULL,NULL,NULL,NULL,NULL,NULL,NULL,NULL,NULL,NULL),(10253,'messageemailconfig.usewhitelist','zh_CN','',1,-1,-1,-1,'2016-12-26 19:31:30',-1,'2016-12-26 19:31:30',-1,NULL,NULL,NULL,NULL,NULL,NULL,NULL,NULL,NULL,NULL,NULL,NULL,NULL,NULL,NULL,NULL),(10254,'messageemailconfig.usewhitelist','en_GB','Use White List',1,-1,-1,-1,'2016-12-26 19:31:30',-1,'2016-12-26 19:31:30',-1,NULL,NULL,NULL,NULL,NULL,NULL,NULL,NULL,NULL,NULL,NULL,NULL,NULL,NULL,NULL,NULL),(10255,'messageemailconfig.username','zh_CN','',1,-1,-1,-1,'2016-12-26 19:31:30',-1,'2016-12-26 19:31:30',-1,NULL,NULL,NULL,NULL,NULL,NULL,NULL,NULL,NULL,NULL,NULL,NULL,NULL,NULL,NULL,NULL),(10256,'messageemailconfig.username','en_GB','User Name',1,-1,-1,-1,'2016-12-26 19:31:30',-1,'2016-12-26 19:31:30',-1,NULL,NULL,NULL,NULL,NULL,NULL,NULL,NULL,NULL,NULL,NULL,NULL,NULL,NULL,NULL,NULL),(10257,'messageemailconfig.password','zh_CN','',1,-1,-1,-1,'2016-12-26 19:31:30',-1,'2016-12-26 19:31:30',-1,NULL,NULL,NULL,NULL,NULL,NULL,NULL,NULL,NULL,NULL,NULL,NULL,NULL,NULL,NULL,NULL),(10258,'messageemailconfig.password','en_GB','Password',1,-1,-1,-1,'2016-12-26 19:31:30',-1,'2016-12-26 19:31:30',-1,NULL,NULL,NULL,NULL,NULL,NULL,NULL,NULL,NULL,NULL,NULL,NULL,NULL,NULL,NULL,NULL),(10259,'messageemailconfig.accountcode','zh_CN','',1,-1,-1,-1,'2016-12-26 19:31:30',-1,'2016-12-26 19:31:30',-1,NULL,NULL,NULL,NULL,NULL,NULL,NULL,NULL,NULL,NULL,NULL,NULL,NULL,NULL,NULL,NULL),(10260,'messageemailconfig.accountcode','en_GB','Account Code',1,-1,-1,-1,'2016-12-26 19:31:30',-1,'2016-12-26 19:31:30',-1,NULL,NULL,NULL,NULL,NULL,NULL,NULL,NULL,NULL,NULL,NULL,NULL,NULL,NULL,NULL,NULL),(10261,'messageemailconfig.account','zh_CN','',1,-1,-1,-1,'2016-12-26 19:31:30',-1,'2016-12-26 19:31:30',-1,NULL,NULL,NULL,NULL,NULL,NULL,NULL,NULL,NULL,NULL,NULL,NULL,NULL,NULL,NULL,NULL),(10262,'messageemailconfig.account','en_GB','Account',1,-1,-1,-1,'2016-12-26 19:31:30',-1,'2016-12-26 19:31:30',-1,NULL,NULL,NULL,NULL,NULL,NULL,NULL,NULL,NULL,NULL,NULL,NULL,NULL,NULL,NULL,NULL),(10263,'messageemailconfig.whitelist','zh_CN','',1,-1,-1,-1,'2016-12-26 19:31:30',-1,'2016-12-26 19:31:30',-1,NULL,NULL,NULL,NULL,NULL,NULL,NULL,NULL,NULL,NULL,NULL,NULL,NULL,NULL,NULL,NULL),(10264,'messageemailconfig.whitelist','en_GB','White List',1,-1,-1,-1,'2016-12-26 19:31:30',-1,'2016-12-26 19:31:30',-1,NULL,NULL,NULL,NULL,NULL,NULL,NULL,NULL,NULL,NULL,NULL,NULL,NULL,NULL,NULL,NULL),(10265,'messageemailconfig.address','zh_CN','',1,-1,-1,-1,'2016-12-26 19:31:30',-1,'2016-12-26 19:31:30',-1,NULL,NULL,NULL,NULL,NULL,NULL,NULL,NULL,NULL,NULL,NULL,NULL,NULL,NULL,NULL,NULL),(10266,'messageemailconfig.address','en_GB','Address',1,-1,-1,-1,'2016-12-26 19:31:30',-1,'2016-12-26 19:31:30',-1,NULL,NULL,NULL,NULL,NULL,NULL,NULL,NULL,NULL,NULL,NULL,NULL,NULL,NULL,NULL,NULL),(10267,'messagetemplate.templatecode','zh_CN','',1,-1,-1,-1,'2016-12-26 19:31:30',-1,'2016-12-26 19:31:30',-1,NULL,NULL,NULL,NULL,NULL,NULL,NULL,NULL,NULL,NULL,NULL,NULL,NULL,NULL,NULL,NULL),(10268,'messagetemplate.templatecode','en_GB','Template Code',1,-1,-1,-1,'2016-12-26 19:31:30',-1,'2016-12-26 19:31:30',-1,NULL,NULL,NULL,NULL,NULL,NULL,NULL,NULL,NULL,NULL,NULL,NULL,NULL,NULL,NULL,NULL),(10269,'messagetemplate.name','zh_CN','',1,-1,-1,-1,'2016-12-26 19:31:30',-1,'2016-12-26 19:31:30',-1,NULL,NULL,NULL,NULL,NULL,NULL,NULL,NULL,NULL,NULL,NULL,NULL,NULL,NULL,NULL,NULL),(10270,'messagetemplate.name','en_GB','Template Name',1,-1,-1,-1,'2016-12-26 19:31:30',-1,'2016-12-26 19:31:30',-1,NULL,NULL,NULL,NULL,NULL,NULL,NULL,NULL,NULL,NULL,NULL,NULL,NULL,NULL,NULL,NULL),(10271,'messagetemplate.prioritylevel','zh_CN','',1,-1,-1,-1,'2016-12-26 19:31:30',-1,'2016-12-26 19:31:30',-1,NULL,NULL,NULL,NULL,NULL,NULL,NULL,NULL,NULL,NULL,NULL,NULL,NULL,NULL,NULL,NULL),(10272,'messagetemplate.prioritylevel','en_GB','Priority',1,-1,-1,-1,'2016-12-26 19:31:30',-1,'2016-12-26 19:31:30',-1,NULL,NULL,NULL,NULL,NULL,NULL,NULL,NULL,NULL,NULL,NULL,NULL,NULL,NULL,NULL,NULL),(10273,'messagetemplate.subject','zh_CN','',1,-1,-1,-1,'2016-12-26 19:31:30',-1,'2016-12-26 19:31:30',-1,NULL,NULL,NULL,NULL,NULL,NULL,NULL,NULL,NULL,NULL,NULL,NULL,NULL,NULL,NULL,NULL),(10274,'messagetemplate.subject','en_GB','Subject',1,-1,-1,-1,'2016-12-26 19:31:30',-1,'2016-12-26 19:31:30',-1,NULL,NULL,NULL,NULL,NULL,NULL,NULL,NULL,NULL,NULL,NULL,NULL,NULL,NULL,NULL,NULL),(10275,'messagetemplate.content','zh_CN','',1,-1,-1,-1,'2016-12-26 19:31:30',-1,'2016-12-26 19:31:30',-1,NULL,NULL,NULL,NULL,NULL,NULL,NULL,NULL,NULL,NULL,NULL,NULL,NULL,NULL,NULL,NULL),(10276,'messagetemplate.content','en_GB','Content',1,-1,-1,-1,'2016-12-26 19:31:30',-1,'2016-12-26 19:31:30',-1,NULL,NULL,NULL,NULL,NULL,NULL,NULL,NULL,NULL,NULL,NULL,NULL,NULL,NULL,NULL,NULL),(10277,'message.subject','zh_CN','',1,-1,-1,-1,'2016-12-26 19:31:30',-1,'2016-12-26 19:31:30',-1,NULL,NULL,NULL,NULL,NULL,NULL,NULL,NULL,NULL,NULL,NULL,NULL,NULL,NULL,NULL,NULL),(10278,'message.subject','en_GB','Subject',1,-1,-1,-1,'2016-12-26 19:31:30',-1,'2016-12-26 19:31:30',-1,NULL,NULL,NULL,NULL,NULL,NULL,NULL,NULL,NULL,NULL,NULL,NULL,NULL,NULL,NULL,NULL),(10279,'message.content','zh_CN','',1,-1,-1,-1,'2016-12-26 19:31:30',-1,'2016-12-26 19:31:30',-1,NULL,NULL,NULL,NULL,NULL,NULL,NULL,NULL,NULL,NULL,NULL,NULL,NULL,NULL,NULL,NULL),(10280,'message.content','en_GB','Content',1,-1,-1,-1,'2016-12-26 19:31:30',-1,'2016-12-26 19:31:30',-1,NULL,NULL,NULL,NULL,NULL,NULL,NULL,NULL,NULL,NULL,NULL,NULL,NULL,NULL,NULL,NULL),(10281,'message.receivers','zh_CN','',1,-1,-1,-1,'2016-12-26 19:31:30',-1,'2016-12-26 19:31:30',-1,NULL,NULL,NULL,NULL,NULL,NULL,NULL,NULL,NULL,NULL,NULL,NULL,NULL,NULL,NULL,NULL),(10282,'message.receivers','en_GB','Receivers',1,-1,-1,-1,'2016-12-26 19:31:30',-1,'2016-12-26 19:31:30',-1,NULL,NULL,NULL,NULL,NULL,NULL,NULL,NULL,NULL,NULL,NULL,NULL,NULL,NULL,NULL,NULL),(10283,'user.info','zh_CN','',1,-1,-1,-1,'2016-12-26 19:31:30',-1,'2016-12-26 19:31:30',-1,NULL,NULL,NULL,NULL,NULL,NULL,NULL,NULL,NULL,NULL,NULL,NULL,NULL,NULL,NULL,NULL),(10284,'user.info','en_GB','User Info',1,-1,-1,-1,'2016-12-26 19:31:30',-1,'2016-12-26 19:31:30',-1,NULL,NULL,NULL,NULL,NULL,NULL,NULL,NULL,NULL,NULL,NULL,NULL,NULL,NULL,NULL,NULL),(10285,'user.status','zh_CN','',1,-1,-1,-1,'2016-12-26 19:31:30',-1,'2016-12-26 19:31:30',-1,NULL,NULL,NULL,NULL,NULL,NULL,NULL,NULL,NULL,NULL,NULL,NULL,NULL,NULL,NULL,NULL),(10286,'user.status','en_GB','Status',1,-1,-1,-1,'2016-12-26 19:31:30',-1,'2016-12-26 19:31:30',-1,NULL,NULL,NULL,NULL,NULL,NULL,NULL,NULL,NULL,NULL,NULL,NULL,NULL,NULL,NULL,NULL),(10287,'user.updatepassword','zh_CN','',1,-1,-1,-1,'2016-12-26 19:31:30',-1,'2016-12-26 19:31:30',-1,NULL,NULL,NULL,NULL,NULL,NULL,NULL,NULL,NULL,NULL,NULL,NULL,NULL,NULL,NULL,NULL),(10288,'user.updatepassword','en_GB','Update Password',1,-1,-1,-1,'2016-12-26 19:31:30',-1,'2016-12-26 19:31:30',-1,NULL,NULL,NULL,NULL,NULL,NULL,NULL,NULL,NULL,NULL,NULL,NULL,NULL,NULL,NULL,NULL),(10289,'user.current_password','zh_CN','',1,-1,-1,-1,'2016-12-26 19:31:30',-1,'2016-12-26 19:31:30',-1,NULL,NULL,NULL,NULL,NULL,NULL,NULL,NULL,NULL,NULL,NULL,NULL,NULL,NULL,NULL,NULL),(10290,'user.current_password','en_GB','Current Password',1,-1,-1,-1,'2016-12-26 19:31:30',-1,'2016-12-26 19:31:30',-1,NULL,NULL,NULL,NULL,NULL,NULL,NULL,NULL,NULL,NULL,NULL,NULL,NULL,NULL,NULL,NULL),(10291,'user.new_password','zh_CN','',1,-1,-1,-1,'2016-12-26 19:31:30',-1,'2016-12-26 19:31:30',-1,NULL,NULL,NULL,NULL,NULL,NULL,NULL,NULL,NULL,NULL,NULL,NULL,NULL,NULL,NULL,NULL),(10292,'user.new_password','en_GB','New Password',1,-1,-1,-1,'2016-12-26 19:31:30',-1,'2016-12-26 19:31:30',-1,NULL,NULL,NULL,NULL,NULL,NULL,NULL,NULL,NULL,NULL,NULL,NULL,NULL,NULL,NULL,NULL),(10293,'user.again_new_password','zh_CN','',1,-1,-1,-1,'2016-12-26 19:31:30',-1,'2016-12-26 19:31:30',-1,NULL,NULL,NULL,NULL,NULL,NULL,NULL,NULL,NULL,NULL,NULL,NULL,NULL,NULL,NULL,NULL),(10294,'user.again_new_password','en_GB','New Password Again',1,-1,-1,-1,'2016-12-26 19:31:30',-1,'2016-12-26 19:31:30',-1,NULL,NULL,NULL,NULL,NULL,NULL,NULL,NULL,NULL,NULL,NULL,NULL,NULL,NULL,NULL,NULL),(10295,'preference.timezone','zh_CN','',1,-1,-1,-1,'2016-12-26 19:31:30',-1,'2016-12-26 19:31:30',-1,NULL,NULL,NULL,NULL,NULL,NULL,NULL,NULL,NULL,NULL,NULL,NULL,NULL,NULL,NULL,NULL),(10296,'preference.timezone','en_GB','TimeZone',1,-1,-1,-1,'2016-12-26 19:31:30',-1,'2016-12-26 19:31:30',-1,NULL,NULL,NULL,NULL,NULL,NULL,NULL,NULL,NULL,NULL,NULL,NULL,NULL,NULL,NULL,NULL),(10297,'profilevalue.levelid','zh_CN','',1,-1,-1,-1,'2016-12-26 19:31:30',-1,'2016-12-26 19:31:30',-1,NULL,NULL,NULL,NULL,NULL,NULL,NULL,NULL,NULL,NULL,NULL,NULL,NULL,NULL,NULL,NULL),(10298,'profilevalue.levelid','en_GB','Level',1,-1,-1,-1,'2016-12-26 19:31:30',-1,'2016-12-26 19:31:30',-1,NULL,NULL,NULL,NULL,NULL,NULL,NULL,NULL,NULL,NULL,NULL,NULL,NULL,NULL,NULL,NULL),(10299,'profilevalue.levelvalue','zh_CN','',1,-1,-1,-1,'2016-12-26 19:31:30',-1,'2016-12-26 19:31:30',-1,NULL,NULL,NULL,NULL,NULL,NULL,NULL,NULL,NULL,NULL,NULL,NULL,NULL,NULL,NULL,NULL),(10300,'profilevalue.levelvalue','en_GB','Level Value',1,-1,-1,-1,'2016-12-26 19:31:30',-1,'2016-12-26 19:31:30',-1,NULL,NULL,NULL,NULL,NULL,NULL,NULL,NULL,NULL,NULL,NULL,NULL,NULL,NULL,NULL,NULL),(10301,'profilevalue.profilevalue','zh_CN','',1,-1,-1,-1,'2016-12-26 19:31:30',-1,'2016-12-26 19:31:30',-1,NULL,NULL,NULL,NULL,NULL,NULL,NULL,NULL,NULL,NULL,NULL,NULL,NULL,NULL,NULL,NULL),(10302,'profilevalue.profilevalue','en_GB','Profile Value',1,-1,-1,-1,'2016-12-26 19:31:30',-1,'2016-12-26 19:31:30',-1,NULL,NULL,NULL,NULL,NULL,NULL,NULL,NULL,NULL,NULL,NULL,NULL,NULL,NULL,NULL,NULL),(10303,'attachcategory.categoryname','zh_CN','',1,-1,-1,-1,'2016-12-26 19:31:30',-1,'2016-12-26 19:31:30',-1,NULL,NULL,NULL,NULL,NULL,NULL,NULL,NULL,NULL,NULL,NULL,NULL,NULL,NULL,NULL,NULL),(10304,'attachcategory.categoryname','en_GB','Category Name',1,-1,-1,-1,'2016-12-26 19:31:30',-1,'2016-12-26 19:31:30',-1,NULL,NULL,NULL,NULL,NULL,NULL,NULL,NULL,NULL,NULL,NULL,NULL,NULL,NULL,NULL,NULL),(10305,'attachcategory.categorypath','zh_CN','',1,-1,-1,-1,'2016-12-26 19:31:30',-1,'2016-12-26 19:31:30',-1,NULL,NULL,NULL,NULL,NULL,NULL,NULL,NULL,NULL,NULL,NULL,NULL,NULL,NULL,NULL,NULL),(10306,'attachcategory.categorypath','en_GB','Save Path',1,-1,-1,-1,'2016-12-26 19:31:31',-1,'2016-12-26 19:31:31',-1,NULL,NULL,NULL,NULL,NULL,NULL,NULL,NULL,NULL,NULL,NULL,NULL,NULL,NULL,NULL,NULL),(10307,'attachcategory.description','zh_CN','',1,-1,-1,-1,'2016-12-26 19:31:31',-1,'2016-12-26 19:31:31',-1,NULL,NULL,NULL,NULL,NULL,NULL,NULL,NULL,NULL,NULL,NULL,NULL,NULL,NULL,NULL,NULL),(10308,'attachcategory.description','en_GB','Description',1,-1,-1,-1,'2016-12-26 19:31:31',-1,'2016-12-26 19:31:31',-1,NULL,NULL,NULL,NULL,NULL,NULL,NULL,NULL,NULL,NULL,NULL,NULL,NULL,NULL,NULL,NULL),(10309,'attachcategory.allowedfiletype','zh_CN','',1,-1,-1,-1,'2016-12-26 19:31:31',-1,'2016-12-26 19:31:31',-1,NULL,NULL,NULL,NULL,NULL,NULL,NULL,NULL,NULL,NULL,NULL,NULL,NULL,NULL,NULL,NULL),(10310,'attachcategory.allowedfiletype','en_GB','File Type',1,-1,-1,-1,'2016-12-26 19:31:31',-1,'2016-12-26 19:31:31',-1,NULL,NULL,NULL,NULL,NULL,NULL,NULL,NULL,NULL,NULL,NULL,NULL,NULL,NULL,NULL,NULL),(10311,'attachcategory.allowedfilesize','zh_CN','',1,-1,-1,-1,'2016-12-26 19:31:31',-1,'2016-12-26 19:31:31',-1,NULL,NULL,NULL,NULL,NULL,NULL,NULL,NULL,NULL,NULL,NULL,NULL,NULL,NULL,NULL,NULL),(10312,'attachcategory.allowedfilesize','en_GB','Allow File Size',1,-1,-1,-1,'2016-12-26 19:31:31',-1,'2016-12-26 19:31:31',-1,NULL,NULL,NULL,NULL,NULL,NULL,NULL,NULL,NULL,NULL,NULL,NULL,NULL,NULL,NULL,NULL),(10313,'attachcategory.sourcetype','zh_CN','',1,-1,-1,-1,'2016-12-26 19:31:31',-1,'2016-12-26 19:31:31',-1,NULL,NULL,NULL,NULL,NULL,NULL,NULL,NULL,NULL,NULL,NULL,NULL,NULL,NULL,NULL,NULL),(10314,'attachcategory.sourcetype','en_GB','Source Type',1,-1,-1,-1,'2016-12-26 19:31:31',-1,'2016-12-26 19:31:31',-1,NULL,NULL,NULL,NULL,NULL,NULL,NULL,NULL,NULL,NULL,NULL,NULL,NULL,NULL,NULL,NULL),(10315,'attachcategory.isunique','zh_CN','',1,-1,-1,-1,'2016-12-26 19:31:31',-1,'2016-12-26 19:31:31',-1,NULL,NULL,NULL,NULL,NULL,NULL,NULL,NULL,NULL,NULL,NULL,NULL,NULL,NULL,NULL,NULL),(10316,'attachcategory.isunique','en_GB','Unique',1,-1,-1,-1,'2016-12-26 19:31:31',-1,'2016-12-26 19:31:31',-1,NULL,NULL,NULL,NULL,NULL,NULL,NULL,NULL,NULL,NULL,NULL,NULL,NULL,NULL,NULL,NULL),(10317,'attachcategory.statusname','zh_CN','',1,-1,-1,-1,'2016-12-26 19:31:31',-1,'2016-12-26 19:31:31',-1,NULL,NULL,NULL,NULL,NULL,NULL,NULL,NULL,NULL,NULL,NULL,NULL,NULL,NULL,NULL,NULL),(10318,'attachcategory.statusname','en_GB','Status',1,-1,-1,-1,'2016-12-26 19:31:31',-1,'2016-12-26 19:31:31',-1,NULL,NULL,NULL,NULL,NULL,NULL,NULL,NULL,NULL,NULL,NULL,NULL,NULL,NULL,NULL,NULL),(10319,'attachcategory.statusname.normal','zh_CN','',1,-1,-1,-1,'2016-12-26 19:31:31',-1,'2016-12-26 19:31:31',-1,NULL,NULL,NULL,NULL,NULL,NULL,NULL,NULL,NULL,NULL,NULL,NULL,NULL,NULL,NULL,NULL),(10320,'attachcategory.statusname.normal','en_GB','Normal',1,-1,-1,-1,'2016-12-26 19:31:31',-1,'2016-12-26 19:31:31',-1,NULL,NULL,NULL,NULL,NULL,NULL,NULL,NULL,NULL,NULL,NULL,NULL,NULL,NULL,NULL,NULL),(10321,'attachcategory.statusname.archived','zh_CN','',1,-1,-1,-1,'2016-12-26 19:31:31',-1,'2016-12-26 19:31:31',-1,NULL,NULL,NULL,NULL,NULL,NULL,NULL,NULL,NULL,NULL,NULL,NULL,NULL,NULL,NULL,NULL),(10322,'attachcategory.statusname.archived','en_GB','Archived',1,-1,-1,-1,'2016-12-26 19:31:31',-1,'2016-12-26 19:31:31',-1,NULL,NULL,NULL,NULL,NULL,NULL,NULL,NULL,NULL,NULL,NULL,NULL,NULL,NULL,NULL,NULL),(10323,'attachcategory.archive','zh_CN','',1,-1,-1,-1,'2016-12-26 19:31:31',-1,'2016-12-26 19:31:31',-1,NULL,NULL,NULL,NULL,NULL,NULL,NULL,NULL,NULL,NULL,NULL,NULL,NULL,NULL,NULL,NULL),(10324,'attachcategory.archive','en_GB','Archive',1,-1,-1,-1,'2016-12-26 19:31:31',-1,'2016-12-26 19:31:31',-1,NULL,NULL,NULL,NULL,NULL,NULL,NULL,NULL,NULL,NULL,NULL,NULL,NULL,NULL,NULL,NULL),(10325,'sysfile.filename','zh_CN','',1,-1,-1,-1,'2016-12-26 19:31:31',-1,'2016-12-26 19:31:31',-1,NULL,NULL,NULL,NULL,NULL,NULL,NULL,NULL,NULL,NULL,NULL,NULL,NULL,NULL,NULL,NULL),(10326,'sysfile.filename','en_GB','File Name',1,-1,-1,-1,'2016-12-26 19:31:31',-1,'2016-12-26 19:31:31',-1,NULL,NULL,NULL,NULL,NULL,NULL,NULL,NULL,NULL,NULL,NULL,NULL,NULL,NULL,NULL,NULL),(10327,'sysfile.filesize','zh_CN','',1,-1,-1,-1,'2016-12-26 19:31:31',-1,'2016-12-26 19:31:31',-1,NULL,NULL,NULL,NULL,NULL,NULL,NULL,NULL,NULL,NULL,NULL,NULL,NULL,NULL,NULL,NULL),(10328,'sysfile.filesize','en_GB','File Size',1,-1,-1,-1,'2016-12-26 19:31:31',-1,'2016-12-26 19:31:31',-1,NULL,NULL,NULL,NULL,NULL,NULL,NULL,NULL,NULL,NULL,NULL,NULL,NULL,NULL,NULL,NULL),(10329,'sysfile.uploaddate','zh_CN','',1,-1,-1,-1,'2016-12-26 19:31:31',-1,'2016-12-26 19:31:31',-1,NULL,NULL,NULL,NULL,NULL,NULL,NULL,NULL,NULL,NULL,NULL,NULL,NULL,NULL,NULL,NULL),(10330,'sysfile.uploaddate','en_GB','Upload Date',1,-1,-1,-1,'2016-12-26 19:31:31',-1,'2016-12-26 19:31:31',-1,NULL,NULL,NULL,NULL,NULL,NULL,NULL,NULL,NULL,NULL,NULL,NULL,NULL,NULL,NULL,NULL),(10331,'sysfile.filetype','zh_CN','',1,-1,-1,-1,'2016-12-26 19:31:31',-1,'2016-12-26 19:31:31',-1,NULL,NULL,NULL,NULL,NULL,NULL,NULL,NULL,NULL,NULL,NULL,NULL,NULL,NULL,NULL,NULL),(10332,'sysfile.filetype','en_GB','File Type',1,-1,-1,-1,'2016-12-26 19:31:31',-1,'2016-12-26 19:31:31',-1,NULL,NULL,NULL,NULL,NULL,NULL,NULL,NULL,NULL,NULL,NULL,NULL,NULL,NULL,NULL,NULL),(10333,'hap.view','zh_CN','',1,-1,-1,-1,'2016-12-26 19:31:31',-1,'2016-12-26 19:31:31',-1,NULL,NULL,NULL,NULL,NULL,NULL,NULL,NULL,NULL,NULL,NULL,NULL,NULL,NULL,NULL,NULL),(10334,'hap.view','en_GB','View',1,-1,-1,-1,'2016-12-26 19:31:31',-1,'2016-12-26 19:31:31',-1,NULL,NULL,NULL,NULL,NULL,NULL,NULL,NULL,NULL,NULL,NULL,NULL,NULL,NULL,NULL,NULL),(10335,'sysfile.upload','zh_CN','',1,-1,-1,-1,'2016-12-26 19:31:31',-1,'2016-12-26 19:31:31',-1,NULL,NULL,NULL,NULL,NULL,NULL,NULL,NULL,NULL,NULL,NULL,NULL,NULL,NULL,NULL,NULL),(10336,'sysfile.upload','en_GB','Upload',1,-1,-1,-1,'2016-12-26 19:31:31',-1,'2016-12-26 19:31:31',-1,NULL,NULL,NULL,NULL,NULL,NULL,NULL,NULL,NULL,NULL,NULL,NULL,NULL,NULL,NULL,NULL),(10337,'hap.tip.info','zh_CN','',1,-1,-1,-1,'2016-12-26 19:31:31',-1,'2016-12-26 19:31:31',-1,NULL,NULL,NULL,NULL,NULL,NULL,NULL,NULL,NULL,NULL,NULL,NULL,NULL,NULL,NULL,NULL),(10338,'hap.tip.info','en_GB','Information',1,-1,-1,-1,'2016-12-26 19:31:31',-1,'2016-12-26 19:31:31',-1,NULL,NULL,NULL,NULL,NULL,NULL,NULL,NULL,NULL,NULL,NULL,NULL,NULL,NULL,NULL,NULL),(10339,'hap.tip.success','zh_CN','',1,-1,-1,-1,'2016-12-26 19:31:31',-1,'2016-12-26 19:31:31',-1,NULL,NULL,NULL,NULL,NULL,NULL,NULL,NULL,NULL,NULL,NULL,NULL,NULL,NULL,NULL,NULL),(10340,'hap.tip.success','en_GB','Success',1,-1,-1,-1,'2016-12-26 19:31:31',-1,'2016-12-26 19:31:31',-1,NULL,NULL,NULL,NULL,NULL,NULL,NULL,NULL,NULL,NULL,NULL,NULL,NULL,NULL,NULL,NULL),(10341,'function.resourcechoose','zh_CN','',1,-1,-1,-1,'2016-12-26 19:31:31',-1,'2016-12-26 19:31:31',-1,NULL,NULL,NULL,NULL,NULL,NULL,NULL,NULL,NULL,NULL,NULL,NULL,NULL,NULL,NULL,NULL),(10342,'function.resourcechoose','en_GB','Choose Resource',1,-1,-1,-1,'2016-12-26 19:31:31',-1,'2016-12-26 19:31:31',-1,NULL,NULL,NULL,NULL,NULL,NULL,NULL,NULL,NULL,NULL,NULL,NULL,NULL,NULL,NULL,NULL),(10343,'hap.tip.delete_confirm','zh_CN','',1,-1,-1,-1,'2016-12-26 19:31:31',-1,'2016-12-26 19:31:31',-1,NULL,NULL,NULL,NULL,NULL,NULL,NULL,NULL,NULL,NULL,NULL,NULL,NULL,NULL,NULL,NULL),(10344,'hap.tip.delete_confirm','en_GB','Confirm Delete?',1,-1,-1,-1,'2016-12-26 19:31:31',-1,'2016-12-26 19:31:31',-1,NULL,NULL,NULL,NULL,NULL,NULL,NULL,NULL,NULL,NULL,NULL,NULL,NULL,NULL,NULL,NULL),(10345,'hap.confirm','zh_CN','',1,-1,-1,-1,'2016-12-26 19:31:31',-1,'2016-12-26 19:31:31',-1,NULL,NULL,NULL,NULL,NULL,NULL,NULL,NULL,NULL,NULL,NULL,NULL,NULL,NULL,NULL,NULL),(10346,'hap.confirm','en_GB','Confirm',1,-1,-1,-1,'2016-12-26 19:31:31',-1,'2016-12-26 19:31:31',-1,NULL,NULL,NULL,NULL,NULL,NULL,NULL,NULL,NULL,NULL,NULL,NULL,NULL,NULL,NULL,NULL),(10347,'role.changerole','zh_CN','',1,-1,-1,-1,'2016-12-26 19:31:31',-1,'2016-12-26 19:31:31',-1,NULL,NULL,NULL,NULL,NULL,NULL,NULL,NULL,NULL,NULL,NULL,NULL,NULL,NULL,NULL,NULL),(10348,'role.changerole','en_GB','Change Role',1,-1,-1,-1,'2016-12-26 19:31:31',-1,'2016-12-26 19:31:31',-1,NULL,NULL,NULL,NULL,NULL,NULL,NULL,NULL,NULL,NULL,NULL,NULL,NULL,NULL,NULL,NULL),(10349,'user.verificode','zh_CN','',1,-1,-1,-1,'2016-12-26 19:31:31',-1,'2016-12-26 19:31:31',-1,NULL,NULL,NULL,NULL,NULL,NULL,NULL,NULL,NULL,NULL,NULL,NULL,NULL,NULL,NULL,NULL),(10350,'user.verificode','en_GB','Verify Code',1,-1,-1,-1,'2016-12-26 19:31:31',-1,'2016-12-26 19:31:31',-1,NULL,NULL,NULL,NULL,NULL,NULL,NULL,NULL,NULL,NULL,NULL,NULL,NULL,NULL,NULL,NULL),(10351,'account.common.logintip','zh_CN','',1,-1,-1,-1,'2016-12-26 19:31:31',-1,'2016-12-26 19:31:31',-1,NULL,NULL,NULL,NULL,NULL,NULL,NULL,NULL,NULL,NULL,NULL,NULL,NULL,NULL,NULL,NULL),(10352,'account.common.logintip','en_GB','Please Login',1,-1,-1,-1,'2016-12-26 19:31:31',-1,'2016-12-26 19:31:31',-1,NULL,NULL,NULL,NULL,NULL,NULL,NULL,NULL,NULL,NULL,NULL,NULL,NULL,NULL,NULL,NULL),(10353,'hap.confirm_exit','zh_CN','',1,-1,-1,-1,'2016-12-26 19:31:31',-1,'2016-12-26 19:31:31',-1,NULL,NULL,NULL,NULL,NULL,NULL,NULL,NULL,NULL,NULL,NULL,NULL,NULL,NULL,NULL,NULL),(10354,'hap.confirm_exit','en_GB','Quit?',1,-1,-1,-1,'2016-12-26 19:31:31',-1,'2016-12-26 19:31:31',-1,NULL,NULL,NULL,NULL,NULL,NULL,NULL,NULL,NULL,NULL,NULL,NULL,NULL,NULL,NULL,NULL),(10355,'rolefunction.select_role','zh_CN','',1,-1,-1,-1,'2016-12-26 19:31:31',-1,'2016-12-26 19:31:31',-1,NULL,NULL,NULL,NULL,NULL,NULL,NULL,NULL,NULL,NULL,NULL,NULL,NULL,NULL,NULL,NULL),(10356,'rolefunction.select_role','en_GB','Select Role',1,-1,-1,-1,'2016-12-26 19:31:31',-1,'2016-12-26 19:31:31',-1,NULL,NULL,NULL,NULL,NULL,NULL,NULL,NULL,NULL,NULL,NULL,NULL,NULL,NULL,NULL,NULL),(10357,'hap.login','zh_CN','',1,-1,-1,-1,'2016-12-26 19:31:31',-1,'2016-12-26 19:31:31',-1,NULL,NULL,NULL,NULL,NULL,NULL,NULL,NULL,NULL,NULL,NULL,NULL,NULL,NULL,NULL,NULL),(10358,'hap.login','en_GB','Login',1,-1,-1,-1,'2016-12-26 19:31:31',-1,'2016-12-26 19:31:31',-1,NULL,NULL,NULL,NULL,NULL,NULL,NULL,NULL,NULL,NULL,NULL,NULL,NULL,NULL,NULL,NULL),(10359,'hap.multilanguage_editor','zh_CN','',1,-1,-1,-1,'2016-12-26 19:31:31',-1,'2016-12-26 19:31:31',-1,NULL,NULL,NULL,NULL,NULL,NULL,NULL,NULL,NULL,NULL,NULL,NULL,NULL,NULL,NULL,NULL),(10360,'hap.multilanguage_editor','en_GB','MultiLangauge Edit',1,-1,-1,-1,'2016-12-26 19:31:31',-1,'2016-12-26 19:31:31',-1,NULL,NULL,NULL,NULL,NULL,NULL,NULL,NULL,NULL,NULL,NULL,NULL,NULL,NULL,NULL,NULL),(10361,'error.login.verification_code_error','zh_CN','',1,-1,-1,-1,'2016-12-26 19:31:31',-1,'2016-12-26 19:31:31',-1,NULL,NULL,NULL,NULL,NULL,NULL,NULL,NULL,NULL,NULL,NULL,NULL,NULL,NULL,NULL,NULL),(10362,'error.login.verification_code_error','en_GB','Verification Code Error',1,-1,-1,-1,'2016-12-26 19:31:31',-1,'2016-12-26 19:31:31',-1,NULL,NULL,NULL,NULL,NULL,NULL,NULL,NULL,NULL,NULL,NULL,NULL,NULL,NULL,NULL,NULL),(10363,'error.login.name_password_not_match','zh_CN','',1,-1,-1,-1,'2016-12-26 19:31:31',-1,'2016-12-26 19:31:31',-1,NULL,NULL,NULL,NULL,NULL,NULL,NULL,NULL,NULL,NULL,NULL,NULL,NULL,NULL,NULL,NULL),(10364,'error.login.name_password_not_match','en_GB','Wrong user name or password',1,-1,-1,-1,'2016-12-26 19:31:31',-1,'2016-12-26 19:31:31',-1,NULL,NULL,NULL,NULL,NULL,NULL,NULL,NULL,NULL,NULL,NULL,NULL,NULL,NULL,NULL,NULL),(10365,'job.attributename','zh_CN','',1,-1,-1,-1,'2016-12-26 19:31:31',-1,'2016-12-26 19:31:31',-1,NULL,NULL,NULL,NULL,NULL,NULL,NULL,NULL,NULL,NULL,NULL,NULL,NULL,NULL,NULL,NULL),(10366,'job.attributename','en_GB','Attribute Name',1,-1,-1,-1,'2016-12-26 19:31:31',-1,'2016-12-26 19:31:31',-1,NULL,NULL,NULL,NULL,NULL,NULL,NULL,NULL,NULL,NULL,NULL,NULL,NULL,NULL,NULL,NULL),(10367,'job.attributevalue','zh_CN','',1,-1,-1,-1,'2016-12-26 19:31:31',-1,'2016-12-26 19:31:31',-1,NULL,NULL,NULL,NULL,NULL,NULL,NULL,NULL,NULL,NULL,NULL,NULL,NULL,NULL,NULL,NULL),(10368,'job.attributevalue','en_GB','Attribute Value',1,-1,-1,-1,'2016-12-26 19:31:31',-1,'2016-12-26 19:31:31',-1,NULL,NULL,NULL,NULL,NULL,NULL,NULL,NULL,NULL,NULL,NULL,NULL,NULL,NULL,NULL,NULL),(10369,'crontriggerdto.cronexpression','zh_CN','Cron ',1,-1,-1,-1,'2016-12-26 19:31:31',-1,'2016-12-26 19:31:31',-1,NULL,NULL,NULL,NULL,NULL,NULL,NULL,NULL,NULL,NULL,NULL,NULL,NULL,NULL,NULL,NULL),(10370,'crontriggerdto.cronexpression','en_GB','Cron Expression',1,-1,-1,-1,'2016-12-26 19:31:31',-1,'2016-12-26 19:31:31',-1,NULL,NULL,NULL,NULL,NULL,NULL,NULL,NULL,NULL,NULL,NULL,NULL,NULL,NULL,NULL,NULL),(10371,'triggerdto.starttime','zh_CN','',1,-1,-1,-1,'2016-12-26 19:31:31',-1,'2016-12-26 19:31:31',-1,NULL,NULL,NULL,NULL,NULL,NULL,NULL,NULL,NULL,NULL,NULL,NULL,NULL,NULL,NULL,NULL),(10372,'triggerdto.starttime','en_GB','Start Time',1,-1,-1,-1,'2016-12-26 19:31:31',-1,'2016-12-26 19:31:31',-1,NULL,NULL,NULL,NULL,NULL,NULL,NULL,NULL,NULL,NULL,NULL,NULL,NULL,NULL,NULL,NULL),(10373,'triggerdto.endtime','zh_CN','',1,-1,-1,-1,'2016-12-26 19:31:31',-1,'2016-12-26 19:31:31',-1,NULL,NULL,NULL,NULL,NULL,NULL,NULL,NULL,NULL,NULL,NULL,NULL,NULL,NULL,NULL,NULL),(10374,'triggerdto.endtime','en_GB','End Time',1,-1,-1,-1,'2016-12-26 19:31:31',-1,'2016-12-26 19:31:31',-1,NULL,NULL,NULL,NULL,NULL,NULL,NULL,NULL,NULL,NULL,NULL,NULL,NULL,NULL,NULL,NULL),(10375,'error.user.two_password_not_match','zh_CN','',1,-1,-1,-1,'2016-12-26 19:31:31',-1,'2016-12-26 19:31:31',-1,NULL,NULL,NULL,NULL,NULL,NULL,NULL,NULL,NULL,NULL,NULL,NULL,NULL,NULL,NULL,NULL),(10376,'error.user.two_password_not_match','en_GB','Two Password Not Match',1,-1,-1,-1,'2016-12-26 19:31:31',-1,'2016-12-26 19:31:31',-1,NULL,NULL,NULL,NULL,NULL,NULL,NULL,NULL,NULL,NULL,NULL,NULL,NULL,NULL,NULL,NULL),(10377,'error.user.accout_locked','zh_CN','',1,-1,-1,-1,'2016-12-26 19:31:31',-1,'2016-12-26 19:31:31',-1,NULL,NULL,NULL,NULL,NULL,NULL,NULL,NULL,NULL,NULL,NULL,NULL,NULL,NULL,NULL,NULL),(10378,'error.user.accout_locked','en_GB','Account Locked',1,-1,-1,-1,'2016-12-26 19:31:31',-1,'2016-12-26 19:31:31',-1,NULL,NULL,NULL,NULL,NULL,NULL,NULL,NULL,NULL,NULL,NULL,NULL,NULL,NULL,NULL,NULL),(10379,'error.user.account_not_active','zh_CN','',1,-1,-1,-1,'2016-12-26 19:31:31',-1,'2016-12-26 19:31:31',-1,NULL,NULL,NULL,NULL,NULL,NULL,NULL,NULL,NULL,NULL,NULL,NULL,NULL,NULL,NULL,NULL),(10380,'error.user.account_not_active','en_GB','User Not Active',1,-1,-1,-1,'2016-12-26 19:31:31',-1,'2016-12-26 19:31:31',-1,NULL,NULL,NULL,NULL,NULL,NULL,NULL,NULL,NULL,NULL,NULL,NULL,NULL,NULL,NULL,NULL),(10381,'error.user.account_expired','zh_CN','',1,-1,-1,-1,'2016-12-26 19:31:31',-1,'2016-12-26 19:31:31',-1,NULL,NULL,NULL,NULL,NULL,NULL,NULL,NULL,NULL,NULL,NULL,NULL,NULL,NULL,NULL,NULL),(10382,'error.user.account_expired','en_GB','User Expired',1,-1,-1,-1,'2016-12-26 19:31:31',-1,'2016-12-26 19:31:31',-1,NULL,NULL,NULL,NULL,NULL,NULL,NULL,NULL,NULL,NULL,NULL,NULL,NULL,NULL,NULL,NULL),(10383,'user.startactivedate','zh_CN','',1,-1,-1,-1,'2016-12-26 19:31:31',-1,'2016-12-26 19:31:31',-1,NULL,NULL,NULL,NULL,NULL,NULL,NULL,NULL,NULL,NULL,NULL,NULL,NULL,NULL,NULL,NULL),(10384,'user.startactivedate','en_GB','Start Active Date',1,-1,-1,-1,'2016-12-26 19:31:31',-1,'2016-12-26 19:31:31',-1,NULL,NULL,NULL,NULL,NULL,NULL,NULL,NULL,NULL,NULL,NULL,NULL,NULL,NULL,NULL,NULL),(10385,'user.endactivedate','zh_CN','',1,-1,-1,-1,'2016-12-26 19:31:31',-1,'2016-12-26 19:31:31',-1,NULL,NULL,NULL,NULL,NULL,NULL,NULL,NULL,NULL,NULL,NULL,NULL,NULL,NULL,NULL,NULL),(10386,'user.endactivedate','en_GB','End Active Date',1,-1,-1,-1,'2016-12-26 19:31:31',-1,'2016-12-26 19:31:31',-1,NULL,NULL,NULL,NULL,NULL,NULL,NULL,NULL,NULL,NULL,NULL,NULL,NULL,NULL,NULL,NULL),(10387,'error.record_not_exists_or_version_not_match','zh_CN','.',1,-1,-1,-1,'2016-12-26 19:31:31',-1,'2016-12-26 19:31:31',-1,NULL,NULL,NULL,NULL,NULL,NULL,NULL,NULL,NULL,NULL,NULL,NULL,NULL,NULL,NULL,NULL),(10388,'error.record_not_exists_or_version_not_match','en_GB','Record not exists or version NOT MATCH.',1,-1,-1,-1,'2016-12-26 19:31:31',-1,'2016-12-26 19:31:31',-1,NULL,NULL,NULL,NULL,NULL,NULL,NULL,NULL,NULL,NULL,NULL,NULL,NULL,NULL,NULL,NULL),(10389,'sys.config.configuration','en_GB','System Configuration',1,-1,-1,-1,'2016-12-26 19:31:31',-1,'2016-12-26 19:31:31',-1,NULL,NULL,NULL,NULL,NULL,NULL,NULL,NULL,NULL,NULL,NULL,NULL,NULL,NULL,NULL,NULL),(10390,'sys.config.configuration','zh_CN','',1,-1,-1,-1,'2016-12-26 19:31:31',-1,'2016-12-26 19:31:31',-1,NULL,NULL,NULL,NULL,NULL,NULL,NULL,NULL,NULL,NULL,NULL,NULL,NULL,NULL,NULL,NULL),(10391,'sys.config.style','en_GB','Style',1,-1,-1,-1,'2016-12-26 19:31:31',-1,'2016-12-26 19:31:31',-1,NULL,NULL,NULL,NULL,NULL,NULL,NULL,NULL,NULL,NULL,NULL,NULL,NULL,NULL,NULL,NULL),(10392,'sys.config.style','zh_CN','',1,-1,-1,-1,'2016-12-26 19:31:31',-1,'2016-12-26 19:31:31',-1,NULL,NULL,NULL,NULL,NULL,NULL,NULL,NULL,NULL,NULL,NULL,NULL,NULL,NULL,NULL,NULL),(10393,'sys.config.safety','en_GB','Safety Policy',1,-1,-1,-1,'2016-12-26 19:31:31',-1,'2016-12-26 19:31:31',-1,NULL,NULL,NULL,NULL,NULL,NULL,NULL,NULL,NULL,NULL,NULL,NULL,NULL,NULL,NULL,NULL),(10394,'sys.config.safety','zh_CN','',1,-1,-1,-1,'2016-12-26 19:31:31',-1,'2016-12-26 19:31:31',-1,NULL,NULL,NULL,NULL,NULL,NULL,NULL,NULL,NULL,NULL,NULL,NULL,NULL,NULL,NULL,NULL),(10395,'sys.config.other','en_GB','PassWord Policy',1,-1,-1,-1,'2016-12-26 19:31:31',-1,'2016-12-26 19:31:31',-1,NULL,NULL,NULL,NULL,NULL,NULL,NULL,NULL,NULL,NULL,NULL,NULL,NULL,NULL,NULL,NULL),(10396,'sys.config.other','zh_CN','',1,-1,-1,-1,'2016-12-26 19:31:31',-1,'2016-12-26 19:31:31',-1,NULL,NULL,NULL,NULL,NULL,NULL,NULL,NULL,NULL,NULL,NULL,NULL,NULL,NULL,NULL,NULL),(10397,'sys.config.system_title','en_GB','system title',1,-1,-1,-1,'2016-12-26 19:31:31',-1,'2016-12-26 19:31:31',-1,NULL,NULL,NULL,NULL,NULL,NULL,NULL,NULL,NULL,NULL,NULL,NULL,NULL,NULL,NULL,NULL),(10398,'sys.config.system_title','zh_CN','',1,-1,-1,-1,'2016-12-26 19:31:31',-1,'2016-12-26 19:31:31',-1,NULL,NULL,NULL,NULL,NULL,NULL,NULL,NULL,NULL,NULL,NULL,NULL,NULL,NULL,NULL,NULL),(10399,'sys.config.systemlogo','en_GB','system logo',1,-1,-1,-1,'2016-12-26 19:31:31',-1,'2016-12-26 19:31:31',-1,NULL,NULL,NULL,NULL,NULL,NULL,NULL,NULL,NULL,NULL,NULL,NULL,NULL,NULL,NULL,NULL),(10400,'sys.config.systemlogo','zh_CN','',1,-1,-1,-1,'2016-12-26 19:31:31',-1,'2016-12-26 19:31:31',-1,NULL,NULL,NULL,NULL,NULL,NULL,NULL,NULL,NULL,NULL,NULL,NULL,NULL,NULL,NULL,NULL),(10401,'sys.config.favicon','en_GB','favicon',1,-1,-1,-1,'2016-12-26 19:31:31',-1,'2016-12-26 19:31:31',-1,NULL,NULL,NULL,NULL,NULL,NULL,NULL,NULL,NULL,NULL,NULL,NULL,NULL,NULL,NULL,NULL),(10402,'sys.config.favicon','zh_CN','favicon',1,-1,-1,-1,'2016-12-26 19:31:31',-1,'2016-12-26 19:31:31',-1,NULL,NULL,NULL,NULL,NULL,NULL,NULL,NULL,NULL,NULL,NULL,NULL,NULL,NULL,NULL,NULL),(10403,'sys.config.captcha','en_GB','captcha',1,-1,-1,-1,'2016-12-26 19:31:31',-1,'2016-12-26 19:31:31',-1,NULL,NULL,NULL,NULL,NULL,NULL,NULL,NULL,NULL,NULL,NULL,NULL,NULL,NULL,NULL,NULL),(10404,'sys.config.captcha','zh_CN','',1,-1,-1,-1,'2016-12-26 19:31:31',-1,'2016-12-26 19:31:31',-1,NULL,NULL,NULL,NULL,NULL,NULL,NULL,NULL,NULL,NULL,NULL,NULL,NULL,NULL,NULL,NULL),(10405,'sys.config.default_password','en_GB','new user default password',1,-1,-1,-1,'2016-12-26 19:31:31',-1,'2016-12-26 19:31:31',-1,NULL,NULL,NULL,NULL,NULL,NULL,NULL,NULL,NULL,NULL,NULL,NULL,NULL,NULL,NULL,NULL),(10406,'sys.config.default_password','zh_CN','',1,-1,-1,-1,'2016-12-26 19:31:31',-1,'2016-12-26 19:31:31',-1,NULL,NULL,NULL,NULL,NULL,NULL,NULL,NULL,NULL,NULL,NULL,NULL,NULL,NULL,NULL,NULL),(10407,'sys.config.systemlogo.desciption','en_GB','Please upload so. jpg, jpeg, png, gifsuffix, such as pictures, a ratio of 70 * 30',1,-1,-1,-1,'2016-12-26 19:31:31',-1,'2016-12-26 19:31:31',-1,NULL,NULL,NULL,NULL,NULL,NULL,NULL,NULL,NULL,NULL,NULL,NULL,NULL,NULL,NULL,NULL),(10408,'sys.config.systemlogo.desciption','zh_CN','.png,.jpg,.jpeg,.gif,70*30',1,-1,-1,-1,'2016-12-26 19:31:31',-1,'2016-12-26 19:31:31',-1,NULL,NULL,NULL,NULL,NULL,NULL,NULL,NULL,NULL,NULL,NULL,NULL,NULL,NULL,NULL,NULL),(10409,'sys.config.favicon.desciption','en_GB','Please upload so. jpg, jpeg, png, gifsuffix, such as pictures, a ratio of 32*32',1,-1,-1,-1,'2016-12-26 19:31:31',-1,'2016-12-26 19:31:31',-1,NULL,NULL,NULL,NULL,NULL,NULL,NULL,NULL,NULL,NULL,NULL,NULL,NULL,NULL,NULL,NULL),(10410,'sys.config.favicon.desciption','zh_CN','.png,.jpg,.jpeg,.gif,32*32',1,-1,-1,-1,'2016-12-26 19:31:31',-1,'2016-12-26 19:31:31',-1,NULL,NULL,NULL,NULL,NULL,NULL,NULL,NULL,NULL,NULL,NULL,NULL,NULL,NULL,NULL,NULL),(10411,'hap.enableflag','zh_CN','',1,-1,-1,-1,'2016-12-26 19:31:31',-1,'2016-12-26 19:31:31',-1,NULL,NULL,NULL,NULL,NULL,NULL,NULL,NULL,NULL,NULL,NULL,NULL,NULL,NULL,NULL,NULL),(10412,'hap.enableflag','en_GB','Enabled',1,-1,-1,-1,'2016-12-26 19:31:31',-1,'2016-12-26 19:31:31',-1,NULL,NULL,NULL,NULL,NULL,NULL,NULL,NULL,NULL,NULL,NULL,NULL,NULL,NULL,NULL,NULL),(10413,'role.isexpired','zh_CN','',1,-1,-1,-1,'2016-12-26 19:31:31',-1,'2016-12-26 19:31:31',-1,NULL,NULL,NULL,NULL,NULL,NULL,NULL,NULL,NULL,NULL,NULL,NULL,NULL,NULL,NULL,NULL),(10414,'role.isexpired','en_GB','Expired',1,-1,-1,-1,'2016-12-26 19:31:31',-1,'2016-12-26 19:31:31',-1,NULL,NULL,NULL,NULL,NULL,NULL,NULL,NULL,NULL,NULL,NULL,NULL,NULL,NULL,NULL,NULL),(10415,'employee.employeelevelcode','en_GB','Level Code',1,-1,-1,-1,'2016-12-26 19:31:31',-1,'2016-12-26 19:31:31',-1,NULL,NULL,NULL,NULL,NULL,NULL,NULL,NULL,NULL,NULL,NULL,NULL,NULL,NULL,NULL,NULL),(10416,'employee.employeelevelcode','zh_CN','',1,-1,-1,-1,'2016-12-26 19:31:31',-1,'2016-12-26 19:31:31',-1,NULL,NULL,NULL,NULL,NULL,NULL,NULL,NULL,NULL,NULL,NULL,NULL,NULL,NULL,NULL,NULL),(10417,'preference.locale','en_GB','Select Language',1,-1,-1,-1,'2016-12-26 19:31:31',-1,'2016-12-26 19:31:31',-1,NULL,NULL,NULL,NULL,NULL,NULL,NULL,NULL,NULL,NULL,NULL,NULL,NULL,NULL,NULL,NULL),(10418,'preference.locale','zh_CN','',1,-1,-1,-1,'2016-12-26 19:31:31',-1,'2016-12-26 19:31:31',-1,NULL,NULL,NULL,NULL,NULL,NULL,NULL,NULL,NULL,NULL,NULL,NULL,NULL,NULL,NULL,NULL),(10419,'preference.timezone.description','en_GB','Select your time zone',1,-1,-1,-1,'2016-12-26 19:31:31',-1,'2016-12-26 19:31:31',-1,NULL,NULL,NULL,NULL,NULL,NULL,NULL,NULL,NULL,NULL,NULL,NULL,NULL,NULL,NULL,NULL),(10420,'preference.timezone.description','zh_CN','',1,-1,-1,-1,'2016-12-26 19:31:31',-1,'2016-12-26 19:31:31',-1,NULL,NULL,NULL,NULL,NULL,NULL,NULL,NULL,NULL,NULL,NULL,NULL,NULL,NULL,NULL,NULL),(10421,'preference.locale.description','en_GB','Select your language',1,-1,-1,-1,'2016-12-26 19:31:31',-1,'2016-12-26 19:31:31',-1,NULL,NULL,NULL,NULL,NULL,NULL,NULL,NULL,NULL,NULL,NULL,NULL,NULL,NULL,NULL,NULL),(10422,'preference.locale.description','zh_CN','',1,-1,-1,-1,'2016-12-26 19:31:31',-1,'2016-12-26 19:31:31',-1,NULL,NULL,NULL,NULL,NULL,NULL,NULL,NULL,NULL,NULL,NULL,NULL,NULL,NULL,NULL,NULL),(10423,'preference.theme','en_GB','Select Theme',1,-1,-1,-1,'2016-12-26 19:31:31',-1,'2016-12-26 19:31:31',-1,NULL,NULL,NULL,NULL,NULL,NULL,NULL,NULL,NULL,NULL,NULL,NULL,NULL,NULL,NULL,NULL),(10424,'preference.theme','zh_CN','',1,-1,-1,-1,'2016-12-26 19:31:31',-1,'2016-12-26 19:31:31',-1,NULL,NULL,NULL,NULL,NULL,NULL,NULL,NULL,NULL,NULL,NULL,NULL,NULL,NULL,NULL,NULL),(10425,'position.name','en_GB','Position Name',1,-1,-1,-1,'2016-12-26 19:31:31',-1,'2016-12-26 19:31:31',-1,NULL,NULL,NULL,NULL,NULL,NULL,NULL,NULL,NULL,NULL,NULL,NULL,NULL,NULL,NULL,NULL),(10426,'position.name','zh_CN','',1,-1,-1,-1,'2016-12-26 19:31:31',-1,'2016-12-26 19:31:31',-1,NULL,NULL,NULL,NULL,NULL,NULL,NULL,NULL,NULL,NULL,NULL,NULL,NULL,NULL,NULL,NULL),(10427,'position.description','en_GB','Description',1,-1,-1,-1,'2016-12-26 19:31:31',-1,'2016-12-26 19:31:31',-1,NULL,NULL,NULL,NULL,NULL,NULL,NULL,NULL,NULL,NULL,NULL,NULL,NULL,NULL,NULL,NULL),(10428,'position.description','zh_CN','',1,-1,-1,-1,'2016-12-26 19:31:31',-1,'2016-12-26 19:31:31',-1,NULL,NULL,NULL,NULL,NULL,NULL,NULL,NULL,NULL,NULL,NULL,NULL,NULL,NULL,NULL,NULL),(10429,'position.positioncode','en_GB','PositionCode',1,-1,-1,-1,'2016-12-26 19:31:31',-1,'2016-12-26 19:31:31',-1,NULL,NULL,NULL,NULL,NULL,NULL,NULL,NULL,NULL,NULL,NULL,NULL,NULL,NULL,NULL,NULL),(10430,'position.positioncode','zh_CN','',1,-1,-1,-1,'2016-12-26 19:31:31',-1,'2016-12-26 19:31:31',-1,NULL,NULL,NULL,NULL,NULL,NULL,NULL,NULL,NULL,NULL,NULL,NULL,NULL,NULL,NULL,NULL),(10431,'position.parentpositionname','en_GB','Parent Position',1,-1,-1,-1,'2016-12-26 19:31:31',-1,'2016-12-26 19:31:31',-1,NULL,NULL,NULL,NULL,NULL,NULL,NULL,NULL,NULL,NULL,NULL,NULL,NULL,NULL,NULL,NULL),(10432,'position.parentpositionname','zh_CN','',1,-1,-1,-1,'2016-12-26 19:31:31',-1,'2016-12-26 19:31:31',-1,NULL,NULL,NULL,NULL,NULL,NULL,NULL,NULL,NULL,NULL,NULL,NULL,NULL,NULL,NULL,NULL),(10433,'hrorgunit.name','en_GB','Unit Name',1,-1,-1,-1,'2016-12-26 19:31:31',-1,'2016-12-26 19:31:31',-1,NULL,NULL,NULL,NULL,NULL,NULL,NULL,NULL,NULL,NULL,NULL,NULL,NULL,NULL,NULL,NULL),(10434,'hrorgunit.name','zh_CN','',1,-1,-1,-1,'2016-12-26 19:31:31',-1,'2016-12-26 19:31:31',-1,NULL,NULL,NULL,NULL,NULL,NULL,NULL,NULL,NULL,NULL,NULL,NULL,NULL,NULL,NULL,NULL),(10435,'hrorgunit.description','en_GB','Unit Description',1,-1,-1,-1,'2016-12-26 19:31:31',-1,'2016-12-26 19:31:31',-1,NULL,NULL,NULL,NULL,NULL,NULL,NULL,NULL,NULL,NULL,NULL,NULL,NULL,NULL,NULL,NULL),(10436,'hrorgunit.description','zh_CN','',1,-1,-1,-1,'2016-12-26 19:31:31',-1,'2016-12-26 19:31:31',-1,NULL,NULL,NULL,NULL,NULL,NULL,NULL,NULL,NULL,NULL,NULL,NULL,NULL,NULL,NULL,NULL),(10437,'hrorgunit.unitcode','en_GB','Unit Code',1,-1,-1,-1,'2016-12-26 19:31:31',-1,'2016-12-26 19:31:31',-1,NULL,NULL,NULL,NULL,NULL,NULL,NULL,NULL,NULL,NULL,NULL,NULL,NULL,NULL,NULL,NULL),(10438,'hrorgunit.unitcode','zh_CN','',1,-1,-1,-1,'2016-12-26 19:31:31',-1,'2016-12-26 19:31:31',-1,NULL,NULL,NULL,NULL,NULL,NULL,NULL,NULL,NULL,NULL,NULL,NULL,NULL,NULL,NULL,NULL),(10439,'hrorgunit.parentname','en_GB','Superior Unit',1,-1,-1,-1,'2016-12-26 19:31:31',-1,'2016-12-26 19:31:31',-1,NULL,NULL,NULL,NULL,NULL,NULL,NULL,NULL,NULL,NULL,NULL,NULL,NULL,NULL,NULL,NULL),(10440,'hrorgunit.parentname','zh_CN','',1,-1,-1,-1,'2016-12-26 19:31:31',-1,'2016-12-26 19:31:31',-1,NULL,NULL,NULL,NULL,NULL,NULL,NULL,NULL,NULL,NULL,NULL,NULL,NULL,NULL,NULL,NULL),(10441,'hap.tip.noselect','en_GB','You did not select any item!',1,-1,-1,-1,'2016-12-26 19:31:31',-1,'2016-12-26 19:31:31',-1,NULL,NULL,NULL,NULL,NULL,NULL,NULL,NULL,NULL,NULL,NULL,NULL,NULL,NULL,NULL,NULL),(10442,'hap.tip.noselect','zh_CN','',1,-1,-1,-1,'2016-12-26 19:31:31',-1,'2016-12-26 19:31:31',-1,NULL,NULL,NULL,NULL,NULL,NULL,NULL,NULL,NULL,NULL,NULL,NULL,NULL,NULL,NULL,NULL),(10443,'employee.employeecode','en_GB','Employee Code',1,-1,-1,-1,'2016-12-26 19:31:31',-1,'2016-12-26 19:31:31',-1,NULL,NULL,NULL,NULL,NULL,NULL,NULL,NULL,NULL,NULL,NULL,NULL,NULL,NULL,NULL,NULL),(10444,'employee.employeecode','zh_CN','',1,-1,-1,-1,'2016-12-26 19:31:31',-1,'2016-12-26 19:31:31',-1,NULL,NULL,NULL,NULL,NULL,NULL,NULL,NULL,NULL,NULL,NULL,NULL,NULL,NULL,NULL,NULL),(10445,'employee.name','en_GB','Employee Name',1,-1,-1,-1,'2016-12-26 19:31:31',-1,'2016-12-26 19:31:31',-1,NULL,NULL,NULL,NULL,NULL,NULL,NULL,NULL,NULL,NULL,NULL,NULL,NULL,NULL,NULL,NULL),(10446,'employee.name','zh_CN','',1,-1,-1,-1,'2016-12-26 19:31:31',-1,'2016-12-26 19:31:31',-1,NULL,NULL,NULL,NULL,NULL,NULL,NULL,NULL,NULL,NULL,NULL,NULL,NULL,NULL,NULL,NULL),(10447,'employee.positionallocation','en_GB','Position Allocation',1,-1,-1,-1,'2016-12-26 19:31:31',-1,'2016-12-26 19:31:31',-1,NULL,NULL,NULL,NULL,NULL,NULL,NULL,NULL,NULL,NULL,NULL,NULL,NULL,NULL,NULL,NULL),(10448,'employee.positionallocation','zh_CN','',1,-1,-1,-1,'2016-12-26 19:31:31',-1,'2016-12-26 19:31:31',-1,NULL,NULL,NULL,NULL,NULL,NULL,NULL,NULL,NULL,NULL,NULL,NULL,NULL,NULL,NULL,NULL),(10449,'employee.borndate','en_GB','Born Date',1,-1,-1,-1,'2016-12-26 19:31:31',-1,'2016-12-26 19:31:31',-1,NULL,NULL,NULL,NULL,NULL,NULL,NULL,NULL,NULL,NULL,NULL,NULL,NULL,NULL,NULL,NULL),(10450,'employee.borndate','zh_CN','',1,-1,-1,-1,'2016-12-26 19:31:31',-1,'2016-12-26 19:31:31',-1,NULL,NULL,NULL,NULL,NULL,NULL,NULL,NULL,NULL,NULL,NULL,NULL,NULL,NULL,NULL,NULL),(10451,'employee.mobile','en_GB','Phone Number',1,-1,-1,-1,'2016-12-26 19:31:31',-1,'2016-12-26 19:31:31',-1,NULL,NULL,NULL,NULL,NULL,NULL,NULL,NULL,NULL,NULL,NULL,NULL,NULL,NULL,NULL,NULL),(10452,'employee.mobile','zh_CN','',1,-1,-1,-1,'2016-12-26 19:31:31',-1,'2016-12-26 19:31:31',-1,NULL,NULL,NULL,NULL,NULL,NULL,NULL,NULL,NULL,NULL,NULL,NULL,NULL,NULL,NULL,NULL),(10453,'employee.joindate','en_GB','Join Date',1,-1,-1,-1,'2016-12-26 19:31:31',-1,'2016-12-26 19:31:31',-1,NULL,NULL,NULL,NULL,NULL,NULL,NULL,NULL,NULL,NULL,NULL,NULL,NULL,NULL,NULL,NULL),(10454,'employee.joindate','zh_CN','',1,-1,-1,-1,'2016-12-26 19:31:31',-1,'2016-12-26 19:31:31',-1,NULL,NULL,NULL,NULL,NULL,NULL,NULL,NULL,NULL,NULL,NULL,NULL,NULL,NULL,NULL,NULL),(10455,'employee.gender','en_GB','Gender',1,-1,-1,-1,'2016-12-26 19:31:31',-1,'2016-12-26 19:31:31',-1,NULL,NULL,NULL,NULL,NULL,NULL,NULL,NULL,NULL,NULL,NULL,NULL,NULL,NULL,NULL,NULL),(10456,'employee.gender','zh_CN','',1,-1,-1,-1,'2016-12-26 19:31:31',-1,'2016-12-26 19:31:31',-1,NULL,NULL,NULL,NULL,NULL,NULL,NULL,NULL,NULL,NULL,NULL,NULL,NULL,NULL,NULL,NULL),(10457,'employee.status','en_GB','Status',1,-1,-1,-1,'2016-12-26 19:31:31',-1,'2016-12-26 19:31:31',-1,NULL,NULL,NULL,NULL,NULL,NULL,NULL,NULL,NULL,NULL,NULL,NULL,NULL,NULL,NULL,NULL),(10458,'employee.status','zh_CN','',1,-1,-1,-1,'2016-12-26 19:31:31',-1,'2016-12-26 19:31:31',-1,NULL,NULL,NULL,NULL,NULL,NULL,NULL,NULL,NULL,NULL,NULL,NULL,NULL,NULL,NULL,NULL),(10459,'employee.enabledflag','en_GB','Enabled Flag',1,-1,-1,-1,'2016-12-26 19:31:31',-1,'2016-12-26 19:31:31',-1,NULL,NULL,NULL,NULL,NULL,NULL,NULL,NULL,NULL,NULL,NULL,NULL,NULL,NULL,NULL,NULL),(10460,'employee.enabledflag','zh_CN','',1,-1,-1,-1,'2016-12-26 19:31:31',-1,'2016-12-26 19:31:31',-1,NULL,NULL,NULL,NULL,NULL,NULL,NULL,NULL,NULL,NULL,NULL,NULL,NULL,NULL,NULL,NULL),(10461,'employee.certificateid','en_GB','ID',1,-1,-1,-1,'2016-12-26 19:31:31',-1,'2016-12-26 19:31:31',-1,NULL,NULL,NULL,NULL,NULL,NULL,NULL,NULL,NULL,NULL,NULL,NULL,NULL,NULL,NULL,NULL),(10462,'employee.certificateid','zh_CN','',1,-1,-1,-1,'2016-12-26 19:31:31',-1,'2016-12-26 19:31:31',-1,NULL,NULL,NULL,NULL,NULL,NULL,NULL,NULL,NULL,NULL,NULL,NULL,NULL,NULL,NULL,NULL),(10463,'employee.companyinfo','en_GB','Company Info',1,-1,-1,-1,'2016-12-26 19:31:31',-1,'2016-12-26 19:31:31',-1,NULL,NULL,NULL,NULL,NULL,NULL,NULL,NULL,NULL,NULL,NULL,NULL,NULL,NULL,NULL,NULL),(10464,'employee.companyinfo','zh_CN','',1,-1,-1,-1,'2016-12-26 19:31:31',-1,'2016-12-26 19:31:31',-1,NULL,NULL,NULL,NULL,NULL,NULL,NULL,NULL,NULL,NULL,NULL,NULL,NULL,NULL,NULL,NULL),(10465,'employee.otherinfo','en_GB','Other Info',1,-1,-1,-1,'2016-12-26 19:31:31',-1,'2016-12-26 19:31:31',-1,NULL,NULL,NULL,NULL,NULL,NULL,NULL,NULL,NULL,NULL,NULL,NULL,NULL,NULL,NULL,NULL),(10466,'employee.otherinfo','zh_CN','',1,-1,-1,-1,'2016-12-26 19:31:31',-1,'2016-12-26 19:31:31',-1,NULL,NULL,NULL,NULL,NULL,NULL,NULL,NULL,NULL,NULL,NULL,NULL,NULL,NULL,NULL,NULL),(10467,'employee.personalinfo','en_GB','Personal Info',1,-1,-1,-1,'2016-12-26 19:31:31',-1,'2016-12-26 19:31:31',-1,NULL,NULL,NULL,NULL,NULL,NULL,NULL,NULL,NULL,NULL,NULL,NULL,NULL,NULL,NULL,NULL),(10468,'employee.personalinfo','zh_CN','',1,-1,-1,-1,'2016-12-26 19:31:31',-1,'2016-12-26 19:31:31',-1,NULL,NULL,NULL,NULL,NULL,NULL,NULL,NULL,NULL,NULL,NULL,NULL,NULL,NULL,NULL,NULL),(10469,'employee.ismainposition','en_GB','Main Position',1,-1,-1,-1,'2016-12-26 19:31:31',-1,'2016-12-26 19:31:31',-1,NULL,NULL,NULL,NULL,NULL,NULL,NULL,NULL,NULL,NULL,NULL,NULL,NULL,NULL,NULL,NULL),(10470,'employee.ismainposition','zh_CN','',1,-1,-1,-1,'2016-12-26 19:31:31',-1,'2016-12-26 19:31:31',-1,NULL,NULL,NULL,NULL,NULL,NULL,NULL,NULL,NULL,NULL,NULL,NULL,NULL,NULL,NULL,NULL),(10471,'position.selectposition','en_GB','Select Position',1,-1,-1,-1,'2016-12-26 19:31:31',-1,'2016-12-26 19:31:31',-1,NULL,NULL,NULL,NULL,NULL,NULL,NULL,NULL,NULL,NULL,NULL,NULL,NULL,NULL,NULL,NULL),(10472,'position.selectposition','zh_CN','',1,-1,-1,-1,'2016-12-26 19:31:31',-1,'2016-12-26 19:31:31',-1,NULL,NULL,NULL,NULL,NULL,NULL,NULL,NULL,NULL,NULL,NULL,NULL,NULL,NULL,NULL,NULL),(10473,'hrorgunit.unittreelist','zh_CN','',1,-1,-1,-1,'2016-12-26 19:31:31',-1,'2016-12-26 19:31:31',-1,NULL,NULL,NULL,NULL,NULL,NULL,NULL,NULL,NULL,NULL,NULL,NULL,NULL,NULL,NULL,NULL),(10474,'hrorgunit.unittreelist','en_GB','Unit Structure',1,-1,-1,-1,'2016-12-26 19:31:31',-1,'2016-12-26 19:31:31',-1,NULL,NULL,NULL,NULL,NULL,NULL,NULL,NULL,NULL,NULL,NULL,NULL,NULL,NULL,NULL,NULL),(10475,'hrorgunit.unitinfo','zh_CN','',1,-1,-1,-1,'2016-12-26 19:31:31',-1,'2016-12-26 19:31:31',-1,NULL,NULL,NULL,NULL,NULL,NULL,NULL,NULL,NULL,NULL,NULL,NULL,NULL,NULL,NULL,NULL),(10476,'hrorgunit.unitinfo','en_GB','Unit Info',1,-1,-1,-1,'2016-12-26 19:31:31',-1,'2016-12-26 19:31:31',-1,NULL,NULL,NULL,NULL,NULL,NULL,NULL,NULL,NULL,NULL,NULL,NULL,NULL,NULL,NULL,NULL),(10477,'sys.config.password_policy','en_GB','PassWord Policy',1,-1,-1,-1,'2016-12-26 19:31:31',-1,'2016-12-26 19:31:31',-1,NULL,NULL,NULL,NULL,NULL,NULL,NULL,NULL,NULL,NULL,NULL,NULL,NULL,NULL,NULL,NULL),(10478,'sys.config.password_policy','zh_CN','',1,-1,-1,-1,'2016-12-26 19:31:31',-1,'2016-12-26 19:31:31',-1,NULL,NULL,NULL,NULL,NULL,NULL,NULL,NULL,NULL,NULL,NULL,NULL,NULL,NULL,NULL,NULL),(10479,'sys.config.password_min_length','en_GB','Password Min Length',1,-1,-1,-1,'2016-12-26 19:31:31',-1,'2016-12-26 19:31:31',-1,NULL,NULL,NULL,NULL,NULL,NULL,NULL,NULL,NULL,NULL,NULL,NULL,NULL,NULL,NULL,NULL),(10480,'sys.config.password_min_length','zh_CN','',1,-1,-1,-1,'2016-12-26 19:31:31',-1,'2016-12-26 19:31:31',-1,NULL,NULL,NULL,NULL,NULL,NULL,NULL,NULL,NULL,NULL,NULL,NULL,NULL,NULL,NULL,NULL),(10481,'sys.config.password_complexity','en_GB','Password Complexity',1,-1,-1,-1,'2016-12-26 19:31:31',-1,'2016-12-26 19:31:31',-1,NULL,NULL,NULL,NULL,NULL,NULL,NULL,NULL,NULL,NULL,NULL,NULL,NULL,NULL,NULL,NULL),(10482,'sys.config.password_complexity','zh_CN','',1,-1,-1,-1,'2016-12-26 19:31:31',-1,'2016-12-26 19:31:31',-1,NULL,NULL,NULL,NULL,NULL,NULL,NULL,NULL,NULL,NULL,NULL,NULL,NULL,NULL,NULL,NULL),(10483,'error.user.update_password','zh_CN','',1,-1,-1,-1,'2016-12-26 19:31:31',-1,'2016-12-26 19:31:31',-1,NULL,NULL,NULL,NULL,NULL,NULL,NULL,NULL,NULL,NULL,NULL,NULL,NULL,NULL,NULL,NULL),(10484,'error.user.update_password','en_GB','password expire ,reset your password',1,-1,-1,-1,'2016-12-26 19:31:31',-1,'2016-12-26 19:31:31',-1,NULL,NULL,NULL,NULL,NULL,NULL,NULL,NULL,NULL,NULL,NULL,NULL,NULL,NULL,NULL,NULL),(10485,'error.user.current_password_notempty','zh_CN','',1,-1,-1,-1,'2016-12-26 19:31:31',-1,'2016-12-26 19:31:31',-1,NULL,NULL,NULL,NULL,NULL,NULL,NULL,NULL,NULL,NULL,NULL,NULL,NULL,NULL,NULL,NULL),(10486,'error.user.current_password_notempty','en_GB','current password can not be empty',1,-1,-1,-1,'2016-12-26 19:31:31',-1,'2016-12-26 19:31:31',-1,NULL,NULL,NULL,NULL,NULL,NULL,NULL,NULL,NULL,NULL,NULL,NULL,NULL,NULL,NULL,NULL),(10487,'error.user.new_password_notempty','zh_CN','',1,-1,-1,-1,'2016-12-26 19:31:31',-1,'2016-12-26 19:31:31',-1,NULL,NULL,NULL,NULL,NULL,NULL,NULL,NULL,NULL,NULL,NULL,NULL,NULL,NULL,NULL,NULL),(10488,'error.user.new_password_notempty','en_GB','new password can not be empty',1,-1,-1,-1,'2016-12-26 19:31:31',-1,'2016-12-26 19:31:31',-1,NULL,NULL,NULL,NULL,NULL,NULL,NULL,NULL,NULL,NULL,NULL,NULL,NULL,NULL,NULL,NULL),(10489,'error.user.new_password_again','zh_CN','',1,-1,-1,-1,'2016-12-26 19:31:31',-1,'2016-12-26 19:31:31',-1,NULL,NULL,NULL,NULL,NULL,NULL,NULL,NULL,NULL,NULL,NULL,NULL,NULL,NULL,NULL,NULL),(10490,'error.user.new_password_again','en_GB','please input new password again',1,-1,-1,-1,'2016-12-26 19:31:31',-1,'2016-12-26 19:31:31',-1,NULL,NULL,NULL,NULL,NULL,NULL,NULL,NULL,NULL,NULL,NULL,NULL,NULL,NULL,NULL,NULL),(10491,'sys.config.password_invalid_time','zh_CN','',1,-1,-1,-1,'2016-12-26 19:31:31',-1,'2016-12-26 19:31:31',-1,NULL,NULL,NULL,NULL,NULL,NULL,NULL,NULL,NULL,NULL,NULL,NULL,NULL,NULL,NULL,NULL),(10492,'sys.config.password_invalid_time','en_GB','password invalid time',1,-1,-1,-1,'2016-12-26 19:31:31',-1,'2016-12-26 19:31:31',-1,NULL,NULL,NULL,NULL,NULL,NULL,NULL,NULL,NULL,NULL,NULL,NULL,NULL,NULL,NULL,NULL),(10493,'user.passwordlength.insufficient','zh_CN','',1,-1,-1,-1,'2016-12-26 19:31:31',-1,'2016-12-26 19:31:31',-1,NULL,NULL,NULL,NULL,NULL,NULL,NULL,NULL,NULL,NULL,NULL,NULL,NULL,NULL,NULL,NULL),(10494,'user.passwordlength.insufficient','en_GB','Password length cannot be less than',1,-1,-1,-1,'2016-12-26 19:31:31',-1,'2016-12-26 19:31:31',-1,NULL,NULL,NULL,NULL,NULL,NULL,NULL,NULL,NULL,NULL,NULL,NULL,NULL,NULL,NULL,NULL),(10495,'user.password.discord','zh_CN','',1,-1,-1,-1,'2016-12-26 19:31:31',-1,'2016-12-26 19:31:31',-1,NULL,NULL,NULL,NULL,NULL,NULL,NULL,NULL,NULL,NULL,NULL,NULL,NULL,NULL,NULL,NULL),(10496,'user.password.discord','en_GB','Do not match the password input',1,-1,-1,-1,'2016-12-26 19:31:31',-1,'2016-12-26 19:31:31',-1,NULL,NULL,NULL,NULL,NULL,NULL,NULL,NULL,NULL,NULL,NULL,NULL,NULL,NULL,NULL,NULL),(10497,'company.companycode','zh_CN','',1,-1,-1,-1,'2016-12-26 19:31:31',-1,'2016-12-26 19:31:31',-1,NULL,NULL,NULL,NULL,NULL,NULL,NULL,NULL,NULL,NULL,NULL,NULL,NULL,NULL,NULL,NULL),(10498,'company.companycode','en_GB','company code',1,-1,-1,-1,'2016-12-26 19:31:31',-1,'2016-12-26 19:31:31',-1,NULL,NULL,NULL,NULL,NULL,NULL,NULL,NULL,NULL,NULL,NULL,NULL,NULL,NULL,NULL,NULL),(10499,'company.companyshortname','zh_CN','',1,-1,-1,-1,'2016-12-26 19:31:31',-1,'2016-12-26 19:31:31',-1,NULL,NULL,NULL,NULL,NULL,NULL,NULL,NULL,NULL,NULL,NULL,NULL,NULL,NULL,NULL,NULL),(10500,'company.companyshortname','en_GB','company short name',1,-1,-1,-1,'2016-12-26 19:31:31',-1,'2016-12-26 19:31:31',-1,NULL,NULL,NULL,NULL,NULL,NULL,NULL,NULL,NULL,NULL,NULL,NULL,NULL,NULL,NULL,NULL),(10501,'company.companyfullname','en_GB','company full name',1,-1,-1,-1,'2016-12-26 19:31:31',-1,'2016-12-26 19:31:31',-1,NULL,NULL,NULL,NULL,NULL,NULL,NULL,NULL,NULL,NULL,NULL,NULL,NULL,NULL,NULL,NULL),(10502,'company.companyfullname','zh_CN','',1,-1,-1,-1,'2016-12-26 19:31:31',-1,'2016-12-26 19:31:31',-1,NULL,NULL,NULL,NULL,NULL,NULL,NULL,NULL,NULL,NULL,NULL,NULL,NULL,NULL,NULL,NULL),(10503,'company.companytype','zh_CN','',1,-1,-1,-1,'2016-12-26 19:31:31',-1,'2016-12-26 19:31:31',-1,NULL,NULL,NULL,NULL,NULL,NULL,NULL,NULL,NULL,NULL,NULL,NULL,NULL,NULL,NULL,NULL),(10504,'company.companytype','en_GB','company type',1,-1,-1,-1,'2016-12-26 19:31:31',-1,'2016-12-26 19:31:31',-1,NULL,NULL,NULL,NULL,NULL,NULL,NULL,NULL,NULL,NULL,NULL,NULL,NULL,NULL,NULL,NULL),(10505,'company.address','zh_CN','',1,-1,-1,-1,'2016-12-26 19:31:31',-1,'2016-12-26 19:31:31',-1,NULL,NULL,NULL,NULL,NULL,NULL,NULL,NULL,NULL,NULL,NULL,NULL,NULL,NULL,NULL,NULL),(10506,'company.address','en_GB','company address',1,-1,-1,-1,'2016-12-26 19:31:31',-1,'2016-12-26 19:31:31',-1,NULL,NULL,NULL,NULL,NULL,NULL,NULL,NULL,NULL,NULL,NULL,NULL,NULL,NULL,NULL,NULL),(10507,'company.companylevelid','zh_CN','',1,-1,-1,-1,'2016-12-26 19:31:31',-1,'2016-12-26 19:31:31',-1,NULL,NULL,NULL,NULL,NULL,NULL,NULL,NULL,NULL,NULL,NULL,NULL,NULL,NULL,NULL,NULL),(10508,'company.companylevelid','en_GB','company level id',1,-1,-1,-1,'2016-12-26 19:31:31',-1,'2016-12-26 19:31:31',-1,NULL,NULL,NULL,NULL,NULL,NULL,NULL,NULL,NULL,NULL,NULL,NULL,NULL,NULL,NULL,NULL),(10509,'company.positionname','zh_CN','',1,-1,-1,-1,'2016-12-26 19:31:31',-1,'2016-12-26 19:31:31',-1,NULL,NULL,NULL,NULL,NULL,NULL,NULL,NULL,NULL,NULL,NULL,NULL,NULL,NULL,NULL,NULL),(10510,'company.positionname','en_GB','position',1,-1,-1,-1,'2016-12-26 19:31:31',-1,'2016-12-26 19:31:31',-1,NULL,NULL,NULL,NULL,NULL,NULL,NULL,NULL,NULL,NULL,NULL,NULL,NULL,NULL,NULL,NULL),(10511,'company.parentcompanyname','zh_CN','',1,-1,-1,-1,'2016-12-26 19:31:31',-1,'2016-12-26 19:31:31',-1,NULL,NULL,NULL,NULL,NULL,NULL,NULL,NULL,NULL,NULL,NULL,NULL,NULL,NULL,NULL,NULL),(10512,'company.parentcompanyname','en_GB','Superior Company',1,-1,-1,-1,'2016-12-26 19:31:31',-1,'2016-12-26 19:31:31',-1,NULL,NULL,NULL,NULL,NULL,NULL,NULL,NULL,NULL,NULL,NULL,NULL,NULL,NULL,NULL,NULL),(10513,'company.zipcode','zh_CN','',1,-1,-1,-1,'2016-12-26 19:31:31',-1,'2016-12-26 19:31:31',-1,NULL,NULL,NULL,NULL,NULL,NULL,NULL,NULL,NULL,NULL,NULL,NULL,NULL,NULL,NULL,NULL),(10514,'company.zipcode','en_GB','zipcode',1,-1,-1,-1,'2016-12-26 19:31:31',-1,'2016-12-26 19:31:31',-1,NULL,NULL,NULL,NULL,NULL,NULL,NULL,NULL,NULL,NULL,NULL,NULL,NULL,NULL,NULL,NULL),(10515,'company.phone','zh_CN','',1,-1,-1,-1,'2016-12-26 19:31:31',-1,'2016-12-26 19:31:31',-1,NULL,NULL,NULL,NULL,NULL,NULL,NULL,NULL,NULL,NULL,NULL,NULL,NULL,NULL,NULL,NULL),(10516,'company.phone','en_GB','phone',1,-1,-1,-1,'2016-12-26 19:31:31',-1,'2016-12-26 19:31:31',-1,NULL,NULL,NULL,NULL,NULL,NULL,NULL,NULL,NULL,NULL,NULL,NULL,NULL,NULL,NULL,NULL),(10517,'company.contactperson','zh_CN','',1,-1,-1,-1,'2016-12-26 19:31:31',-1,'2016-12-26 19:31:31',-1,NULL,NULL,NULL,NULL,NULL,NULL,NULL,NULL,NULL,NULL,NULL,NULL,NULL,NULL,NULL,NULL),(10518,'company.contactperson','en_GB','contact person',1,-1,-1,-1,'2016-12-26 19:31:31',-1,'2016-12-26 19:31:31',-1,NULL,NULL,NULL,NULL,NULL,NULL,NULL,NULL,NULL,NULL,NULL,NULL,NULL,NULL,NULL,NULL),(10519,'company.fax','zh_CN','',1,-1,-1,-1,'2016-12-26 19:31:31',-1,'2016-12-26 19:31:31',-1,NULL,NULL,NULL,NULL,NULL,NULL,NULL,NULL,NULL,NULL,NULL,NULL,NULL,NULL,NULL,NULL),(10520,'company.fax','en_GB','fax',1,-1,-1,-1,'2016-12-26 19:31:31',-1,'2016-12-26 19:31:31',-1,NULL,NULL,NULL,NULL,NULL,NULL,NULL,NULL,NULL,NULL,NULL,NULL,NULL,NULL,NULL,NULL),(10521,'sys.config.select_file','zh_CN','',1,-1,-1,-1,'2016-12-26 19:31:31',-1,'2016-12-26 19:31:31',-1,NULL,NULL,NULL,NULL,NULL,NULL,NULL,NULL,NULL,NULL,NULL,NULL,NULL,NULL,NULL,NULL),(10522,'sys.config.select_file','en_GB','Select File',1,-1,-1,-1,'2016-12-26 19:31:31',-1,'2016-12-26 19:31:31',-1,NULL,NULL,NULL,NULL,NULL,NULL,NULL,NULL,NULL,NULL,NULL,NULL,NULL,NULL,NULL,NULL),(10523,'sys.config.upload_file','zh_CN','',1,-1,-1,-1,'2016-12-26 19:31:31',-1,'2016-12-26 19:31:31',-1,NULL,NULL,NULL,NULL,NULL,NULL,NULL,NULL,NULL,NULL,NULL,NULL,NULL,NULL,NULL,NULL),(10524,'sys.config.upload_file','en_GB','Upload',1,-1,-1,-1,'2016-12-26 19:31:31',-1,'2016-12-26 19:31:31',-1,NULL,NULL,NULL,NULL,NULL,NULL,NULL,NULL,NULL,NULL,NULL,NULL,NULL,NULL,NULL,NULL),(10525,'error.user.email','zh_CN','Email',1,-1,-1,-1,'2016-12-26 19:31:31',-1,'2016-12-26 19:31:31',-1,NULL,NULL,NULL,NULL,NULL,NULL,NULL,NULL,NULL,NULL,NULL,NULL,NULL,NULL,NULL,NULL),(10526,'error.user.email','en_GB','Please enter the correct Email information',1,-1,-1,-1,'2016-12-26 19:31:31',-1,'2016-12-26 19:31:31',-1,NULL,NULL,NULL,NULL,NULL,NULL,NULL,NULL,NULL,NULL,NULL,NULL,NULL,NULL,NULL,NULL),(10527,'error.user.phone','zh_CN','',1,-1,-1,-1,'2016-12-26 19:31:31',-1,'2016-12-26 19:31:31',-1,NULL,NULL,NULL,NULL,NULL,NULL,NULL,NULL,NULL,NULL,NULL,NULL,NULL,NULL,NULL,NULL),(10528,'error.user.phone','en_GB','Please enter the correct Phone information',1,-1,-1,-1,'2016-12-26 19:31:31',-1,'2016-12-26 19:31:31',-1,NULL,NULL,NULL,NULL,NULL,NULL,NULL,NULL,NULL,NULL,NULL,NULL,NULL,NULL,NULL,NULL),(10529,'hap.quicknavigation','zh_CN','',1,-1,-1,-1,'2016-12-26 19:31:31',-1,'2016-12-26 19:31:31',-1,NULL,NULL,NULL,NULL,NULL,NULL,NULL,NULL,NULL,NULL,NULL,NULL,NULL,NULL,NULL,NULL),(10530,'hap.quicknavigation','en_GB','Please input function code or name',1,-1,-1,-1,'2016-12-26 19:31:31',-1,'2016-12-26 19:31:31',-1,NULL,NULL,NULL,NULL,NULL,NULL,NULL,NULL,NULL,NULL,NULL,NULL,NULL,NULL,NULL,NULL),(10531,'error.account_no_role','zh_CN','',1,-1,-1,-1,'2016-12-26 19:31:31',-1,'2016-12-26 19:31:31',-1,NULL,NULL,NULL,NULL,NULL,NULL,NULL,NULL,NULL,NULL,NULL,NULL,NULL,NULL,NULL,NULL),(10532,'error.account_no_role','en_GB','this account has no valid role',1,-1,-1,-1,'2016-12-26 19:31:31',-1,'2016-12-26 19:31:31',-1,NULL,NULL,NULL,NULL,NULL,NULL,NULL,NULL,NULL,NULL,NULL,NULL,NULL,NULL,NULL,NULL),(10533,'sys.config.password_invalid_describe','zh_CN',': ,0',1,-1,-1,-1,'2016-12-26 19:31:31',-1,'2016-12-26 19:31:31',-1,NULL,NULL,NULL,NULL,NULL,NULL,NULL,NULL,NULL,NULL,NULL,NULL,NULL,NULL,NULL,NULL),(10534,'sys.config.password_invalid_describe','en_GB','Unit: day, 0 means password not expired',1,-1,-1,-1,'2016-12-26 19:31:31',-1,'2016-12-26 19:31:31',-1,NULL,NULL,NULL,NULL,NULL,NULL,NULL,NULL,NULL,NULL,NULL,NULL,NULL,NULL,NULL,NULL),(10535,'sys.dashboard.dashboardtitle','zh_CN','',1,-1,-1,-1,'2016-12-26 19:31:31',-1,'2016-12-26 19:31:31',-1,NULL,NULL,NULL,NULL,NULL,NULL,NULL,NULL,NULL,NULL,NULL,NULL,NULL,NULL,NULL,NULL),(10536,'sys.dashboard.dashboardtitle','en_GB','Title',1,-1,-1,-1,'2016-12-26 19:31:31',-1,'2016-12-26 19:31:31',-1,NULL,NULL,NULL,NULL,NULL,NULL,NULL,NULL,NULL,NULL,NULL,NULL,NULL,NULL,NULL,NULL),(10537,'sys.dashboard.dashboardcode','zh_CN','',1,-1,-1,-1,'2016-12-26 19:31:31',-1,'2016-12-26 19:31:31',-1,NULL,NULL,NULL,NULL,NULL,NULL,NULL,NULL,NULL,NULL,NULL,NULL,NULL,NULL,NULL,NULL),(10538,'sys.dashboard.dashboardcode','en_GB','Code',1,-1,-1,-1,'2016-12-26 19:31:31',-1,'2016-12-26 19:31:31',-1,NULL,NULL,NULL,NULL,NULL,NULL,NULL,NULL,NULL,NULL,NULL,NULL,NULL,NULL,NULL,NULL),(10539,'sys.dashboard.dashboardmainpage','zh_CN','',1,-1,-1,-1,'2016-12-26 19:31:31',-1,'2016-12-26 19:31:31',-1,NULL,NULL,NULL,NULL,NULL,NULL,NULL,NULL,NULL,NULL,NULL,NULL,NULL,NULL,NULL,NULL),(10540,'sys.dashboard.dashboardmainpage','en_GB','Mainpage',1,-1,-1,-1,'2016-12-26 19:31:31',-1,'2016-12-26 19:31:31',-1,NULL,NULL,NULL,NULL,NULL,NULL,NULL,NULL,NULL,NULL,NULL,NULL,NULL,NULL,NULL,NULL),(10541,'sys.dashboard.dashboarddescription','zh_CN','',1,-1,-1,-1,'2016-12-26 19:31:31',-1,'2016-12-26 19:31:31',-1,NULL,NULL,NULL,NULL,NULL,NULL,NULL,NULL,NULL,NULL,NULL,NULL,NULL,NULL,NULL,NULL),(10542,'sys.dashboard.dashboarddescription','en_GB','Description',1,-1,-1,-1,'2016-12-26 19:31:31',-1,'2016-12-26 19:31:31',-1,NULL,NULL,NULL,NULL,NULL,NULL,NULL,NULL,NULL,NULL,NULL,NULL,NULL,NULL,NULL,NULL),(10543,'job.infodetail.jobinfo','zh_CN','',1,-1,-1,-1,'2016-12-26 19:31:31',-1,'2016-12-26 19:31:31',-1,NULL,NULL,NULL,NULL,NULL,NULL,NULL,NULL,NULL,NULL,NULL,NULL,NULL,NULL,NULL,NULL),(10544,'job.infodetail.jobinfo','en_GB','Job Info',1,-1,-1,-1,'2016-12-26 19:31:31',-1,'2016-12-26 19:31:31',-1,NULL,NULL,NULL,NULL,NULL,NULL,NULL,NULL,NULL,NULL,NULL,NULL,NULL,NULL,NULL,NULL),(10545,'job.infodetail.notification','zh_CN','',1,-1,-1,-1,'2016-12-26 19:31:31',-1,'2016-12-26 19:31:31',-1,NULL,NULL,NULL,NULL,NULL,NULL,NULL,NULL,NULL,NULL,NULL,NULL,NULL,NULL,NULL,NULL),(10546,'job.infodetail.notification','en_GB','Notification',1,-1,-1,-1,'2016-12-26 19:31:31',-1,'2016-12-26 19:31:31',-1,NULL,NULL,NULL,NULL,NULL,NULL,NULL,NULL,NULL,NULL,NULL,NULL,NULL,NULL,NULL,NULL),(10547,'job.infodetail.enable_notification','zh_CN','',1,-1,-1,-1,'2016-12-26 19:31:31',-1,'2016-12-26 19:31:31',-1,NULL,NULL,NULL,NULL,NULL,NULL,NULL,NULL,NULL,NULL,NULL,NULL,NULL,NULL,NULL,NULL),(10548,'job.infodetail.enable_notification','en_GB','Enable Nofitication',1,-1,-1,-1,'2016-12-26 19:31:31',-1,'2016-12-26 19:31:31',-1,NULL,NULL,NULL,NULL,NULL,NULL,NULL,NULL,NULL,NULL,NULL,NULL,NULL,NULL,NULL,NULL),(10549,'job.infodetail.email_address','zh_CN','',1,-1,-1,-1,'2016-12-26 19:31:31',-1,'2016-12-26 19:31:31',-1,NULL,NULL,NULL,NULL,NULL,NULL,NULL,NULL,NULL,NULL,NULL,NULL,NULL,NULL,NULL,NULL),(10550,'job.infodetail.email_address','en_GB','Email Address',1,-1,-1,-1,'2016-12-26 19:31:31',-1,'2016-12-26 19:31:31',-1,NULL,NULL,NULL,NULL,NULL,NULL,NULL,NULL,NULL,NULL,NULL,NULL,NULL,NULL,NULL,NULL),(10551,'job.jobdetail','zh_CN','',1,-1,-1,-1,'2016-12-26 19:31:31',-1,'2016-12-26 19:31:31',-1,NULL,NULL,NULL,NULL,NULL,NULL,NULL,NULL,NULL,NULL,NULL,NULL,NULL,NULL,NULL,NULL),(10552,'job.jobdetail','en_GB','Job Details',1,-1,-1,-1,'2016-12-26 19:31:31',-1,'2016-12-26 19:31:31',-1,NULL,NULL,NULL,NULL,NULL,NULL,NULL,NULL,NULL,NULL,NULL,NULL,NULL,NULL,NULL,NULL),(10553,'simpletriggerdto.repeatinterval','zh_CN','',1,-1,-1,-1,'2016-12-26 19:31:31',-1,'2016-12-26 19:31:31',-1,NULL,NULL,NULL,NULL,NULL,NULL,NULL,NULL,NULL,NULL,NULL,NULL,NULL,NULL,NULL,NULL),(10554,'simpletriggerdto.repeatinterval','en_GB','Repeat Interval',1,-1,-1,-1,'2016-12-26 19:31:31',-1,'2016-12-26 19:31:31',-1,NULL,NULL,NULL,NULL,NULL,NULL,NULL,NULL,NULL,NULL,NULL,NULL,NULL,NULL,NULL,NULL),(10555,'simpletriggerdto.repeatcount','zh_CN','',1,-1,-1,-1,'2016-12-26 19:31:31',-1,'2016-12-26 19:31:31',-1,NULL,NULL,NULL,NULL,NULL,NULL,NULL,NULL,NULL,NULL,NULL,NULL,NULL,NULL,NULL,NULL),(10556,'simpletriggerdto.repeatcount','en_GB','Repeat Count',1,-1,-1,-1,'2016-12-26 19:31:31',-1,'2016-12-26 19:31:31',-1,NULL,NULL,NULL,NULL,NULL,NULL,NULL,NULL,NULL,NULL,NULL,NULL,NULL,NULL,NULL,NULL),(10557,'generator.projectpath','zh_CN','',1,-1,-1,-1,'2016-12-26 19:31:31',-1,'2016-12-26 19:31:31',-1,NULL,NULL,NULL,NULL,NULL,NULL,NULL,NULL,NULL,NULL,NULL,NULL,NULL,NULL,NULL,NULL),(10558,'generator.projectpath','en_GB','Project path',1,-1,-1,-1,'2016-12-26 19:31:31',-1,'2016-12-26 19:31:31',-1,NULL,NULL,NULL,NULL,NULL,NULL,NULL,NULL,NULL,NULL,NULL,NULL,NULL,NULL,NULL,NULL),(10559,'generator.parentpackagepath','zh_CN','',1,-1,-1,-1,'2016-12-26 19:31:31',-1,'2016-12-26 19:31:31',-1,NULL,NULL,NULL,NULL,NULL,NULL,NULL,NULL,NULL,NULL,NULL,NULL,NULL,NULL,NULL,NULL),(10560,'generator.parentpackagepath','en_GB','Parent Package Path',1,-1,-1,-1,'2016-12-26 19:31:31',-1,'2016-12-26 19:31:31',-1,NULL,NULL,NULL,NULL,NULL,NULL,NULL,NULL,NULL,NULL,NULL,NULL,NULL,NULL,NULL,NULL),(10561,'generator.packagepath','zh_CN','',1,-1,-1,-1,'2016-12-26 19:31:31',-1,'2016-12-26 19:31:31',-1,NULL,NULL,NULL,NULL,NULL,NULL,NULL,NULL,NULL,NULL,NULL,NULL,NULL,NULL,NULL,NULL),(10562,'generator.packagepath','en_GB','Package Path',1,-1,-1,-1,'2016-12-26 19:31:31',-1,'2016-12-26 19:31:31',-1,NULL,NULL,NULL,NULL,NULL,NULL,NULL,NULL,NULL,NULL,NULL,NULL,NULL,NULL,NULL,NULL),(10563,'generator.choosetable','zh_CN','',1,-1,-1,-1,'2016-12-26 19:31:31',-1,'2016-12-26 19:31:31',-1,NULL,NULL,NULL,NULL,NULL,NULL,NULL,NULL,NULL,NULL,NULL,NULL,NULL,NULL,NULL,NULL),(10564,'generator.choosetable','en_GB','choose table',1,-1,-1,-1,'2016-12-26 19:31:31',-1,'2016-12-26 19:31:31',-1,NULL,NULL,NULL,NULL,NULL,NULL,NULL,NULL,NULL,NULL,NULL,NULL,NULL,NULL,NULL,NULL),(10565,'generator.filetype','zh_CN','',1,-1,-1,-1,'2016-12-26 19:31:31',-1,'2016-12-26 19:31:31',-1,NULL,NULL,NULL,NULL,NULL,NULL,NULL,NULL,NULL,NULL,NULL,NULL,NULL,NULL,NULL,NULL),(10566,'generator.filetype','en_GB','File Type',1,-1,-1,-1,'2016-12-26 19:31:31',-1,'2016-12-26 19:31:31',-1,NULL,NULL,NULL,NULL,NULL,NULL,NULL,NULL,NULL,NULL,NULL,NULL,NULL,NULL,NULL,NULL),(10567,'generator.filename','zh_CN','',1,-1,-1,-1,'2016-12-26 19:31:31',-1,'2016-12-26 19:31:31',-1,NULL,NULL,NULL,NULL,NULL,NULL,NULL,NULL,NULL,NULL,NULL,NULL,NULL,NULL,NULL,NULL),(10568,'generator.filename','en_GB','File Name',1,-1,-1,-1,'2016-12-26 19:31:31',-1,'2016-12-26 19:31:31',-1,NULL,NULL,NULL,NULL,NULL,NULL,NULL,NULL,NULL,NULL,NULL,NULL,NULL,NULL,NULL,NULL),(10569,'generator.iscreate','zh_CN','',1,-1,-1,-1,'2016-12-26 19:31:31',-1,'2016-12-26 19:31:31',-1,NULL,NULL,NULL,NULL,NULL,NULL,NULL,NULL,NULL,NULL,NULL,NULL,NULL,NULL,NULL,NULL),(10570,'generator.iscreate','en_GB','is Created',1,-1,-1,-1,'2016-12-26 19:31:31',-1,'2016-12-26 19:31:31',-1,NULL,NULL,NULL,NULL,NULL,NULL,NULL,NULL,NULL,NULL,NULL,NULL,NULL,NULL,NULL,NULL),(10571,'generator.iscover','zh_CN','',1,-1,-1,-1,'2016-12-26 19:31:31',-1,'2016-12-26 19:31:31',-1,NULL,NULL,NULL,NULL,NULL,NULL,NULL,NULL,NULL,NULL,NULL,NULL,NULL,NULL,NULL,NULL),(10572,'generator.iscover','en_GB','is Cover',1,-1,-1,-1,'2016-12-26 19:31:31',-1,'2016-12-26 19:31:31',-1,NULL,NULL,NULL,NULL,NULL,NULL,NULL,NULL,NULL,NULL,NULL,NULL,NULL,NULL,NULL,NULL),(10573,'generator.htmlmodel','zh_CN','ftl',1,-1,-1,-1,'2016-12-26 19:31:31',-1,'2016-12-26 19:31:31',-1,NULL,NULL,NULL,NULL,NULL,NULL,NULL,NULL,NULL,NULL,NULL,NULL,NULL,NULL,NULL,NULL),(10574,'generator.htmlmodel','en_GB','Choose FTL Template',1,-1,-1,-1,'2016-12-26 19:31:31',-1,'2016-12-26 19:31:31',-1,NULL,NULL,NULL,NULL,NULL,NULL,NULL,NULL,NULL,NULL,NULL,NULL,NULL,NULL,NULL,NULL),(10575,'generator.submit','zh_CN','',1,-1,-1,-1,'2016-12-26 19:31:31',-1,'2016-12-26 19:31:31',-1,NULL,NULL,NULL,NULL,NULL,NULL,NULL,NULL,NULL,NULL,NULL,NULL,NULL,NULL,NULL,NULL),(10576,'generator.submit','en_GB','Create File',1,-1,-1,-1,'2016-12-26 19:31:31',-1,'2016-12-26 19:31:31',-1,NULL,NULL,NULL,NULL,NULL,NULL,NULL,NULL,NULL,NULL,NULL,NULL,NULL,NULL,NULL,NULL),(10577,'generator.needchoosetable','zh_CN','',1,-1,-1,-1,'2016-12-26 19:31:31',-1,'2016-12-26 19:31:31',-1,NULL,NULL,NULL,NULL,NULL,NULL,NULL,NULL,NULL,NULL,NULL,NULL,NULL,NULL,NULL,NULL),(10578,'generator.needchoosetable','en_GB','Please Choose a Table',1,-1,-1,-1,'2016-12-26 19:31:31',-1,'2016-12-26 19:31:31',-1,NULL,NULL,NULL,NULL,NULL,NULL,NULL,NULL,NULL,NULL,NULL,NULL,NULL,NULL,NULL,NULL),(10579,'hrorgunit.companyname','zh_CN','',1,-1,-1,-1,'2016-12-26 19:31:31',-1,'2016-12-26 19:31:31',-1,NULL,NULL,NULL,NULL,NULL,NULL,NULL,NULL,NULL,NULL,NULL,NULL,NULL,NULL,NULL,NULL),(10580,'hrorgunit.companyname','en_GB','Company',1,-1,-1,-1,'2016-12-26 19:31:31',-1,'2016-12-26 19:31:31',-1,NULL,NULL,NULL,NULL,NULL,NULL,NULL,NULL,NULL,NULL,NULL,NULL,NULL,NULL,NULL,NULL),(10581,'hap.copy','zh_CN','',1,-1,-1,-1,'2016-12-26 19:31:31',-1,'2016-12-26 19:31:31',-1,NULL,NULL,NULL,NULL,NULL,NULL,NULL,NULL,NULL,NULL,NULL,NULL,NULL,NULL,NULL,NULL),(10582,'hap.copy','en_GB','Copy',1,-1,-1,-1,'2016-12-26 19:31:31',-1,'2016-12-26 19:31:31',-1,NULL,NULL,NULL,NULL,NULL,NULL,NULL,NULL,NULL,NULL,NULL,NULL,NULL,NULL,NULL,NULL),(10583,'hap.tip.selectrow','zh_CN','',1,-1,-1,-1,'2016-12-26 19:31:31',-1,'2016-12-26 19:31:31',-1,NULL,NULL,NULL,NULL,NULL,NULL,NULL,NULL,NULL,NULL,NULL,NULL,NULL,NULL,NULL,NULL),(10584,'hap.tip.selectrow','en_GB','Please Select One',1,-1,-1,-1,'2016-12-26 19:31:31',-1,'2016-12-26 19:31:31',-1,NULL,NULL,NULL,NULL,NULL,NULL,NULL,NULL,NULL,NULL,NULL,NULL,NULL,NULL,NULL,NULL),(10585,'hap.tip.selectrows','zh_CN','',1,-1,-1,-1,'2016-12-26 19:31:31',-1,'2016-12-26 19:31:31',-1,NULL,NULL,NULL,NULL,NULL,NULL,NULL,NULL,NULL,NULL,NULL,NULL,NULL,NULL,NULL,NULL),(10586,'hap.tip.selectrows','en_GB','Please Select At Least One',1,-1,-1,-1,'2016-12-26 19:31:31',-1,'2016-12-26 19:31:31',-1,NULL,NULL,NULL,NULL,NULL,NULL,NULL,NULL,NULL,NULL,NULL,NULL,NULL,NULL,NULL,NULL),(10587,'hap.typeorkey_empty','zh_CN','',1,-1,-1,-1,'2016-12-26 19:31:31',-1,'2016-12-26 19:31:31',-1,NULL,NULL,NULL,NULL,NULL,NULL,NULL,NULL,NULL,NULL,NULL,NULL,NULL,NULL,NULL,NULL),(10588,'hap.typeorkey_empty','en_GB','Type Or Key Empty',1,-1,-1,-1,'2016-12-26 19:31:31',-1,'2016-12-26 19:31:31',-1,NULL,NULL,NULL,NULL,NULL,NULL,NULL,NULL,NULL,NULL,NULL,NULL,NULL,NULL,NULL,NULL),(10589,'hap.type_error','zh_CN','',1,-1,-1,-1,'2016-12-26 19:31:31',-1,'2016-12-26 19:31:31',-1,NULL,NULL,NULL,NULL,NULL,NULL,NULL,NULL,NULL,NULL,NULL,NULL,NULL,NULL,NULL,NULL),(10590,'hap.type_error','en_GB','Type Error',1,-1,-1,-1,'2016-12-26 19:31:31',-1,'2016-12-26 19:31:31',-1,NULL,NULL,NULL,NULL,NULL,NULL,NULL,NULL,NULL,NULL,NULL,NULL,NULL,NULL,NULL,NULL),(10591,'hap.database_error','zh_CN','',1,-1,-1,-1,'2016-12-26 19:31:31',-1,'2016-12-26 19:31:31',-1,NULL,NULL,NULL,NULL,NULL,NULL,NULL,NULL,NULL,NULL,NULL,NULL,NULL,NULL,NULL,NULL),(10592,'hap.database_error','en_GB','Database Error',1,-1,-1,-1,'2016-12-26 19:31:31',-1,'2016-12-26 19:31:31',-1,NULL,NULL,NULL,NULL,NULL,NULL,NULL,NULL,NULL,NULL,NULL,NULL,NULL,NULL,NULL,NULL),(10593,'hap.mesg_unique','zh_CN','',1,-1,-1,-1,'2016-12-26 19:31:31',-1,'2016-12-26 19:31:31',-1,NULL,NULL,NULL,NULL,NULL,NULL,NULL,NULL,NULL,NULL,NULL,NULL,NULL,NULL,NULL,NULL),(10594,'hap.mesg_unique','en_GB','Category Unique',1,-1,-1,-1,'2016-12-26 19:31:31',-1,'2016-12-26 19:31:31',-1,NULL,NULL,NULL,NULL,NULL,NULL,NULL,NULL,NULL,NULL,NULL,NULL,NULL,NULL,NULL,NULL),(10595,'hap.download','zh_CN','',1,-1,-1,-1,'2016-12-26 19:31:31',-1,'2016-12-26 19:31:31',-1,NULL,NULL,NULL,NULL,NULL,NULL,NULL,NULL,NULL,NULL,NULL,NULL,NULL,NULL,NULL,NULL),(10596,'hap.download','en_GB','Download',1,-1,-1,-1,'2016-12-26 19:31:31',-1,'2016-12-26 19:31:31',-1,NULL,NULL,NULL,NULL,NULL,NULL,NULL,NULL,NULL,NULL,NULL,NULL,NULL,NULL,NULL,NULL),(10597,'hap.mesg_delete','zh_CN','',1,-1,-1,-1,'2016-12-26 19:31:31',-1,'2016-12-26 19:31:31',-1,NULL,NULL,NULL,NULL,NULL,NULL,NULL,NULL,NULL,NULL,NULL,NULL,NULL,NULL,NULL,NULL),(10598,'hap.mesg_delete','en_GB','Deleted',1,-1,-1,-1,'2016-12-26 19:31:31',-1,'2016-12-26 19:31:31',-1,NULL,NULL,NULL,NULL,NULL,NULL,NULL,NULL,NULL,NULL,NULL,NULL,NULL,NULL,NULL,NULL),(10599,'message.sendflag','zh_CN','',1,-1,-1,-1,'2016-12-26 19:31:31',-1,'2016-12-26 19:31:31',-1,NULL,NULL,NULL,NULL,NULL,NULL,NULL,NULL,NULL,NULL,NULL,NULL,NULL,NULL,NULL,NULL),(10600,'message.sendflag','en_GB','Send Status',1,-1,-1,-1,'2016-12-26 19:31:31',-1,'2016-12-26 19:31:31',-1,NULL,NULL,NULL,NULL,NULL,NULL,NULL,NULL,NULL,NULL,NULL,NULL,NULL,NULL,NULL,NULL),(10601,'message.templatetest','zh_CN','',1,-1,-1,-1,'2016-12-26 19:31:31',-1,'2016-12-26 19:31:31',-1,NULL,NULL,NULL,NULL,NULL,NULL,NULL,NULL,NULL,NULL,NULL,NULL,NULL,NULL,NULL,NULL),(10602,'message.templatetest','en_GB','Template Message',1,-1,-1,-1,'2016-12-26 19:31:31',-1,'2016-12-26 19:31:31',-1,NULL,NULL,NULL,NULL,NULL,NULL,NULL,NULL,NULL,NULL,NULL,NULL,NULL,NULL,NULL,NULL),(10603,'message.customtest','zh_CN','',1,-1,-1,-1,'2016-12-26 19:31:31',-1,'2016-12-26 19:31:31',-1,NULL,NULL,NULL,NULL,NULL,NULL,NULL,NULL,NULL,NULL,NULL,NULL,NULL,NULL,NULL,NULL),(10604,'message.customtest','en_GB','Custom Message',1,-1,-1,-1,'2016-12-26 19:31:31',-1,'2016-12-26 19:31:31',-1,NULL,NULL,NULL,NULL,NULL,NULL,NULL,NULL,NULL,NULL,NULL,NULL,NULL,NULL,NULL,NULL),(10605,'message.rensend','zh_CN','',1,-1,-1,-1,'2016-12-26 19:31:31',-1,'2016-12-26 19:31:31',-1,NULL,NULL,NULL,NULL,NULL,NULL,NULL,NULL,NULL,NULL,NULL,NULL,NULL,NULL,NULL,NULL),(10606,'message.rensend','en_GB','ReSend Message',1,-1,-1,-1,'2016-12-26 19:31:31',-1,'2016-12-26 19:31:31',-1,NULL,NULL,NULL,NULL,NULL,NULL,NULL,NULL,NULL,NULL,NULL,NULL,NULL,NULL,NULL,NULL),(10607,'messagetemplate.creationdate','zh_CN','',1,-1,-1,-1,'2016-12-26 19:31:31',-1,'2016-12-26 19:31:31',-1,NULL,NULL,NULL,NULL,NULL,NULL,NULL,NULL,NULL,NULL,NULL,NULL,NULL,NULL,NULL,NULL),(10608,'messagetemplate.creationdate','en_GB','Message Create Time',1,-1,-1,-1,'2016-12-26 19:31:31',-1,'2016-12-26 19:31:31',-1,NULL,NULL,NULL,NULL,NULL,NULL,NULL,NULL,NULL,NULL,NULL,NULL,NULL,NULL,NULL,NULL),(10609,'messagetemplate.lastupdatedate','zh_CN','',1,-1,-1,-1,'2016-12-26 19:31:31',-1,'2016-12-26 19:31:31',-1,NULL,NULL,NULL,NULL,NULL,NULL,NULL,NULL,NULL,NULL,NULL,NULL,NULL,NULL,NULL,NULL),(10610,'messagetemplate.lastupdatedate','en_GB','Message Update Time',1,-1,-1,-1,'2016-12-26 19:31:31',-1,'2016-12-26 19:31:31',-1,NULL,NULL,NULL,NULL,NULL,NULL,NULL,NULL,NULL,NULL,NULL,NULL,NULL,NULL,NULL,NULL),(10611,'hap.upload_success','zh_CN','',1,-1,-1,-1,'2016-12-26 19:31:31',-1,'2016-12-26 19:31:31',-1,NULL,NULL,NULL,NULL,NULL,NULL,NULL,NULL,NULL,NULL,NULL,NULL,NULL,NULL,NULL,NULL),(10612,'hap.upload_success','en_GB','Upload Success',1,-1,-1,-1,'2016-12-26 19:31:31',-1,'2016-12-26 19:31:31',-1,NULL,NULL,NULL,NULL,NULL,NULL,NULL,NULL,NULL,NULL,NULL,NULL,NULL,NULL,NULL,NULL),(10613,'codevalue.orderseq','zh_CN','',1,-1,-1,-1,'2016-12-26 19:31:31',-1,'2016-12-26 19:31:31',-1,NULL,NULL,NULL,NULL,NULL,NULL,NULL,NULL,NULL,NULL,NULL,NULL,NULL,NULL,NULL,NULL),(10614,'codevalue.orderseq','en_GB','Order Seq',1,-1,-1,-1,'2016-12-26 19:31:31',-1,'2016-12-26 19:31:31',-1,NULL,NULL,NULL,NULL,NULL,NULL,NULL,NULL,NULL,NULL,NULL,NULL,NULL,NULL,NULL,NULL),(10615,'sys.login.safety','zh_CN','',1,-1,-1,-1,'2016-12-26 19:31:31',-1,'2016-12-26 19:31:31',-1,NULL,NULL,NULL,NULL,NULL,NULL,NULL,NULL,NULL,NULL,NULL,NULL,NULL,NULL,NULL,NULL),(10616,'sys.login.safety','en_GB','Login Policy',1,-1,-1,-1,'2016-12-26 19:31:31',-1,'2016-12-26 19:31:31',-1,NULL,NULL,NULL,NULL,NULL,NULL,NULL,NULL,NULL,NULL,NULL,NULL,NULL,NULL,NULL,NULL),(10617,'sys.config.rolemerge','zh_CN','',1,-1,-1,-1,'2016-12-26 19:31:31',-1,'2016-12-26 19:31:31',-1,NULL,NULL,NULL,NULL,NULL,NULL,NULL,NULL,NULL,NULL,NULL,NULL,NULL,NULL,NULL,NULL),(10618,'sys.config.rolemerge','en_GB','Role Merge',1,-1,-1,-1,'2016-12-26 19:31:31',-1,'2016-12-26 19:31:31',-1,NULL,NULL,NULL,NULL,NULL,NULL,NULL,NULL,NULL,NULL,NULL,NULL,NULL,NULL,NULL,NULL),(10619,'sys.config.user_role_merge.describe','zh_CN','',1,-1,-1,-1,'2016-12-26 19:31:31',-1,'2016-12-26 19:31:31',-1,NULL,NULL,NULL,NULL,NULL,NULL,NULL,NULL,NULL,NULL,NULL,NULL,NULL,NULL,NULL,NULL),(10620,'sys.config.user_role_merge.describe','en_GB','After the merger, the login is not need to select roles, menus, permissions are combined',1,-1,-1,-1,'2016-12-26 19:31:31',-1,'2016-12-26 19:31:31',-1,NULL,NULL,NULL,NULL,NULL,NULL,NULL,NULL,NULL,NULL,NULL,NULL,NULL,NULL,NULL,NULL),(10621,'sys.config.default_target_url','zh_CN','URL',1,-1,-1,-1,'2016-12-26 19:31:31',-1,'2016-12-26 19:31:31',-1,NULL,NULL,NULL,NULL,NULL,NULL,NULL,NULL,NULL,NULL,NULL,NULL,NULL,NULL,NULL,NULL),(10622,'sys.config.default_target_url','en_GB','Target URL',1,-1,-1,-1,'2016-12-26 19:31:31',-1,'2016-12-26 19:31:31',-1,NULL,NULL,NULL,NULL,NULL,NULL,NULL,NULL,NULL,NULL,NULL,NULL,NULL,NULL,NULL,NULL),(10623,'sys.config.default_target_url.describe','zh_CN','URL',1,-1,-1,-1,'2016-12-26 19:31:31',-1,'2016-12-26 19:31:31',-1,NULL,NULL,NULL,NULL,NULL,NULL,NULL,NULL,NULL,NULL,NULL,NULL,NULL,NULL,NULL,NULL),(10624,'sys.config.default_target_url.describe','en_GB','Login successful redirect URL',1,-1,-1,-1,'2016-12-26 19:31:31',-1,'2016-12-26 19:31:31',-1,NULL,NULL,NULL,NULL,NULL,NULL,NULL,NULL,NULL,NULL,NULL,NULL,NULL,NULL,NULL,NULL),(10625,'interface.systemname','zh_CN','',1,-1,-1,-1,'2016-12-26 19:31:31',-1,'2016-12-26 19:31:31',-1,NULL,NULL,NULL,NULL,NULL,NULL,NULL,NULL,NULL,NULL,NULL,NULL,NULL,NULL,NULL,NULL),(10626,'interface.systemname','en_GB','System Name',1,-1,-1,-1,'2016-12-26 19:31:31',-1,'2016-12-26 19:31:31',-1,NULL,NULL,NULL,NULL,NULL,NULL,NULL,NULL,NULL,NULL,NULL,NULL,NULL,NULL,NULL,NULL),(10627,'interface.interfacetype','zh_CN','',1,-1,-1,-1,'2016-12-26 19:31:31',-1,'2016-12-26 19:31:31',-1,NULL,NULL,NULL,NULL,NULL,NULL,NULL,NULL,NULL,NULL,NULL,NULL,NULL,NULL,NULL,NULL),(10628,'interface.interfacetype','en_GB','Interface Type',1,-1,-1,-1,'2016-12-26 19:31:31',-1,'2016-12-26 19:31:31',-1,NULL,NULL,NULL,NULL,NULL,NULL,NULL,NULL,NULL,NULL,NULL,NULL,NULL,NULL,NULL,NULL),(10629,'interface.systemurl','zh_CN','',1,-1,-1,-1,'2016-12-26 19:31:31',-1,'2016-12-26 19:31:31',-1,NULL,NULL,NULL,NULL,NULL,NULL,NULL,NULL,NULL,NULL,NULL,NULL,NULL,NULL,NULL,NULL),(10630,'interface.systemurl','en_GB','System URL',1,-1,-1,-1,'2016-12-26 19:31:31',-1,'2016-12-26 19:31:31',-1,NULL,NULL,NULL,NULL,NULL,NULL,NULL,NULL,NULL,NULL,NULL,NULL,NULL,NULL,NULL,NULL),(10631,'interface.requestmethod','zh_CN','',1,-1,-1,-1,'2016-12-26 19:31:31',-1,'2016-12-26 19:31:31',-1,NULL,NULL,NULL,NULL,NULL,NULL,NULL,NULL,NULL,NULL,NULL,NULL,NULL,NULL,NULL,NULL),(10632,'interface.requestmethod','en_GB','Request Method',1,-1,-1,-1,'2016-12-26 19:31:31',-1,'2016-12-26 19:31:31',-1,NULL,NULL,NULL,NULL,NULL,NULL,NULL,NULL,NULL,NULL,NULL,NULL,NULL,NULL,NULL,NULL),(10633,'interface.requestformat','zh_CN','',1,-1,-1,-1,'2016-12-26 19:31:31',-1,'2016-12-26 19:31:31',-1,NULL,NULL,NULL,NULL,NULL,NULL,NULL,NULL,NULL,NULL,NULL,NULL,NULL,NULL,NULL,NULL),(10634,'interface.requestformat','en_GB','Request Format',1,-1,-1,-1,'2016-12-26 19:31:31',-1,'2016-12-26 19:31:31',-1,NULL,NULL,NULL,NULL,NULL,NULL,NULL,NULL,NULL,NULL,NULL,NULL,NULL,NULL,NULL,NULL),(10635,'interface.mapperclass','zh_CN','',1,-1,-1,-1,'2016-12-26 19:31:31',-1,'2016-12-26 19:31:31',-1,NULL,NULL,NULL,NULL,NULL,NULL,NULL,NULL,NULL,NULL,NULL,NULL,NULL,NULL,NULL,NULL),(10636,'interface.mapperclass','en_GB','Mapper Class',1,-1,-1,-1,'2016-12-26 19:31:31',-1,'2016-12-26 19:31:31',-1,NULL,NULL,NULL,NULL,NULL,NULL,NULL,NULL,NULL,NULL,NULL,NULL,NULL,NULL,NULL,NULL),(10637,'interface.namespace','zh_CN','',1,-1,-1,-1,'2016-12-26 19:31:31',-1,'2016-12-26 19:31:31',-1,NULL,NULL,NULL,NULL,NULL,NULL,NULL,NULL,NULL,NULL,NULL,NULL,NULL,NULL,NULL,NULL),(10638,'interface.namespace','en_GB','Namespace',1,-1,-1,-1,'2016-12-26 19:31:31',-1,'2016-12-26 19:31:31',-1,NULL,NULL,NULL,NULL,NULL,NULL,NULL,NULL,NULL,NULL,NULL,NULL,NULL,NULL,NULL,NULL),(10639,'interface.enableflag','zh_CN','',1,-1,-1,-1,'2016-12-26 19:31:31',-1,'2016-12-26 19:31:31',-1,NULL,NULL,NULL,NULL,NULL,NULL,NULL,NULL,NULL,NULL,NULL,NULL,NULL,NULL,NULL,NULL),(10640,'interface.enableflag','en_GB','Enable Flag',1,-1,-1,-1,'2016-12-26 19:31:31',-1,'2016-12-26 19:31:31',-1,NULL,NULL,NULL,NULL,NULL,NULL,NULL,NULL,NULL,NULL,NULL,NULL,NULL,NULL,NULL,NULL),(10641,'interface.authflag','zh_CN','',1,-1,-1,-1,'2016-12-26 19:31:31',-1,'2016-12-26 19:31:31',-1,NULL,NULL,NULL,NULL,NULL,NULL,NULL,NULL,NULL,NULL,NULL,NULL,NULL,NULL,NULL,NULL),(10642,'interface.authflag','en_GB','Auth Flag',1,-1,-1,-1,'2016-12-26 19:31:31',-1,'2016-12-26 19:31:31',-1,NULL,NULL,NULL,NULL,NULL,NULL,NULL,NULL,NULL,NULL,NULL,NULL,NULL,NULL,NULL,NULL),(10643,'interface.requestcontenttype','zh_CN','',1,-1,-1,-1,'2016-12-26 19:31:31',-1,'2016-12-26 19:31:31',-1,NULL,NULL,NULL,NULL,NULL,NULL,NULL,NULL,NULL,NULL,NULL,NULL,NULL,NULL,NULL,NULL),(10644,'interface.requestcontenttype','en_GB','Request Content Type',1,-1,-1,-1,'2016-12-26 19:31:31',-1,'2016-12-26 19:31:31',-1,NULL,NULL,NULL,NULL,NULL,NULL,NULL,NULL,NULL,NULL,NULL,NULL,NULL,NULL,NULL,NULL),(10645,'interface.requestaccept','zh_CN','',1,-1,-1,-1,'2016-12-26 19:31:31',-1,'2016-12-26 19:31:31',-1,NULL,NULL,NULL,NULL,NULL,NULL,NULL,NULL,NULL,NULL,NULL,NULL,NULL,NULL,NULL,NULL),(10646,'interface.requestaccept','en_GB','Request Accept',1,-1,-1,-1,'2016-12-26 19:31:31',-1,'2016-12-26 19:31:31',-1,NULL,NULL,NULL,NULL,NULL,NULL,NULL,NULL,NULL,NULL,NULL,NULL,NULL,NULL,NULL,NULL),(10647,'interface.checkusername','zh_CN','',1,-1,-1,-1,'2016-12-26 19:31:31',-1,'2016-12-26 19:31:31',-1,NULL,NULL,NULL,NULL,NULL,NULL,NULL,NULL,NULL,NULL,NULL,NULL,NULL,NULL,NULL,NULL),(10648,'interface.checkusername','en_GB','Check User Name',1,-1,-1,-1,'2016-12-26 19:31:31',-1,'2016-12-26 19:31:31',-1,NULL,NULL,NULL,NULL,NULL,NULL,NULL,NULL,NULL,NULL,NULL,NULL,NULL,NULL,NULL,NULL),(10649,'interface.checkpassword','zh_CN','',1,-1,-1,-1,'2016-12-26 19:31:32',-1,'2016-12-26 19:31:32',-1,NULL,NULL,NULL,NULL,NULL,NULL,NULL,NULL,NULL,NULL,NULL,NULL,NULL,NULL,NULL,NULL),(10650,'interface.checkpassword','en_GB','Check Password',1,-1,-1,-1,'2016-12-26 19:31:32',-1,'2016-12-26 19:31:32',-1,NULL,NULL,NULL,NULL,NULL,NULL,NULL,NULL,NULL,NULL,NULL,NULL,NULL,NULL,NULL,NULL),(10651,'interface.soapheader','zh_CN','SOAP',1,-1,-1,-1,'2016-12-26 19:31:32',-1,'2016-12-26 19:31:32',-1,NULL,NULL,NULL,NULL,NULL,NULL,NULL,NULL,NULL,NULL,NULL,NULL,NULL,NULL,NULL,NULL),(10652,'interface.soapheader','en_GB','SOAP Header',1,-1,-1,-1,'2016-12-26 19:31:32',-1,'2016-12-26 19:31:32',-1,NULL,NULL,NULL,NULL,NULL,NULL,NULL,NULL,NULL,NULL,NULL,NULL,NULL,NULL,NULL,NULL),(10653,'interface.soaptail','zh_CN','SOAP',1,-1,-1,-1,'2016-12-26 19:31:32',-1,'2016-12-26 19:31:32',-1,NULL,NULL,NULL,NULL,NULL,NULL,NULL,NULL,NULL,NULL,NULL,NULL,NULL,NULL,NULL,NULL),(10654,'interface.soaptail','en_GB','SOAP Tail',1,-1,-1,-1,'2016-12-26 19:31:32',-1,'2016-12-26 19:31:32',-1,NULL,NULL,NULL,NULL,NULL,NULL,NULL,NULL,NULL,NULL,NULL,NULL,NULL,NULL,NULL,NULL),(10655,'interface.headeredit','zh_CN','',1,-1,-1,-1,'2016-12-26 19:31:32',-1,'2016-12-26 19:31:32',-1,NULL,NULL,NULL,NULL,NULL,NULL,NULL,NULL,NULL,NULL,NULL,NULL,NULL,NULL,NULL,NULL),(10656,'interface.headeredit','en_GB','Interface Header Edit',1,-1,-1,-1,'2016-12-26 19:31:32',-1,'2016-12-26 19:31:32',-1,NULL,NULL,NULL,NULL,NULL,NULL,NULL,NULL,NULL,NULL,NULL,NULL,NULL,NULL,NULL,NULL),(10657,'interface.lineedit','zh_CN','',1,-1,-1,-1,'2016-12-26 19:31:32',-1,'2016-12-26 19:31:32',-1,NULL,NULL,NULL,NULL,NULL,NULL,NULL,NULL,NULL,NULL,NULL,NULL,NULL,NULL,NULL,NULL),(10658,'interface.lineedit','en_GB','View Interface',1,-1,-1,-1,'2016-12-26 19:31:32',-1,'2016-12-26 19:31:32',-1,NULL,NULL,NULL,NULL,NULL,NULL,NULL,NULL,NULL,NULL,NULL,NULL,NULL,NULL,NULL,NULL),(10659,'interface.line.interfacecode','zh_CN','',1,-1,-1,-1,'2016-12-26 19:31:32',-1,'2016-12-26 19:31:32',-1,NULL,NULL,NULL,NULL,NULL,NULL,NULL,NULL,NULL,NULL,NULL,NULL,NULL,NULL,NULL,NULL),(10660,'interface.line.interfacecode','en_GB','Interface Code',1,-1,-1,-1,'2016-12-26 19:31:32',-1,'2016-12-26 19:31:32',-1,NULL,NULL,NULL,NULL,NULL,NULL,NULL,NULL,NULL,NULL,NULL,NULL,NULL,NULL,NULL,NULL),(10661,'interface.systemcode','zh_CN','',1,-1,-1,-1,'2016-12-26 19:31:32',-1,'2016-12-26 19:31:32',-1,NULL,NULL,NULL,NULL,NULL,NULL,NULL,NULL,NULL,NULL,NULL,NULL,NULL,NULL,NULL,NULL),(10662,'interface.systemcode','en_GB','System Code',1,-1,-1,-1,'2016-12-26 19:31:32',-1,'2016-12-26 19:31:32',-1,NULL,NULL,NULL,NULL,NULL,NULL,NULL,NULL,NULL,NULL,NULL,NULL,NULL,NULL,NULL,NULL),(10663,'interface.line.interfacename','zh_CN','',1,-1,-1,-1,'2016-12-26 19:31:32',-1,'2016-12-26 19:31:32',-1,NULL,NULL,NULL,NULL,NULL,NULL,NULL,NULL,NULL,NULL,NULL,NULL,NULL,NULL,NULL,NULL),(10664,'interface.line.interfacename','en_GB','Interface Name',1,-1,-1,-1,'2016-12-26 19:31:32',-1,'2016-12-26 19:31:32',-1,NULL,NULL,NULL,NULL,NULL,NULL,NULL,NULL,NULL,NULL,NULL,NULL,NULL,NULL,NULL,NULL),(10665,'interface.lind.interfaceurl','zh_CN','',1,-1,-1,-1,'2016-12-26 19:31:32',-1,'2016-12-26 19:31:32',-1,NULL,NULL,NULL,NULL,NULL,NULL,NULL,NULL,NULL,NULL,NULL,NULL,NULL,NULL,NULL,NULL),(10666,'interface.lind.interfaceurl','en_GB','Interface URL',1,-1,-1,-1,'2016-12-26 19:31:32',-1,'2016-12-26 19:31:32',-1,NULL,NULL,NULL,NULL,NULL,NULL,NULL,NULL,NULL,NULL,NULL,NULL,NULL,NULL,NULL,NULL),(10667,'interface.invoke.inbound','zh_CN','',1,-1,-1,-1,'2016-12-26 19:31:32',-1,'2016-12-26 19:31:32',-1,NULL,NULL,NULL,NULL,NULL,NULL,NULL,NULL,NULL,NULL,NULL,NULL,NULL,NULL,NULL,NULL),(10668,'interface.invoke.inbound','en_GB','Inbound Request',1,-1,-1,-1,'2016-12-26 19:31:32',-1,'2016-12-26 19:31:32',-1,NULL,NULL,NULL,NULL,NULL,NULL,NULL,NULL,NULL,NULL,NULL,NULL,NULL,NULL,NULL,NULL),(10669,'interface.invoke.outbound','zh_CN','',1,-1,-1,-1,'2016-12-26 19:31:32',-1,'2016-12-26 19:31:32',-1,NULL,NULL,NULL,NULL,NULL,NULL,NULL,NULL,NULL,NULL,NULL,NULL,NULL,NULL,NULL,NULL),(10670,'interface.invoke.outbound','en_GB','Outbound Request',1,-1,-1,-1,'2016-12-26 19:31:32',-1,'2016-12-26 19:31:32',-1,NULL,NULL,NULL,NULL,NULL,NULL,NULL,NULL,NULL,NULL,NULL,NULL,NULL,NULL,NULL,NULL),(10671,'interface.invoke.requeststatus','zh_CN','',1,-1,-1,-1,'2016-12-26 19:31:32',-1,'2016-12-26 19:31:32',-1,NULL,NULL,NULL,NULL,NULL,NULL,NULL,NULL,NULL,NULL,NULL,NULL,NULL,NULL,NULL,NULL),(10672,'interface.invoke.requeststatus','en_GB','Request Status',1,-1,-1,-1,'2016-12-26 19:31:32',-1,'2016-12-26 19:31:32',-1,NULL,NULL,NULL,NULL,NULL,NULL,NULL,NULL,NULL,NULL,NULL,NULL,NULL,NULL,NULL,NULL),(10673,'interface.invoke.requesttime','zh_CN','',1,-1,-1,-1,'2016-12-26 19:31:32',-1,'2016-12-26 19:31:32',-1,NULL,NULL,NULL,NULL,NULL,NULL,NULL,NULL,NULL,NULL,NULL,NULL,NULL,NULL,NULL,NULL),(10674,'interface.invoke.requesttime','en_GB','Request Date',1,-1,-1,-1,'2016-12-26 19:31:32',-1,'2016-12-26 19:31:32',-1,NULL,NULL,NULL,NULL,NULL,NULL,NULL,NULL,NULL,NULL,NULL,NULL,NULL,NULL,NULL,NULL),(10675,'interface.invoke.requestip','zh_CN','IP',1,-1,-1,-1,'2016-12-26 19:31:32',-1,'2016-12-26 19:31:32',-1,NULL,NULL,NULL,NULL,NULL,NULL,NULL,NULL,NULL,NULL,NULL,NULL,NULL,NULL,NULL,NULL),(10676,'interface.invoke.requestip','en_GB','User IP',1,-1,-1,-1,'2016-12-26 19:31:32',-1,'2016-12-26 19:31:32',-1,NULL,NULL,NULL,NULL,NULL,NULL,NULL,NULL,NULL,NULL,NULL,NULL,NULL,NULL,NULL,NULL),(10677,'interface.invoke.responsetime','zh_CN','',1,-1,-1,-1,'2016-12-26 19:31:32',-1,'2016-12-26 19:31:32',-1,NULL,NULL,NULL,NULL,NULL,NULL,NULL,NULL,NULL,NULL,NULL,NULL,NULL,NULL,NULL,NULL),(10678,'interface.invoke.responsetime','en_GB','Response Time',1,-1,-1,-1,'2016-12-26 19:31:32',-1,'2016-12-26 19:31:32',-1,NULL,NULL,NULL,NULL,NULL,NULL,NULL,NULL,NULL,NULL,NULL,NULL,NULL,NULL,NULL,NULL),(10679,'interface.invoke.detail','zh_CN','',1,-1,-1,-1,'2016-12-26 19:31:32',-1,'2016-12-26 19:31:32',-1,NULL,NULL,NULL,NULL,NULL,NULL,NULL,NULL,NULL,NULL,NULL,NULL,NULL,NULL,NULL,NULL),(10680,'interface.invoke.detail','en_GB','Invoke Detail',1,-1,-1,-1,'2016-12-26 19:31:32',-1,'2016-12-26 19:31:32',-1,NULL,NULL,NULL,NULL,NULL,NULL,NULL,NULL,NULL,NULL,NULL,NULL,NULL,NULL,NULL,NULL),(10681,'interface.invoke.requestparameter','zh_CN','',1,-1,-1,-1,'2016-12-26 19:31:32',-1,'2016-12-26 19:31:32',-1,NULL,NULL,NULL,NULL,NULL,NULL,NULL,NULL,NULL,NULL,NULL,NULL,NULL,NULL,NULL,NULL),(10682,'interface.invoke.requestparameter','en_GB','Request Parameter',1,-1,-1,-1,'2016-12-26 19:31:32',-1,'2016-12-26 19:31:32',-1,NULL,NULL,NULL,NULL,NULL,NULL,NULL,NULL,NULL,NULL,NULL,NULL,NULL,NULL,NULL,NULL),(10683,'interface.invoke.responsecode','zh_CN','HTTP CODE',1,-1,-1,-1,'2016-12-26 19:31:32',-1,'2016-12-26 19:31:32',-1,NULL,NULL,NULL,NULL,NULL,NULL,NULL,NULL,NULL,NULL,NULL,NULL,NULL,NULL,NULL,NULL),(10684,'interface.invoke.responsecode','en_GB','HTTP CODE',1,-1,-1,-1,'2016-12-26 19:31:32',-1,'2016-12-26 19:31:32',-1,NULL,NULL,NULL,NULL,NULL,NULL,NULL,NULL,NULL,NULL,NULL,NULL,NULL,NULL,NULL,NULL),(10685,'interface.invoke.requestbodyprm','zh_CN','body',1,-1,-1,-1,'2016-12-26 19:31:32',-1,'2016-12-26 19:31:32',-1,NULL,NULL,NULL,NULL,NULL,NULL,NULL,NULL,NULL,NULL,NULL,NULL,NULL,NULL,NULL,NULL),(10686,'interface.invoke.requestbodyprm','en_GB','Body Parameter',1,-1,-1,-1,'2016-12-26 19:31:32',-1,'2016-12-26 19:31:32',-1,NULL,NULL,NULL,NULL,NULL,NULL,NULL,NULL,NULL,NULL,NULL,NULL,NULL,NULL,NULL,NULL),(10687,'interface.invoke.responsecontent','zh_CN','',1,-1,-1,-1,'2016-12-26 19:31:32',-1,'2016-12-26 19:31:32',-1,NULL,NULL,NULL,NULL,NULL,NULL,NULL,NULL,NULL,NULL,NULL,NULL,NULL,NULL,NULL,NULL),(10688,'interface.invoke.responsecontent','en_GB','Response Date',1,-1,-1,-1,'2016-12-26 19:31:32',-1,'2016-12-26 19:31:32',-1,NULL,NULL,NULL,NULL,NULL,NULL,NULL,NULL,NULL,NULL,NULL,NULL,NULL,NULL,NULL,NULL),(10689,'interface.invoke.stacktrace','zh_CN','',1,-1,-1,-1,'2016-12-26 19:31:32',-1,'2016-12-26 19:31:32',-1,NULL,NULL,NULL,NULL,NULL,NULL,NULL,NULL,NULL,NULL,NULL,NULL,NULL,NULL,NULL,NULL),(10690,'interface.invoke.stacktrace','en_GB','Stack Trace',1,-1,-1,-1,'2016-12-26 19:31:32',-1,'2016-12-26 19:31:32',-1,NULL,NULL,NULL,NULL,NULL,NULL,NULL,NULL,NULL,NULL,NULL,NULL,NULL,NULL,NULL,NULL),(10691,'interface.invoke.userreferer','zh_CN','Referer',1,-1,-1,-1,'2016-12-26 19:31:32',-1,'2016-12-26 19:31:32',-1,NULL,NULL,NULL,NULL,NULL,NULL,NULL,NULL,NULL,NULL,NULL,NULL,NULL,NULL,NULL,NULL),(10692,'interface.invoke.userreferer','en_GB','Referer',1,-1,-1,-1,'2016-12-26 19:31:32',-1,'2016-12-26 19:31:32',-1,NULL,NULL,NULL,NULL,NULL,NULL,NULL,NULL,NULL,NULL,NULL,NULL,NULL,NULL,NULL,NULL),(10693,'interface.invoke.useragent','zh_CN','User-Agent',1,-1,-1,-1,'2016-12-26 19:31:32',-1,'2016-12-26 19:31:32',-1,NULL,NULL,NULL,NULL,NULL,NULL,NULL,NULL,NULL,NULL,NULL,NULL,NULL,NULL,NULL,NULL),(10694,'interface.invoke.useragent','en_GB','User-Agent',1,-1,-1,-1,'2016-12-26 19:31:32',-1,'2016-12-26 19:31:32',-1,NULL,NULL,NULL,NULL,NULL,NULL,NULL,NULL,NULL,NULL,NULL,NULL,NULL,NULL,NULL,NULL),(10695,'interface.invoke.statsenddate','zh_CN','',1,-1,-1,-1,'2016-12-26 19:31:32',-1,'2016-12-26 19:31:32',-1,NULL,NULL,NULL,NULL,NULL,NULL,NULL,NULL,NULL,NULL,NULL,NULL,NULL,NULL,NULL,NULL),(10696,'interface.invoke.statsenddate','en_GB','Begin Date',1,-1,-1,-1,'2016-12-26 19:31:32',-1,'2016-12-26 19:31:32',-1,NULL,NULL,NULL,NULL,NULL,NULL,NULL,NULL,NULL,NULL,NULL,NULL,NULL,NULL,NULL,NULL),(10697,'hap.error.uniqueexception','zh_CN','',1,-1,-1,-1,'2016-12-26 19:31:32',-1,'2016-12-26 19:31:32',-1,NULL,NULL,NULL,NULL,NULL,NULL,NULL,NULL,NULL,NULL,NULL,NULL,NULL,NULL,NULL,NULL),(10698,'hap.error.uniqueexception','en_GB','Data Duplicated',1,-1,-1,-1,'2016-12-26 19:31:32',-1,'2016-12-26 19:31:32',-1,NULL,NULL,NULL,NULL,NULL,NULL,NULL,NULL,NULL,NULL,NULL,NULL,NULL,NULL,NULL,NULL),(10699,'hap.error.nullexception','zh_CN','',1,-1,-1,-1,'2016-12-26 19:31:32',-1,'2016-12-26 19:31:32',-1,NULL,NULL,NULL,NULL,NULL,NULL,NULL,NULL,NULL,NULL,NULL,NULL,NULL,NULL,NULL,NULL),(10700,'hap.error.nullexception','en_GB','Field can not be null',1,-1,-1,-1,'2016-12-26 19:31:32',-1,'2016-12-26 19:31:32',-1,NULL,NULL,NULL,NULL,NULL,NULL,NULL,NULL,NULL,NULL,NULL,NULL,NULL,NULL,NULL,NULL),(10701,'hap.exportexcel','zh_CN','Excel',1,-1,-1,-1,'2016-12-26 19:31:32',-1,'2016-12-26 19:31:32',-1,NULL,NULL,NULL,NULL,NULL,NULL,NULL,NULL,NULL,NULL,NULL,NULL,NULL,NULL,NULL,NULL),(10702,'hap.exportexcel','en_GB','Export Excel',1,-1,-1,-1,'2016-12-26 19:31:32',-1,'2016-12-26 19:31:32',-1,NULL,NULL,NULL,NULL,NULL,NULL,NULL,NULL,NULL,NULL,NULL,NULL,NULL,NULL,NULL,NULL),(10703,'interface.invoke.endsenddate','zh_CN','',1,-1,-1,-1,'2016-12-26 19:31:32',-1,'2016-12-26 19:31:32',-1,NULL,NULL,NULL,NULL,NULL,NULL,NULL,NULL,NULL,NULL,NULL,NULL,NULL,NULL,NULL,NULL),(10704,'interface.invoke.endsenddate','en_GB','End Date',1,-1,-1,-1,'2016-12-26 19:31:32',-1,'2016-12-26 19:31:32',-1,NULL,NULL,NULL,NULL,NULL,NULL,NULL,NULL,NULL,NULL,NULL,NULL,NULL,NULL,NULL,NULL),(10705,'hap.invoke.apiname.interfacetranspond','zh_CN','',1,-1,-1,-1,'2016-12-26 19:31:32',-1,'2016-12-26 19:31:32',-1,NULL,NULL,NULL,NULL,NULL,NULL,NULL,NULL,NULL,NULL,NULL,NULL,NULL,NULL,NULL,NULL),(10706,'hap.invoke.apiname.interfacetranspond','en_GB','Interface Transpond',1,-1,-1,-1,'2016-12-26 19:31:32',-1,'2016-12-26 19:31:32',-1,NULL,NULL,NULL,NULL,NULL,NULL,NULL,NULL,NULL,NULL,NULL,NULL,NULL,NULL,NULL,NULL),(10707,'resourcecustomization.sequence','zh_CN','',1,-1,-1,-1,'2016-12-26 19:31:32',-1,'2016-12-26 19:31:32',-1,NULL,NULL,NULL,NULL,NULL,NULL,NULL,NULL,NULL,NULL,NULL,NULL,NULL,NULL,NULL,NULL),(10708,'resourcecustomization.sequence','en_GB','Sequence',1,-1,-1,-1,'2016-12-26 19:31:32',-1,'2016-12-26 19:31:32',-1,NULL,NULL,NULL,NULL,NULL,NULL,NULL,NULL,NULL,NULL,NULL,NULL,NULL,NULL,NULL,NULL),(10709,'resourcecustomization.personalization','zh_CN','',1,-1,-1,-1,'2016-12-26 19:31:32',-1,'2016-12-26 19:31:32',-1,NULL,NULL,NULL,NULL,NULL,NULL,NULL,NULL,NULL,NULL,NULL,NULL,NULL,NULL,NULL,NULL),(10710,'resourcecustomization.personalization','en_GB','Personalization',1,-1,-1,-1,'2016-12-26 19:31:32',-1,'2016-12-26 19:31:32',-1,NULL,NULL,NULL,NULL,NULL,NULL,NULL,NULL,NULL,NULL,NULL,NULL,NULL,NULL,NULL,NULL),(10711,'customer.customername','zh_CN','',1,-1,-1,10001,'2017-01-08 19:28:52',10001,'2017-01-08 19:28:52',10001,NULL,NULL,NULL,NULL,NULL,NULL,NULL,NULL,NULL,NULL,NULL,NULL,NULL,NULL,NULL,NULL),(10712,'sale.ordernumber','zh_CN','',2,-1,-1,10001,'2017-01-08 19:33:39',10001,'2017-01-08 19:48:28',10001,NULL,NULL,NULL,NULL,NULL,NULL,NULL,NULL,NULL,NULL,NULL,NULL,NULL,NULL,NULL,NULL),(10713,'sale.orderstatus','zh_CN','',1,-1,-1,10001,'2017-01-08 19:35:25',10001,'2017-01-08 19:35:25',10001,NULL,NULL,NULL,NULL,NULL,NULL,NULL,NULL,NULL,NULL,NULL,NULL,NULL,NULL,NULL,NULL),(10714,'sale.saledate','zh_CN','',1,-1,-1,10001,'2017-01-08 19:44:02',10001,'2017-01-08 19:44:02',10001,NULL,NULL,NULL,NULL,NULL,NULL,NULL,NULL,NULL,NULL,NULL,NULL,NULL,NULL,NULL,NULL),(10715,'material.materialname','zh_CN','',1,-1,-1,10001,'2017-01-08 19:48:28',10001,'2017-01-08 19:48:28',10001,NULL,NULL,NULL,NULL,NULL,NULL,NULL,NULL,NULL,NULL,NULL,NULL,NULL,NULL,NULL,NULL),(10716,'sale.ordermoney','zh_CN','',3,-1,-1,10001,'2017-01-08 19:48:28',10001,'2017-01-13 10:15:20',10001,NULL,NULL,NULL,NULL,NULL,NULL,NULL,NULL,NULL,NULL,NULL,NULL,NULL,NULL,NULL,NULL),(10717,'sale.customername','zh_CN','',1,-1,-1,10001,'2017-01-09 16:37:13',10001,'2017-01-09 16:37:13',10001,NULL,NULL,NULL,NULL,NULL,NULL,NULL,NULL,NULL,NULL,NULL,NULL,NULL,NULL,NULL,NULL),(10718,'sale.customernumber','zh_CN','ID',3,-1,-1,10001,'2017-01-09 16:38:13',10001,'2017-01-09 16:49:15',10001,NULL,NULL,NULL,NULL,NULL,NULL,NULL,NULL,NULL,NULL,NULL,NULL,NULL,NULL,NULL,NULL),(10719,'sale.item.itemdescription','zh_CN','',1,-1,-1,10001,'2017-01-09 16:44:45',10001,'2017-01-09 16:44:45',10001,NULL,NULL,NULL,NULL,NULL,NULL,NULL,NULL,NULL,NULL,NULL,NULL,NULL,NULL,NULL,NULL),(10720,'sale.item.itemid','zh_CN','id',2,-1,-1,10001,'2017-01-09 16:44:45',10001,'2017-01-09 18:54:33',10001,NULL,NULL,NULL,NULL,NULL,NULL,NULL,NULL,NULL,NULL,NULL,NULL,NULL,NULL,NULL,NULL),(10721,'sale.product.uom','zh_CN','',3,-1,-1,10001,'2017-01-10 20:06:41',10001,'2017-01-12 20:01:14',10001,NULL,NULL,NULL,NULL,NULL,NULL,NULL,NULL,NULL,NULL,NULL,NULL,NULL,NULL,NULL,NULL),(10722,'sale.price','zh_CN','',1,-1,-1,10001,'2017-01-10 20:07:05',10001,'2017-01-10 20:07:05',10001,NULL,NULL,NULL,NULL,NULL,NULL,NULL,NULL,NULL,NULL,NULL,NULL,NULL,NULL,NULL,NULL),(10723,'sale.order.description','zh_CN','',2,-1,-1,10001,'2017-01-10 20:07:38',10001,'2017-01-10 20:08:35',10001,NULL,NULL,NULL,NULL,NULL,NULL,NULL,NULL,NULL,NULL,NULL,NULL,NULL,NULL,NULL,NULL),(10724,'sale.orderadd','zh_CN','',1,-1,-1,10001,'2017-01-11 19:20:55',10001,'2017-01-11 19:20:55',10001,NULL,NULL,NULL,NULL,NULL,NULL,NULL,NULL,NULL,NULL,NULL,NULL,NULL,NULL,NULL,NULL),(10725,'hap.check','zh_CN','',1,-1,-1,10001,'2017-01-12 00:01:05',10001,'2017-01-12 00:01:05',10001,NULL,NULL,NULL,NULL,NULL,NULL,NULL,NULL,NULL,NULL,NULL,NULL,NULL,NULL,NULL,NULL),(10726,'hap.refuse','zh_CN','',1,-1,-1,10001,'2017-01-12 00:02:42',10001,'2017-01-12 00:02:42',10001,NULL,NULL,NULL,NULL,NULL,NULL,NULL,NULL,NULL,NULL,NULL,NULL,NULL,NULL,NULL,NULL),(10727,'sale.orderdelete','zh_CN','',1,-1,-1,10001,'2017-01-12 00:03:44',10001,'2017-01-12 00:03:44',10001,NULL,NULL,NULL,NULL,NULL,NULL,NULL,NULL,NULL,NULL,NULL,NULL,NULL,NULL,NULL,NULL),(10728,'sale.orderprint','zh_CN','',1,-1,-1,10001,'2017-01-12 00:04:27',10001,'2017-01-12 00:04:27',10001,NULL,NULL,NULL,NULL,NULL,NULL,NULL,NULL,NULL,NULL,NULL,NULL,NULL,NULL,NULL,NULL),(10729,'hap.back','zh_CN','',1,-1,-1,10001,'2017-01-12 00:05:01',10001,'2017-01-12 00:05:01',10001,NULL,NULL,NULL,NULL,NULL,NULL,NULL,NULL,NULL,NULL,NULL,NULL,NULL,NULL,NULL,NULL),(10730,'sale.order.quantity','zh_CN','',1,-1,-1,10001,'2017-01-12 20:00:13',10001,'2017-01-12 20:00:13',10001,NULL,NULL,NULL,NULL,NULL,NULL,NULL,NULL,NULL,NULL,NULL,NULL,NULL,NULL,NULL,NULL),(10731,'sale.item.itemcode','zh_CN','',1,-1,-1,10001,'2017-01-12 20:02:33',10001,'2017-01-12 20:02:33',10001,NULL,NULL,NULL,NULL,NULL,NULL,NULL,NULL,NULL,NULL,NULL,NULL,NULL,NULL,NULL,NULL),(10732,'sale.product.price','zh_CN','',1,-1,-1,10001,'2017-01-12 20:03:01',10001,'2017-01-12 20:03:01',10001,NULL,NULL,NULL,NULL,NULL,NULL,NULL,NULL,NULL,NULL,NULL,NULL,NULL,NULL,NULL,NULL),(10733,'sale.product.money','zh_CN','',1,-1,-1,10001,'2017-01-13 10:17:21',10001,'2017-01-13 10:17:21',10001,NULL,NULL,NULL,NULL,NULL,NULL,NULL,NULL,NULL,NULL,NULL,NULL,NULL,NULL,NULL,NULL),(10734,'sale.order.main','zh_CN','',1,-1,-1,10001,'2017-01-13 22:56:23',10001,'2017-01-13 22:56:23',10001,NULL,NULL,NULL,NULL,NULL,NULL,NULL,NULL,NULL,NULL,NULL,NULL,NULL,NULL,NULL,NULL),(10735,'sale.order.other','zh_CN','',1,-1,-1,10001,'2017-01-13 22:56:42',10001,'2017-01-13 22:56:42',10001,NULL,NULL,NULL,NULL,NULL,NULL,NULL,NULL,NULL,NULL,NULL,NULL,NULL,NULL,NULL,NULL),(10736,'sale.order.addition1','zh_CN','1',1,-1,-1,10001,'2017-01-13 23:15:55',10001,'2017-01-13 23:15:55',10001,NULL,NULL,NULL,NULL,NULL,NULL,NULL,NULL,NULL,NULL,NULL,NULL,NULL,NULL,NULL,NULL),(10738,'sale.order.addition3','zh_CN','3',1,-1,-1,10001,'2017-01-13 23:16:42',10001,'2017-01-13 23:16:42',10001,NULL,NULL,NULL,NULL,NULL,NULL,NULL,NULL,NULL,NULL,NULL,NULL,NULL,NULL,NULL,NULL),(10739,'sale.order.addition2','zh_CN','2',2,-1,-1,10001,'2017-01-13 23:16:42',10001,'2017-01-13 23:17:41',10001,NULL,NULL,NULL,NULL,NULL,NULL,NULL,NULL,NULL,NULL,NULL,NULL,NULL,NULL,NULL,NULL),(10740,'sale.order.addition4','zh_CN','4',1,-1,-1,10001,'2017-01-13 23:17:11',10001,'2017-01-13 23:17:11',10001,NULL,NULL,NULL,NULL,NULL,NULL,NULL,NULL,NULL,NULL,NULL,NULL,NULL,NULL,NULL,NULL),(10741,'sale.order.addition5','zh_CN','5',1,-1,-1,10001,'2017-01-13 23:17:41',10001,'2017-01-13 23:17:41',10001,NULL,NULL,NULL,NULL,NULL,NULL,NULL,NULL,NULL,NULL,NULL,NULL,NULL,NULL,NULL,NULL),(10742,'sale.item.uom','zh_CN','',1,-1,-1,10001,'2017-01-14 16:05:50',10001,'2017-01-14 16:05:50',10001,NULL,NULL,NULL,NULL,NULL,NULL,NULL,NULL,NULL,NULL,NULL,NULL,NULL,NULL,NULL,NULL);

/*Table structure for table `sys_resource_b` */

DROP TABLE IF EXISTS `sys_resource_b`;

CREATE TABLE `sys_resource_b` (
  `RESOURCE_ID` bigint(20) NOT NULL AUTO_INCREMENT,
  `URL` varchar(255) NOT NULL COMMENT 'URL',
  `TYPE` varchar(15) DEFAULT NULL COMMENT '',
  `NAME` varchar(40) DEFAULT NULL COMMENT '',
  `DESCRIPTION` varchar(240) DEFAULT NULL COMMENT '',
  `LOGIN_REQUIRE` varchar(1) DEFAULT 'Y' COMMENT '',
  `ACCESS_CHECK` varchar(1) DEFAULT 'Y' COMMENT '',
  `OBJECT_VERSION_NUMBER` bigint(20) DEFAULT '1',
  `REQUEST_ID` bigint(20) DEFAULT '-1',
  `PROGRAM_ID` bigint(20) DEFAULT '-1',
  `CREATED_BY` bigint(20) DEFAULT '-1',
  `CREATION_DATE` datetime DEFAULT CURRENT_TIMESTAMP,
  `LAST_UPDATED_BY` bigint(20) DEFAULT '-1',
  `LAST_UPDATE_DATE` datetime DEFAULT CURRENT_TIMESTAMP,
  `LAST_UPDATE_LOGIN` bigint(20) DEFAULT '-1',
  `ATTRIBUTE_CATEGORY` varchar(30) DEFAULT NULL,
  `ATTRIBUTE1` varchar(240) DEFAULT NULL,
  `ATTRIBUTE2` varchar(240) DEFAULT NULL,
  `ATTRIBUTE3` varchar(240) DEFAULT NULL,
  `ATTRIBUTE4` varchar(240) DEFAULT NULL,
  `ATTRIBUTE5` varchar(240) DEFAULT NULL,
  `ATTRIBUTE6` varchar(240) DEFAULT NULL,
  `ATTRIBUTE7` varchar(240) DEFAULT NULL,
  `ATTRIBUTE8` varchar(240) DEFAULT NULL,
  `ATTRIBUTE9` varchar(240) DEFAULT NULL,
  `ATTRIBUTE10` varchar(240) DEFAULT NULL,
  `ATTRIBUTE11` varchar(240) DEFAULT NULL,
  `ATTRIBUTE12` varchar(240) DEFAULT NULL,
  `ATTRIBUTE13` varchar(240) DEFAULT NULL,
  `ATTRIBUTE14` varchar(240) DEFAULT NULL,
  `ATTRIBUTE15` varchar(240) DEFAULT NULL,
  PRIMARY KEY (`RESOURCE_ID`),
  UNIQUE KEY `SYS_RESOURCE_B_U1` (`URL`)
) ENGINE=InnoDB AUTO_INCREMENT=10190 DEFAULT CHARSET=utf8;

/*Data for the table `sys_resource_b` */

insert  into `sys_resource_b`(`RESOURCE_ID`,`URL`,`TYPE`,`NAME`,`DESCRIPTION`,`LOGIN_REQUIRE`,`ACCESS_CHECK`,`OBJECT_VERSION_NUMBER`,`REQUEST_ID`,`PROGRAM_ID`,`CREATED_BY`,`CREATION_DATE`,`LAST_UPDATED_BY`,`LAST_UPDATE_DATE`,`LAST_UPDATE_LOGIN`,`ATTRIBUTE_CATEGORY`,`ATTRIBUTE1`,`ATTRIBUTE2`,`ATTRIBUTE3`,`ATTRIBUTE4`,`ATTRIBUTE5`,`ATTRIBUTE6`,`ATTRIBUTE7`,`ATTRIBUTE8`,`ATTRIBUTE9`,`ATTRIBUTE10`,`ATTRIBUTE11`,`ATTRIBUTE12`,`ATTRIBUTE13`,`ATTRIBUTE14`,`ATTRIBUTE15`) values (10001,'403.html','HTML','403','403','N','N',1,-1,-1,-1,'2016-12-26 19:31:25',-1,'2016-12-26 19:31:25',-1,NULL,NULL,NULL,NULL,NULL,NULL,NULL,NULL,NULL,NULL,NULL,NULL,NULL,NULL,NULL,NULL),(10002,'404.html','HTML','404','404','N','N',1,-1,-1,-1,'2016-12-26 19:31:25',-1,'2016-12-26 19:31:25',-1,NULL,NULL,NULL,NULL,NULL,NULL,NULL,NULL,NULL,NULL,NULL,NULL,NULL,NULL,NULL,NULL),(10003,'500.html','HTML','500','500','N','N',1,-1,-1,-1,'2016-12-26 19:31:25',-1,'2016-12-26 19:31:25',-1,NULL,NULL,NULL,NULL,NULL,NULL,NULL,NULL,NULL,NULL,NULL,NULL,NULL,NULL,NULL,NULL),(10004,'activiti/models.html','HTML','',NULL,'Y','Y',1,-1,-1,-1,'2016-12-26 19:31:25',-1,'2016-12-26 19:31:25',-1,NULL,NULL,NULL,NULL,NULL,NULL,NULL,NULL,NULL,NULL,NULL,NULL,NULL,NULL,NULL,NULL),(10005,'activiti/my_task.html','HTML','',NULL,'Y','N',1,-1,-1,-1,'2016-12-26 19:31:25',-1,'2016-12-26 19:31:25',-1,NULL,NULL,NULL,NULL,NULL,NULL,NULL,NULL,NULL,NULL,NULL,NULL,NULL,NULL,NULL,NULL),(10006,'activiti/process_definitions.html','HTML','',NULL,'Y','Y',1,-1,-1,-1,'2016-12-26 19:31:25',-1,'2016-12-26 19:31:25',-1,NULL,NULL,NULL,NULL,NULL,NULL,NULL,NULL,NULL,NULL,NULL,NULL,NULL,NULL,NULL,NULL),(10007,'activiti/process_history.html','HTML','',NULL,'Y','N',1,-1,-1,-1,'2016-12-26 19:31:25',-1,'2016-12-26 19:31:25',-1,NULL,NULL,NULL,NULL,NULL,NULL,NULL,NULL,NULL,NULL,NULL,NULL,NULL,NULL,NULL,NULL),(10008,'activiti/start_process_test.html','HTML','',NULL,'Y','N',1,-1,-1,-1,'2016-12-26 19:31:25',-1,'2016-12-26 19:31:25',-1,NULL,NULL,NULL,NULL,NULL,NULL,NULL,NULL,NULL,NULL,NULL,NULL,NULL,NULL,NULL,NULL),(10009,'activiti/task_list.html','HTML','()',NULL,'Y','Y',1,-1,-1,-1,'2016-12-26 19:31:25',-1,'2016-12-26 19:31:25',-1,NULL,NULL,NULL,NULL,NULL,NULL,NULL,NULL,NULL,NULL,NULL,NULL,NULL,NULL,NULL,NULL),(10010,'home.html','HTML','','','Y','N',1,-1,-1,-1,'2016-12-26 19:31:25',-1,'2016-12-26 19:31:25',-1,NULL,NULL,NULL,NULL,NULL,NULL,NULL,NULL,NULL,NULL,NULL,NULL,NULL,NULL,NULL,NULL),(10011,'hr/employee.html','HTML','','','Y','Y',1,-1,-1,-1,'2016-12-26 19:31:25',-1,'2016-12-26 19:31:25',-1,NULL,NULL,NULL,NULL,NULL,NULL,NULL,NULL,NULL,NULL,NULL,NULL,NULL,NULL,NULL,NULL),(10012,'hr/employee/query','SERVICE','','','Y','Y',1,-1,-1,-1,'2016-12-26 19:31:25',-1,'2016-12-26 19:31:25',-1,NULL,NULL,NULL,NULL,NULL,NULL,NULL,NULL,NULL,NULL,NULL,NULL,NULL,NULL,NULL,NULL),(10013,'hr/employee/submit','SERVICE','','','Y','Y',1,-1,-1,-1,'2016-12-26 19:31:25',-1,'2016-12-26 19:31:25',-1,NULL,NULL,NULL,NULL,NULL,NULL,NULL,NULL,NULL,NULL,NULL,NULL,NULL,NULL,NULL,NULL),(10014,'hr/position.html','HTML','','','Y','Y',1,-1,-1,-1,'2016-12-26 19:31:25',-1,'2016-12-26 19:31:25',-1,NULL,NULL,NULL,NULL,NULL,NULL,NULL,NULL,NULL,NULL,NULL,NULL,NULL,NULL,NULL,NULL),(10015,'hr/position/query','SERVICE','','','Y','Y',1,-1,-1,-1,'2016-12-26 19:31:25',-1,'2016-12-26 19:31:25',-1,NULL,NULL,NULL,NULL,NULL,NULL,NULL,NULL,NULL,NULL,NULL,NULL,NULL,NULL,NULL,NULL),(10016,'hr/position/remove','SERVICE','','','Y','Y',1,-1,-1,-1,'2016-12-26 19:31:25',-1,'2016-12-26 19:31:25',-1,NULL,NULL,NULL,NULL,NULL,NULL,NULL,NULL,NULL,NULL,NULL,NULL,NULL,NULL,NULL,NULL),(10017,'hr/position/submit','SERVICE','','','Y','Y',1,-1,-1,-1,'2016-12-26 19:31:25',-1,'2016-12-26 19:31:25',-1,NULL,NULL,NULL,NULL,NULL,NULL,NULL,NULL,NULL,NULL,NULL,NULL,NULL,NULL,NULL,NULL),(10018,'hr/org_unit.html','HTML','','','Y','Y',1,-1,-1,-1,'2016-12-26 19:31:25',-1,'2016-12-26 19:31:25',-1,NULL,NULL,NULL,NULL,NULL,NULL,NULL,NULL,NULL,NULL,NULL,NULL,NULL,NULL,NULL,NULL),(10019,'hr/unit/query','SERVICE','','','Y','Y',1,-1,-1,-1,'2016-12-26 19:31:25',-1,'2016-12-26 19:31:25',-1,NULL,NULL,NULL,NULL,NULL,NULL,NULL,NULL,NULL,NULL,NULL,NULL,NULL,NULL,NULL,NULL),(10020,'hr/unit/remove','SERVICE','','','Y','Y',1,-1,-1,-1,'2016-12-26 19:31:25',-1,'2016-12-26 19:31:25',-1,NULL,NULL,NULL,NULL,NULL,NULL,NULL,NULL,NULL,NULL,NULL,NULL,NULL,NULL,NULL,NULL),(10021,'hr/unit/submit','SERVICE','','','Y','Y',1,-1,-1,-1,'2016-12-26 19:31:25',-1,'2016-12-26 19:31:25',-1,NULL,NULL,NULL,NULL,NULL,NULL,NULL,NULL,NULL,NULL,NULL,NULL,NULL,NULL,NULL,NULL),(10022,'index.html','HTML','','','Y','N',1,-1,-1,-1,'2016-12-26 19:31:25',-1,'2016-12-26 19:31:25',-1,NULL,NULL,NULL,NULL,NULL,NULL,NULL,NULL,NULL,NULL,NULL,NULL,NULL,NULL,NULL,NULL),(10023,'job/job_detail.html','HTML','','','Y','Y',1,-1,-1,-1,'2016-12-26 19:31:25',-1,'2016-12-26 19:31:25',-1,NULL,NULL,NULL,NULL,NULL,NULL,NULL,NULL,NULL,NULL,NULL,NULL,NULL,NULL,NULL,NULL),(10024,'job/job_cron_add.html','HTML',' CRON ','CRON ','Y','Y',1,-1,-1,-1,'2016-12-26 19:31:25',-1,'2016-12-26 19:31:25',-1,NULL,NULL,NULL,NULL,NULL,NULL,NULL,NULL,NULL,NULL,NULL,NULL,NULL,NULL,NULL,NULL),(10025,'job/job_simple_add.html','HTML','','','Y','Y',1,-1,-1,-1,'2016-12-26 19:31:25',-1,'2016-12-26 19:31:25',-1,NULL,NULL,NULL,NULL,NULL,NULL,NULL,NULL,NULL,NULL,NULL,NULL,NULL,NULL,NULL,NULL),(10026,'job/job_infodetail.html','HTML','','','Y','Y',1,-1,-1,-1,'2016-12-26 19:31:25',-1,'2016-12-26 19:31:25',-1,NULL,NULL,NULL,NULL,NULL,NULL,NULL,NULL,NULL,NULL,NULL,NULL,NULL,NULL,NULL,NULL),(10027,'job/create','SERVICE','','','Y','Y',1,-1,-1,-1,'2016-12-26 19:31:25',-1,'2016-12-26 19:31:25',-1,NULL,NULL,NULL,NULL,NULL,NULL,NULL,NULL,NULL,NULL,NULL,NULL,NULL,NULL,NULL,NULL),(10028,'job/deletejob','SERVICE','','','Y','Y',1,-1,-1,-1,'2016-12-26 19:31:25',-1,'2016-12-26 19:31:25',-1,NULL,NULL,NULL,NULL,NULL,NULL,NULL,NULL,NULL,NULL,NULL,NULL,NULL,NULL,NULL,NULL),(10029,'job/pausejob','SERVICE','','','Y','Y',1,-1,-1,-1,'2016-12-26 19:31:25',-1,'2016-12-26 19:31:25',-1,NULL,NULL,NULL,NULL,NULL,NULL,NULL,NULL,NULL,NULL,NULL,NULL,NULL,NULL,NULL,NULL),(10030,'job/query','SERVICE','','','Y','Y',1,-1,-1,-1,'2016-12-26 19:31:25',-1,'2016-12-26 19:31:25',-1,NULL,NULL,NULL,NULL,NULL,NULL,NULL,NULL,NULL,NULL,NULL,NULL,NULL,NULL,NULL,NULL),(10031,'job/queryInfo','SERVICE','','','Y','Y',1,-1,-1,-1,'2016-12-26 19:31:25',-1,'2016-12-26 19:31:25',-1,NULL,NULL,NULL,NULL,NULL,NULL,NULL,NULL,NULL,NULL,NULL,NULL,NULL,NULL,NULL,NULL),(10032,'job/resumejob','SERVICE','','','Y','Y',1,-1,-1,-1,'2016-12-26 19:31:25',-1,'2016-12-26 19:31:25',-1,NULL,NULL,NULL,NULL,NULL,NULL,NULL,NULL,NULL,NULL,NULL,NULL,NULL,NULL,NULL,NULL),(10033,'job/job_running_info.html','HTML','','','Y','Y',1,-1,-1,-1,'2016-12-26 19:31:25',-1,'2016-12-26 19:31:25',-1,NULL,NULL,NULL,NULL,NULL,NULL,NULL,NULL,NULL,NULL,NULL,NULL,NULL,NULL,NULL,NULL),(10034,'job/jobinfo/query','SERVICE','','','Y','Y',1,-1,-1,-1,'2016-12-26 19:31:25',-1,'2016-12-26 19:31:25',-1,NULL,NULL,NULL,NULL,NULL,NULL,NULL,NULL,NULL,NULL,NULL,NULL,NULL,NULL,NULL,NULL),(10035,'job/scheduler.html','HTML','','','Y','N',1,-1,-1,-1,'2016-12-26 19:31:25',-1,'2016-12-26 19:31:25',-1,NULL,NULL,NULL,NULL,NULL,NULL,NULL,NULL,NULL,NULL,NULL,NULL,NULL,NULL,NULL,NULL),(10036,'job/scheduler/info','SERVICE','','','Y','N',1,-1,-1,-1,'2016-12-26 19:31:25',-1,'2016-12-26 19:31:25',-1,NULL,NULL,NULL,NULL,NULL,NULL,NULL,NULL,NULL,NULL,NULL,NULL,NULL,NULL,NULL,NULL),(10037,'job/scheduler/pauseall','SERVICE','','','Y','N',1,-1,-1,-1,'2016-12-26 19:31:25',-1,'2016-12-26 19:31:25',-1,NULL,NULL,NULL,NULL,NULL,NULL,NULL,NULL,NULL,NULL,NULL,NULL,NULL,NULL,NULL,NULL),(10038,'job/scheduler/query','SERVICE','','','Y','N',1,-1,-1,-1,'2016-12-26 19:31:25',-1,'2016-12-26 19:31:25',-1,NULL,NULL,NULL,NULL,NULL,NULL,NULL,NULL,NULL,NULL,NULL,NULL,NULL,NULL,NULL,NULL),(10039,'job/scheduler/resumeall','SERVICE','','','Y','N',1,-1,-1,-1,'2016-12-26 19:31:25',-1,'2016-12-26 19:31:25',-1,NULL,NULL,NULL,NULL,NULL,NULL,NULL,NULL,NULL,NULL,NULL,NULL,NULL,NULL,NULL,NULL),(10040,'job/scheduler/standby','SERVICE','','','Y','N',1,-1,-1,-1,'2016-12-26 19:31:25',-1,'2016-12-26 19:31:25',-1,NULL,NULL,NULL,NULL,NULL,NULL,NULL,NULL,NULL,NULL,NULL,NULL,NULL,NULL,NULL,NULL),(10041,'job/scheduler/start','SERVICE','','','Y','N',1,-1,-1,-1,'2016-12-26 19:31:25',-1,'2016-12-26 19:31:25',-1,NULL,NULL,NULL,NULL,NULL,NULL,NULL,NULL,NULL,NULL,NULL,NULL,NULL,NULL,NULL,NULL),(10042,'login.html','HTML','','','N','N',1,-1,-1,-1,'2016-12-26 19:31:26',-1,'2016-12-26 19:31:26',-1,NULL,NULL,NULL,NULL,NULL,NULL,NULL,NULL,NULL,NULL,NULL,NULL,NULL,NULL,NULL,NULL),(10043,'role.html','HTML','','','Y','N',1,-1,-1,-1,'2016-12-26 19:31:26',-1,'2016-12-26 19:31:26',-1,NULL,NULL,NULL,NULL,NULL,NULL,NULL,NULL,NULL,NULL,NULL,NULL,NULL,NULL,NULL,NULL),(10044,'attach/sys_attach_category_edit.html','HTML','','','Y','Y',1,-1,-1,-1,'2016-12-26 19:31:26',-1,'2016-12-26 19:31:26',-1,NULL,NULL,NULL,NULL,NULL,NULL,NULL,NULL,NULL,NULL,NULL,NULL,NULL,NULL,NULL,NULL),(10045,'attach/sys_attach_category_manage.html','HTML','','','Y','Y',1,-1,-1,-1,'2016-12-26 19:31:26',-1,'2016-12-26 19:31:26',-1,NULL,NULL,NULL,NULL,NULL,NULL,NULL,NULL,NULL,NULL,NULL,NULL,NULL,NULL,NULL,NULL),(10046,'sys/attachcategory/query','SERVICE','','','Y','Y',1,-1,-1,-1,'2016-12-26 19:31:26',-1,'2016-12-26 19:31:26',-1,NULL,NULL,NULL,NULL,NULL,NULL,NULL,NULL,NULL,NULL,NULL,NULL,NULL,NULL,NULL,NULL),(10047,'sys/attachcategory/remove','SERVICE','','','Y','Y',1,-1,-1,-1,'2016-12-26 19:31:26',-1,'2016-12-26 19:31:26',-1,NULL,NULL,NULL,NULL,NULL,NULL,NULL,NULL,NULL,NULL,NULL,NULL,NULL,NULL,NULL,NULL),(10048,'sys/attachcategory/submit','SERVICE','','','Y','Y',1,-1,-1,-1,'2016-12-26 19:31:26',-1,'2016-12-26 19:31:26',-1,NULL,NULL,NULL,NULL,NULL,NULL,NULL,NULL,NULL,NULL,NULL,NULL,NULL,NULL,NULL,NULL),(10049,'attach/sys_file_manage.html','HTML','','','Y','Y',1,-1,-1,-1,'2016-12-26 19:31:26',-1,'2016-12-26 19:31:26',-1,NULL,NULL,NULL,NULL,NULL,NULL,NULL,NULL,NULL,NULL,NULL,NULL,NULL,NULL,NULL,NULL),(10050,'sys/attachcategory/tree','SERVICE','','','Y','Y',1,-1,-1,-1,'2016-12-26 19:31:26',-1,'2016-12-26 19:31:26',-1,NULL,NULL,NULL,NULL,NULL,NULL,NULL,NULL,NULL,NULL,NULL,NULL,NULL,NULL,NULL,NULL),(10051,'sys/attach/file/queryFiles','SERVICE','','','Y','Y',1,-1,-1,-1,'2016-12-26 19:31:26',-1,'2016-12-26 19:31:26',-1,NULL,NULL,NULL,NULL,NULL,NULL,NULL,NULL,NULL,NULL,NULL,NULL,NULL,NULL,NULL,NULL),(10052,'sys/attach/file/remove','SERVICE','','','Y','Y',1,-1,-1,-1,'2016-12-26 19:31:26',-1,'2016-12-26 19:31:26',-1,NULL,NULL,NULL,NULL,NULL,NULL,NULL,NULL,NULL,NULL,NULL,NULL,NULL,NULL,NULL,NULL),(10053,'sys/attach/file/detail','SERVICE','','','Y','Y',1,-1,-1,-1,'2016-12-26 19:31:26',-1,'2016-12-26 19:31:26',-1,NULL,NULL,NULL,NULL,NULL,NULL,NULL,NULL,NULL,NULL,NULL,NULL,NULL,NULL,NULL,NULL),(10054,'sys/attach/file/view','SERVICE','','','Y','Y',1,-1,-1,-1,'2016-12-26 19:31:26',-1,'2016-12-26 19:31:26',-1,NULL,NULL,NULL,NULL,NULL,NULL,NULL,NULL,NULL,NULL,NULL,NULL,NULL,NULL,NULL,NULL),(10055,'sys/attach/remove','SERVICE','','','Y','Y',1,-1,-1,-1,'2016-12-26 19:31:26',-1,'2016-12-26 19:31:26',-1,NULL,NULL,NULL,NULL,NULL,NULL,NULL,NULL,NULL,NULL,NULL,NULL,NULL,NULL,NULL,NULL),(10056,'sys/attach/file/query','SERVICE','','','Y','Y',1,-1,-1,-1,'2016-12-26 19:31:26',-1,'2016-12-26 19:31:26',-1,NULL,NULL,NULL,NULL,NULL,NULL,NULL,NULL,NULL,NULL,NULL,NULL,NULL,NULL,NULL,NULL),(10057,'sys/attach/manage','SERVICE','','','Y','Y',1,-1,-1,-1,'2016-12-26 19:31:26',-1,'2016-12-26 19:31:26',-1,NULL,NULL,NULL,NULL,NULL,NULL,NULL,NULL,NULL,NULL,NULL,NULL,NULL,NULL,NULL,NULL),(10058,'attach/sys_attachment_create.html','HTML','','','Y','Y',1,-1,-1,-1,'2016-12-26 19:31:26',-1,'2016-12-26 19:31:26',-1,NULL,NULL,NULL,NULL,NULL,NULL,NULL,NULL,NULL,NULL,NULL,NULL,NULL,NULL,NULL,NULL),(10059,'sys/attach/upload','SERVICE','','','Y','Y',1,-1,-1,-1,'2016-12-26 19:31:26',-1,'2016-12-26 19:31:26',-1,NULL,NULL,NULL,NULL,NULL,NULL,NULL,NULL,NULL,NULL,NULL,NULL,NULL,NULL,NULL,NULL),(10060,'sys/code/query','SERVICE','','','Y','Y',1,-1,-1,-1,'2016-12-26 19:31:26',-1,'2016-12-26 19:31:26',-1,NULL,NULL,NULL,NULL,NULL,NULL,NULL,NULL,NULL,NULL,NULL,NULL,NULL,NULL,NULL,NULL),(10061,'sys/code/remove','SERVICE','','','Y','Y',1,-1,-1,-1,'2016-12-26 19:31:26',-1,'2016-12-26 19:31:26',-1,NULL,NULL,NULL,NULL,NULL,NULL,NULL,NULL,NULL,NULL,NULL,NULL,NULL,NULL,NULL,NULL),(10062,'sys/code/submit','SERVICE','','','Y','Y',1,-1,-1,-1,'2016-12-26 19:31:26',-1,'2016-12-26 19:31:26',-1,NULL,NULL,NULL,NULL,NULL,NULL,NULL,NULL,NULL,NULL,NULL,NULL,NULL,NULL,NULL,NULL),(10063,'sys/codevalue/query','SERVICE','','','Y','Y',1,-1,-1,-1,'2016-12-26 19:31:26',-1,'2016-12-26 19:31:26',-1,NULL,NULL,NULL,NULL,NULL,NULL,NULL,NULL,NULL,NULL,NULL,NULL,NULL,NULL,NULL,NULL),(10064,'sys/codevalue/remove','SERVICE','','','Y','Y',1,-1,-1,-1,'2016-12-26 19:31:26',-1,'2016-12-26 19:31:26',-1,NULL,NULL,NULL,NULL,NULL,NULL,NULL,NULL,NULL,NULL,NULL,NULL,NULL,NULL,NULL,NULL),(10065,'sys/sys_function.html','HTML','','','Y','Y',1,-1,-1,-1,'2016-12-26 19:31:26',-1,'2016-12-26 19:31:26',-1,NULL,NULL,NULL,NULL,NULL,NULL,NULL,NULL,NULL,NULL,NULL,NULL,NULL,NULL,NULL,NULL),(10066,'sys_function_resource.html','HTML','','','Y','Y',1,-1,-1,-1,'2016-12-26 19:31:26',-1,'2016-12-26 19:31:26',-1,NULL,NULL,NULL,NULL,NULL,NULL,NULL,NULL,NULL,NULL,NULL,NULL,NULL,NULL,NULL,NULL),(10067,'sys/sys_function_addresource.html','HTML','','','Y','Y',1,-1,-1,-1,'2016-12-26 19:31:26',-1,'2016-12-26 19:31:26',-1,NULL,NULL,NULL,NULL,NULL,NULL,NULL,NULL,NULL,NULL,NULL,NULL,NULL,NULL,NULL,NULL),(10068,'sys/function/fetchNotResource','SERVICE','','','Y','Y',1,-1,-1,-1,'2016-12-26 19:31:26',-1,'2016-12-26 19:31:26',-1,NULL,NULL,NULL,NULL,NULL,NULL,NULL,NULL,NULL,NULL,NULL,NULL,NULL,NULL,NULL,NULL),(10069,'sys/function/fetchResource','SERVICE','','','Y','Y',1,-1,-1,-1,'2016-12-26 19:31:26',-1,'2016-12-26 19:31:26',-1,NULL,NULL,NULL,NULL,NULL,NULL,NULL,NULL,NULL,NULL,NULL,NULL,NULL,NULL,NULL,NULL),(10070,'sys/function/menus','SERVICE','','','Y','N',1,-1,-1,-1,'2016-12-26 19:31:26',-1,'2016-12-26 19:31:26',-1,NULL,NULL,NULL,NULL,NULL,NULL,NULL,NULL,NULL,NULL,NULL,NULL,NULL,NULL,NULL,NULL),(10071,'sys/function/query','SERVICE','','','Y','Y',1,-1,-1,-1,'2016-12-26 19:31:26',-1,'2016-12-26 19:31:26',-1,NULL,NULL,NULL,NULL,NULL,NULL,NULL,NULL,NULL,NULL,NULL,NULL,NULL,NULL,NULL,NULL),(10072,'sys/function/remove','SERVICE','','','Y','Y',1,-1,-1,-1,'2016-12-26 19:31:26',-1,'2016-12-26 19:31:26',-1,NULL,NULL,NULL,NULL,NULL,NULL,NULL,NULL,NULL,NULL,NULL,NULL,NULL,NULL,NULL,NULL),(10073,'sys/function/submit','SERVICE','','','Y','Y',1,-1,-1,-1,'2016-12-26 19:31:26',-1,'2016-12-26 19:31:26',-1,NULL,NULL,NULL,NULL,NULL,NULL,NULL,NULL,NULL,NULL,NULL,NULL,NULL,NULL,NULL,NULL),(10074,'sys/function/updateFunctionResource','SERVICE','','','Y','Y',1,-1,-1,-1,'2016-12-26 19:31:26',-1,'2016-12-26 19:31:26',-1,NULL,NULL,NULL,NULL,NULL,NULL,NULL,NULL,NULL,NULL,NULL,NULL,NULL,NULL,NULL,NULL),(10075,'sys/sys_language.html','HTML','','','Y','Y',1,-1,-1,-1,'2016-12-26 19:31:26',-1,'2016-12-26 19:31:26',-1,NULL,NULL,NULL,NULL,NULL,NULL,NULL,NULL,NULL,NULL,NULL,NULL,NULL,NULL,NULL,NULL),(10076,'sys/language/delete','SERVICE','','','Y','Y',1,-1,-1,-1,'2016-12-26 19:31:26',-1,'2016-12-26 19:31:26',-1,NULL,NULL,NULL,NULL,NULL,NULL,NULL,NULL,NULL,NULL,NULL,NULL,NULL,NULL,NULL,NULL),(10077,'sys/language/query','SERVICE','','','Y','Y',1,-1,-1,-1,'2016-12-26 19:31:26',-1,'2016-12-26 19:31:26',-1,NULL,NULL,NULL,NULL,NULL,NULL,NULL,NULL,NULL,NULL,NULL,NULL,NULL,NULL,NULL,NULL),(10078,'sys/language/submit','SERVICE','','','Y','Y',1,-1,-1,-1,'2016-12-26 19:31:26',-1,'2016-12-26 19:31:26',-1,NULL,NULL,NULL,NULL,NULL,NULL,NULL,NULL,NULL,NULL,NULL,NULL,NULL,NULL,NULL,NULL),(10079,'sys/lov/load','SERVICE',' LOV',' LOV','Y','N',1,-1,-1,-1,'2016-12-26 19:31:26',-1,'2016-12-26 19:31:26',-1,NULL,NULL,NULL,NULL,NULL,NULL,NULL,NULL,NULL,NULL,NULL,NULL,NULL,NULL,NULL,NULL),(10080,'sys/lov/query','SERVICE',' LOV',' LOV','Y','Y',1,-1,-1,-1,'2016-12-26 19:31:26',-1,'2016-12-26 19:31:26',-1,NULL,NULL,NULL,NULL,NULL,NULL,NULL,NULL,NULL,NULL,NULL,NULL,NULL,NULL,NULL,NULL),(10081,'sys/lov/remove','SERVICE',' LOV',' LOV','Y','Y',1,-1,-1,-1,'2016-12-26 19:31:26',-1,'2016-12-26 19:31:26',-1,NULL,NULL,NULL,NULL,NULL,NULL,NULL,NULL,NULL,NULL,NULL,NULL,NULL,NULL,NULL,NULL),(10082,'sys/lov/submit','SERVICE',' LOV',' LOV','Y','Y',1,-1,-1,-1,'2016-12-26 19:31:26',-1,'2016-12-26 19:31:26',-1,NULL,NULL,NULL,NULL,NULL,NULL,NULL,NULL,NULL,NULL,NULL,NULL,NULL,NULL,NULL,NULL),(10083,'sys/lovitem/query','SERVICE',' LOV ',' LOV ','Y','Y',1,-1,-1,-1,'2016-12-26 19:31:26',-1,'2016-12-26 19:31:26',-1,NULL,NULL,NULL,NULL,NULL,NULL,NULL,NULL,NULL,NULL,NULL,NULL,NULL,NULL,NULL,NULL),(10084,'sys/lovitem/remove','SERVICE',' LOV ',' LOV ','Y','Y',1,-1,-1,-1,'2016-12-26 19:31:26',-1,'2016-12-26 19:31:26',-1,NULL,NULL,NULL,NULL,NULL,NULL,NULL,NULL,NULL,NULL,NULL,NULL,NULL,NULL,NULL,NULL),(10085,'mail/sys_message_email_config.html','HTML','','','Y','Y',1,-1,-1,-1,'2016-12-26 19:31:26',-1,'2016-12-26 19:31:26',-1,NULL,NULL,NULL,NULL,NULL,NULL,NULL,NULL,NULL,NULL,NULL,NULL,NULL,NULL,NULL,NULL),(10086,'mail/sys_message_email_config_edit.html','HTML','','','Y','Y',1,-1,-1,-1,'2016-12-26 19:31:26',-1,'2016-12-26 19:31:26',-1,NULL,NULL,NULL,NULL,NULL,NULL,NULL,NULL,NULL,NULL,NULL,NULL,NULL,NULL,NULL,NULL),(10087,'sys/messageEmailAccount/query','SERVICE','','','Y','Y',1,-1,-1,-1,'2016-12-26 19:31:26',-1,'2016-12-26 19:31:26',-1,NULL,NULL,NULL,NULL,NULL,NULL,NULL,NULL,NULL,NULL,NULL,NULL,NULL,NULL,NULL,NULL),(10088,'sys/messageEmailAccount/remove','SERVICE','','','Y','Y',1,-1,-1,-1,'2016-12-26 19:31:26',-1,'2016-12-26 19:31:26',-1,NULL,NULL,NULL,NULL,NULL,NULL,NULL,NULL,NULL,NULL,NULL,NULL,NULL,NULL,NULL,NULL),(10089,'sys/messageEmailConfig/load','SERVICE','','','Y','Y',1,-1,-1,-1,'2016-12-26 19:31:26',-1,'2016-12-26 19:31:26',-1,NULL,NULL,NULL,NULL,NULL,NULL,NULL,NULL,NULL,NULL,NULL,NULL,NULL,NULL,NULL,NULL),(10090,'sys/messageEmailConfig/query','SERVICE','','','Y','Y',1,-1,-1,-1,'2016-12-26 19:31:26',-1,'2016-12-26 19:31:26',-1,NULL,NULL,NULL,NULL,NULL,NULL,NULL,NULL,NULL,NULL,NULL,NULL,NULL,NULL,NULL,NULL),(10091,'sys/messageEmailConfig/queryMsgConfigQuanties','SERVICE','','','Y','Y',1,-1,-1,-1,'2016-12-26 19:31:26',-1,'2016-12-26 19:31:26',-1,NULL,NULL,NULL,NULL,NULL,NULL,NULL,NULL,NULL,NULL,NULL,NULL,NULL,NULL,NULL,NULL),(10092,'sys/messageEmailConfig/remove','SERVICE','','','Y','Y',1,-1,-1,-1,'2016-12-26 19:31:26',-1,'2016-12-26 19:31:26',-1,NULL,NULL,NULL,NULL,NULL,NULL,NULL,NULL,NULL,NULL,NULL,NULL,NULL,NULL,NULL,NULL),(10093,'sys/messageEmailConfig/submit','SERVICE','','','Y','Y',1,-1,-1,-1,'2016-12-26 19:31:26',-1,'2016-12-26 19:31:26',-1,NULL,NULL,NULL,NULL,NULL,NULL,NULL,NULL,NULL,NULL,NULL,NULL,NULL,NULL,NULL,NULL),(10094,'sys/messageEmailWhiteList/query','SERVICE','','','Y','Y',1,-1,-1,-1,'2016-12-26 19:31:26',-1,'2016-12-26 19:31:26',-1,NULL,NULL,NULL,NULL,NULL,NULL,NULL,NULL,NULL,NULL,NULL,NULL,NULL,NULL,NULL,NULL),(10095,'sys/messageEmailWhiteList/remove','SERVICE','','','Y','Y',1,-1,-1,-1,'2016-12-26 19:31:26',-1,'2016-12-26 19:31:26',-1,NULL,NULL,NULL,NULL,NULL,NULL,NULL,NULL,NULL,NULL,NULL,NULL,NULL,NULL,NULL,NULL),(10096,'mail/sys_message_template.html','HTML','','','Y','Y',1,-1,-1,-1,'2016-12-26 19:31:26',-1,'2016-12-26 19:31:26',-1,NULL,NULL,NULL,NULL,NULL,NULL,NULL,NULL,NULL,NULL,NULL,NULL,NULL,NULL,NULL,NULL),(10097,'mail/sys_message_template_edit.html','HTML','','','Y','Y',1,-1,-1,-1,'2016-12-26 19:31:27',-1,'2016-12-26 19:31:27',-1,NULL,NULL,NULL,NULL,NULL,NULL,NULL,NULL,NULL,NULL,NULL,NULL,NULL,NULL,NULL,NULL),(10098,'sys/messageTemplate/add','SERVICE','','','Y','Y',1,-1,-1,-1,'2016-12-26 19:31:27',-1,'2016-12-26 19:31:27',-1,NULL,NULL,NULL,NULL,NULL,NULL,NULL,NULL,NULL,NULL,NULL,NULL,NULL,NULL,NULL,NULL),(10099,'sys/messageTemplate/query','SERVICE','','','Y','Y',1,-1,-1,-1,'2016-12-26 19:31:27',-1,'2016-12-26 19:31:27',-1,NULL,NULL,NULL,NULL,NULL,NULL,NULL,NULL,NULL,NULL,NULL,NULL,NULL,NULL,NULL,NULL),(10100,'sys/messageTemplate/remove','SERVICE','','','Y','Y',1,-1,-1,-1,'2016-12-26 19:31:27',-1,'2016-12-26 19:31:27',-1,NULL,NULL,NULL,NULL,NULL,NULL,NULL,NULL,NULL,NULL,NULL,NULL,NULL,NULL,NULL,NULL),(10101,'sys/messageTemplate/update','SERVICE','','','Y','Y',1,-1,-1,-1,'2016-12-26 19:31:27',-1,'2016-12-26 19:31:27',-1,NULL,NULL,NULL,NULL,NULL,NULL,NULL,NULL,NULL,NULL,NULL,NULL,NULL,NULL,NULL,NULL),(10102,'mail/sys_message_test.html','HTML','','','Y','Y',1,-1,-1,-1,'2016-12-26 19:31:27',-1,'2016-12-26 19:31:27',-1,NULL,NULL,NULL,NULL,NULL,NULL,NULL,NULL,NULL,NULL,NULL,NULL,NULL,NULL,NULL,NULL),(10103,'sys/message/sendTest','SERVICE','','','Y','Y',1,-1,-1,-1,'2016-12-26 19:31:27',-1,'2016-12-26 19:31:27',-1,NULL,NULL,NULL,NULL,NULL,NULL,NULL,NULL,NULL,NULL,NULL,NULL,NULL,NULL,NULL,NULL),(10104,'sys/preferences/queryPreferences','SERVICE','','','Y','N',1,-1,-1,-1,'2016-12-26 19:31:27',-1,'2016-12-26 19:31:27',-1,NULL,NULL,NULL,NULL,NULL,NULL,NULL,NULL,NULL,NULL,NULL,NULL,NULL,NULL,NULL,NULL),(10105,'sys/preferences/savePreferences','SERVICE','','','Y','N',1,-1,-1,-1,'2016-12-26 19:31:27',-1,'2016-12-26 19:31:27',-1,NULL,NULL,NULL,NULL,NULL,NULL,NULL,NULL,NULL,NULL,NULL,NULL,NULL,NULL,NULL,NULL),(10106,'sys/profile/query','SERVICE','','','Y','Y',1,-1,-1,-1,'2016-12-26 19:31:27',-1,'2016-12-26 19:31:27',-1,NULL,NULL,NULL,NULL,NULL,NULL,NULL,NULL,NULL,NULL,NULL,NULL,NULL,NULL,NULL,NULL),(10107,'sys/profile/remove','SERVICE','','','Y','Y',1,-1,-1,-1,'2016-12-26 19:31:27',-1,'2016-12-26 19:31:27',-1,NULL,NULL,NULL,NULL,NULL,NULL,NULL,NULL,NULL,NULL,NULL,NULL,NULL,NULL,NULL,NULL),(10108,'sys/profile/submit','SERVICE','','','Y','Y',1,-1,-1,-1,'2016-12-26 19:31:27',-1,'2016-12-26 19:31:27',-1,NULL,NULL,NULL,NULL,NULL,NULL,NULL,NULL,NULL,NULL,NULL,NULL,NULL,NULL,NULL,NULL),(10109,'sys/profilevalue/query','SERVICE','','','Y','Y',1,-1,-1,-1,'2016-12-26 19:31:27',-1,'2016-12-26 19:31:27',-1,NULL,NULL,NULL,NULL,NULL,NULL,NULL,NULL,NULL,NULL,NULL,NULL,NULL,NULL,NULL,NULL),(10110,'sys/profilevalue/querylevelvalues','SERVICE','','','Y','Y',1,-1,-1,-1,'2016-12-26 19:31:27',-1,'2016-12-26 19:31:27',-1,NULL,NULL,NULL,NULL,NULL,NULL,NULL,NULL,NULL,NULL,NULL,NULL,NULL,NULL,NULL,NULL),(10111,'sys/profilevalue/remove','SERVICE','','','Y','Y',1,-1,-1,-1,'2016-12-26 19:31:27',-1,'2016-12-26 19:31:27',-1,NULL,NULL,NULL,NULL,NULL,NULL,NULL,NULL,NULL,NULL,NULL,NULL,NULL,NULL,NULL,NULL),(10112,'sys/prompt/query','SERVICE','','','Y','Y',1,-1,-1,-1,'2016-12-26 19:31:27',-1,'2016-12-26 19:31:27',-1,NULL,NULL,NULL,NULL,NULL,NULL,NULL,NULL,NULL,NULL,NULL,NULL,NULL,NULL,NULL,NULL),(10113,'sys/prompt/remove','SERVICE','','','Y','Y',1,-1,-1,-1,'2016-12-26 19:31:27',-1,'2016-12-26 19:31:27',-1,NULL,NULL,NULL,NULL,NULL,NULL,NULL,NULL,NULL,NULL,NULL,NULL,NULL,NULL,NULL,NULL),(10114,'sys/prompt/submit','SERVICE','','','Y','Y',1,-1,-1,-1,'2016-12-26 19:31:27',-1,'2016-12-26 19:31:27',-1,NULL,NULL,NULL,NULL,NULL,NULL,NULL,NULL,NULL,NULL,NULL,NULL,NULL,NULL,NULL,NULL),(10115,'sys/sys_resource.html','HTML','','','Y','Y',1,-1,-1,-1,'2016-12-26 19:31:27',-1,'2016-12-26 19:31:27',-1,NULL,NULL,NULL,NULL,NULL,NULL,NULL,NULL,NULL,NULL,NULL,NULL,NULL,NULL,NULL,NULL),(10116,'/sys/resourceCustomization/submit','SERVICE','','','Y','Y',1,-1,-1,-1,'2016-12-26 19:31:27',-1,'2016-12-26 19:31:27',-1,NULL,NULL,NULL,NULL,NULL,NULL,NULL,NULL,NULL,NULL,NULL,NULL,NULL,NULL,NULL,NULL),(10117,'/sys/resourceCustomization/query','SERVICE','','','Y','Y',1,-1,-1,-1,'2016-12-26 19:31:27',-1,'2016-12-26 19:31:27',-1,NULL,NULL,NULL,NULL,NULL,NULL,NULL,NULL,NULL,NULL,NULL,NULL,NULL,NULL,NULL,NULL),(10118,'/sys/resourceCustomization/remove','SERVICE','','','Y','Y',1,-1,-1,-1,'2016-12-26 19:31:27',-1,'2016-12-26 19:31:27',-1,NULL,NULL,NULL,NULL,NULL,NULL,NULL,NULL,NULL,NULL,NULL,NULL,NULL,NULL,NULL,NULL),(10119,'sys/sys_resource_customization.html','HTML','','','Y','Y',1,-1,-1,-1,'2016-12-26 19:31:27',-1,'2016-12-26 19:31:27',-1,NULL,NULL,NULL,NULL,NULL,NULL,NULL,NULL,NULL,NULL,NULL,NULL,NULL,NULL,NULL,NULL),(10120,'sys/sys_resource_item.html','HTML','','','Y','Y',1,-1,-1,-1,'2016-12-26 19:31:27',-1,'2016-12-26 19:31:27',-1,NULL,NULL,NULL,NULL,NULL,NULL,NULL,NULL,NULL,NULL,NULL,NULL,NULL,NULL,NULL,NULL),(10121,'sys/sys_role_resource_item.html','HTML','','','Y','Y',1,-1,-1,-1,'2016-12-26 19:31:27',-1,'2016-12-26 19:31:27',-1,NULL,NULL,NULL,NULL,NULL,NULL,NULL,NULL,NULL,NULL,NULL,NULL,NULL,NULL,NULL,NULL),(10122,'sys/resource/query','SERVICE','','','Y','Y',1,-1,-1,-1,'2016-12-26 19:31:27',-1,'2016-12-26 19:31:27',-1,NULL,NULL,NULL,NULL,NULL,NULL,NULL,NULL,NULL,NULL,NULL,NULL,NULL,NULL,NULL,NULL),(10123,'sys/resource/remove','SERVICE','','','Y','Y',1,-1,-1,-1,'2016-12-26 19:31:27',-1,'2016-12-26 19:31:27',-1,NULL,NULL,NULL,NULL,NULL,NULL,NULL,NULL,NULL,NULL,NULL,NULL,NULL,NULL,NULL,NULL),(10124,'sys/resource/submit','SERVICE','','','Y','Y',1,-1,-1,-1,'2016-12-26 19:31:27',-1,'2016-12-26 19:31:27',-1,NULL,NULL,NULL,NULL,NULL,NULL,NULL,NULL,NULL,NULL,NULL,NULL,NULL,NULL,NULL,NULL),(10125,'sys/resourceItem/query','SERVICE','','','Y','Y',1,-1,-1,-1,'2016-12-26 19:31:27',-1,'2016-12-26 19:31:27',-1,NULL,NULL,NULL,NULL,NULL,NULL,NULL,NULL,NULL,NULL,NULL,NULL,NULL,NULL,NULL,NULL),(10126,'sys/resourceItem/remove','SERVICE','','','Y','Y',1,-1,-1,-1,'2016-12-26 19:31:27',-1,'2016-12-26 19:31:27',-1,NULL,NULL,NULL,NULL,NULL,NULL,NULL,NULL,NULL,NULL,NULL,NULL,NULL,NULL,NULL,NULL),(10127,'sys/resourceItem/submit','SERVICE','','','Y','Y',1,-1,-1,-1,'2016-12-26 19:31:27',-1,'2016-12-26 19:31:27',-1,NULL,NULL,NULL,NULL,NULL,NULL,NULL,NULL,NULL,NULL,NULL,NULL,NULL,NULL,NULL,NULL),(10128,'sys/role/queryRoleNotUserRole','SERVICE','','','Y','Y',1,-1,-1,-1,'2016-12-26 19:31:27',-1,'2016-12-26 19:31:27',-1,NULL,NULL,NULL,NULL,NULL,NULL,NULL,NULL,NULL,NULL,NULL,NULL,NULL,NULL,NULL,NULL),(10129,'sys/sys_role_function.html','HTML','','','Y','Y',1,-1,-1,-1,'2016-12-26 19:31:27',-1,'2016-12-26 19:31:27',-1,NULL,NULL,NULL,NULL,NULL,NULL,NULL,NULL,NULL,NULL,NULL,NULL,NULL,NULL,NULL,NULL),(10130,'sys/rolefunction/query','SERVICE','','','Y','Y',1,-1,-1,-1,'2016-12-26 19:31:27',-1,'2016-12-26 19:31:27',-1,NULL,NULL,NULL,NULL,NULL,NULL,NULL,NULL,NULL,NULL,NULL,NULL,NULL,NULL,NULL,NULL),(10131,'sys/rolefunction/queryResourceItems','SERVICE','','','Y','Y',1,-1,-1,-1,'2016-12-26 19:31:27',-1,'2016-12-26 19:31:27',-1,NULL,NULL,NULL,NULL,NULL,NULL,NULL,NULL,NULL,NULL,NULL,NULL,NULL,NULL,NULL,NULL),(10132,'sys/rolefunction/submit','SERVICE','','','Y','Y',1,-1,-1,-1,'2016-12-26 19:31:27',-1,'2016-12-26 19:31:27',-1,NULL,NULL,NULL,NULL,NULL,NULL,NULL,NULL,NULL,NULL,NULL,NULL,NULL,NULL,NULL,NULL),(10133,'sys/rolefunction/submitResourceItems','SERVICE','','','Y','Y',1,-1,-1,-1,'2016-12-26 19:31:27',-1,'2016-12-26 19:31:27',-1,NULL,NULL,NULL,NULL,NULL,NULL,NULL,NULL,NULL,NULL,NULL,NULL,NULL,NULL,NULL,NULL),(10134,'sys/sys_code.html','HTML','','','Y','Y',1,-1,-1,-1,'2016-12-26 19:31:27',-1,'2016-12-26 19:31:27',-1,NULL,NULL,NULL,NULL,NULL,NULL,NULL,NULL,NULL,NULL,NULL,NULL,NULL,NULL,NULL,NULL),(10135,'sys/sys_code_edit.html','HTML','','','Y','Y',1,-1,-1,-1,'2016-12-26 19:31:27',-1,'2016-12-26 19:31:27',-1,NULL,NULL,NULL,NULL,NULL,NULL,NULL,NULL,NULL,NULL,NULL,NULL,NULL,NULL,NULL,NULL),(10136,'sys/sys_config.html','HTML','','','Y','Y',1,-1,-1,-1,'2016-12-26 19:31:27',-1,'2016-12-26 19:31:27',-1,NULL,NULL,NULL,NULL,NULL,NULL,NULL,NULL,NULL,NULL,NULL,NULL,NULL,NULL,NULL,NULL),(10137,'sys/sys_lov.html','HTML','LOV','LOV','Y','Y',1,-1,-1,-1,'2016-12-26 19:31:27',-1,'2016-12-26 19:31:27',-1,NULL,NULL,NULL,NULL,NULL,NULL,NULL,NULL,NULL,NULL,NULL,NULL,NULL,NULL,NULL,NULL),(10138,'sys/sys_lov_edit.html','HTML',' LOV',' LOV','Y','Y',1,-1,-1,-1,'2016-12-26 19:31:27',-1,'2016-12-26 19:31:27',-1,NULL,NULL,NULL,NULL,NULL,NULL,NULL,NULL,NULL,NULL,NULL,NULL,NULL,NULL,NULL,NULL),(10139,'sys/sys_lov_preview.html','HTML','LOV ','LOV ','Y','Y',1,-1,-1,-1,'2016-12-26 19:31:27',-1,'2016-12-26 19:31:27',-1,NULL,NULL,NULL,NULL,NULL,NULL,NULL,NULL,NULL,NULL,NULL,NULL,NULL,NULL,NULL,NULL),(10140,'sys/sys_multilanguage_editor.html','HTML','','','Y','N',1,-1,-1,-1,'2016-12-26 19:31:27',-1,'2016-12-26 19:31:27',-1,NULL,NULL,NULL,NULL,NULL,NULL,NULL,NULL,NULL,NULL,NULL,NULL,NULL,NULL,NULL,NULL),(10141,'sys/sys_profile.html','HTML','','','Y','Y',1,-1,-1,-1,'2016-12-26 19:31:27',-1,'2016-12-26 19:31:27',-1,NULL,NULL,NULL,NULL,NULL,NULL,NULL,NULL,NULL,NULL,NULL,NULL,NULL,NULL,NULL,NULL),(10142,'sys/sys_profile_edit.html','HTML','','','Y','Y',1,-1,-1,-1,'2016-12-26 19:31:27',-1,'2016-12-26 19:31:27',-1,NULL,NULL,NULL,NULL,NULL,NULL,NULL,NULL,NULL,NULL,NULL,NULL,NULL,NULL,NULL,NULL),(10143,'sys/sys_prompt.html','HTML','','','Y','Y',1,-1,-1,-1,'2016-12-26 19:31:27',-1,'2016-12-26 19:31:27',-1,NULL,NULL,NULL,NULL,NULL,NULL,NULL,NULL,NULL,NULL,NULL,NULL,NULL,NULL,NULL,NULL),(10144,'sys/sys_role.html','HTML','','','Y','Y',1,-1,-1,-1,'2016-12-26 19:31:27',-1,'2016-12-26 19:31:27',-1,NULL,NULL,NULL,NULL,NULL,NULL,NULL,NULL,NULL,NULL,NULL,NULL,NULL,NULL,NULL,NULL),(10145,'sys/role/delete','SERVICE','','','Y','Y',1,-1,-1,-1,'2016-12-26 19:31:27',-1,'2016-12-26 19:31:27',-1,NULL,NULL,NULL,NULL,NULL,NULL,NULL,NULL,NULL,NULL,NULL,NULL,NULL,NULL,NULL,NULL),(10146,'sys/role/query','SERVICE','','','Y','Y',1,-1,-1,-1,'2016-12-26 19:31:27',-1,'2016-12-26 19:31:27',-1,NULL,NULL,NULL,NULL,NULL,NULL,NULL,NULL,NULL,NULL,NULL,NULL,NULL,NULL,NULL,NULL),(10147,'sys/role/submit','SERVICE','','','Y','Y',1,-1,-1,-1,'2016-12-26 19:31:27',-1,'2016-12-26 19:31:27',-1,NULL,NULL,NULL,NULL,NULL,NULL,NULL,NULL,NULL,NULL,NULL,NULL,NULL,NULL,NULL,NULL),(10148,'sys/sys_user.html','HTML','','','Y','Y',1,-1,-1,-1,'2016-12-26 19:31:27',-1,'2016-12-26 19:31:27',-1,NULL,NULL,NULL,NULL,NULL,NULL,NULL,NULL,NULL,NULL,NULL,NULL,NULL,NULL,NULL,NULL),(10149,'sys/sys_user_role.html','HTML','','','Y','Y',1,-1,-1,-1,'2016-12-26 19:31:27',-1,'2016-12-26 19:31:27',-1,NULL,NULL,NULL,NULL,NULL,NULL,NULL,NULL,NULL,NULL,NULL,NULL,NULL,NULL,NULL,NULL),(10150,'sys/sys_user_chooserole.html','HTML','','','Y','Y',1,-1,-1,-1,'2016-12-26 19:31:27',-1,'2016-12-26 19:31:27',-1,NULL,NULL,NULL,NULL,NULL,NULL,NULL,NULL,NULL,NULL,NULL,NULL,NULL,NULL,NULL,NULL),(10151,'sys/user/query','SERVICE','','','Y','Y',1,-1,-1,-1,'2016-12-26 19:31:27',-1,'2016-12-26 19:31:27',-1,NULL,NULL,NULL,NULL,NULL,NULL,NULL,NULL,NULL,NULL,NULL,NULL,NULL,NULL,NULL,NULL),(10152,'sys/user/remove','SERVICE','','','Y','Y',1,-1,-1,-1,'2016-12-26 19:31:28',-1,'2016-12-26 19:31:28',-1,NULL,NULL,NULL,NULL,NULL,NULL,NULL,NULL,NULL,NULL,NULL,NULL,NULL,NULL,NULL,NULL),(10153,'sys/user/submit','SERVICE','','','Y','Y',1,-1,-1,-1,'2016-12-26 19:31:28',-1,'2016-12-26 19:31:28',-1,NULL,NULL,NULL,NULL,NULL,NULL,NULL,NULL,NULL,NULL,NULL,NULL,NULL,NULL,NULL,NULL),(10154,'sys/userrole/queryUserRoles','SERVICE','','','Y','N',1,-1,-1,-1,'2016-12-26 19:31:28',-1,'2016-12-26 19:31:28',-1,NULL,NULL,NULL,NULL,NULL,NULL,NULL,NULL,NULL,NULL,NULL,NULL,NULL,NULL,NULL,NULL),(10155,'sys/userrole/submit','SERVICE','','','Y','Y',1,-1,-1,-1,'2016-12-26 19:31:28',-1,'2016-12-26 19:31:28',-1,NULL,NULL,NULL,NULL,NULL,NULL,NULL,NULL,NULL,NULL,NULL,NULL,NULL,NULL,NULL,NULL),(10156,'sys/um/getSingleUser','SERVICE','','','Y','N',1,-1,-1,-1,'2016-12-26 19:31:28',-1,'2016-12-26 19:31:28',-1,NULL,NULL,NULL,NULL,NULL,NULL,NULL,NULL,NULL,NULL,NULL,NULL,NULL,NULL,NULL,NULL),(10157,'sys/um/isExistsEmail','SERVICE','','','Y','N',1,-1,-1,-1,'2016-12-26 19:31:28',-1,'2016-12-26 19:31:28',-1,NULL,NULL,NULL,NULL,NULL,NULL,NULL,NULL,NULL,NULL,NULL,NULL,NULL,NULL,NULL,NULL),(10158,'sys/um/isExistsPhone','SERVICE','','','Y','N',1,-1,-1,-1,'2016-12-26 19:31:28',-1,'2016-12-26 19:31:28',-1,NULL,NULL,NULL,NULL,NULL,NULL,NULL,NULL,NULL,NULL,NULL,NULL,NULL,NULL,NULL,NULL),(10159,'sys/um/isExistsUser','SERVICE','','','Y','N',1,-1,-1,-1,'2016-12-26 19:31:28',-1,'2016-12-26 19:31:28',-1,NULL,NULL,NULL,NULL,NULL,NULL,NULL,NULL,NULL,NULL,NULL,NULL,NULL,NULL,NULL,NULL),(10160,'sys/um/query','SERVICE','','','Y','N',1,-1,-1,-1,'2016-12-26 19:31:28',-1,'2016-12-26 19:31:28',-1,NULL,NULL,NULL,NULL,NULL,NULL,NULL,NULL,NULL,NULL,NULL,NULL,NULL,NULL,NULL,NULL),(10161,'sys/um/sys_login_success.html','HTML','','','Y','N',1,-1,-1,-1,'2016-12-26 19:31:28',-1,'2016-12-26 19:31:28',-1,NULL,NULL,NULL,NULL,NULL,NULL,NULL,NULL,NULL,NULL,NULL,NULL,NULL,NULL,NULL,NULL),(10162,'sys/um/sys_update_password.html','HTML','','','Y','N',1,-1,-1,-1,'2016-12-26 19:31:28',-1,'2016-12-26 19:31:28',-1,NULL,NULL,NULL,NULL,NULL,NULL,NULL,NULL,NULL,NULL,NULL,NULL,NULL,NULL,NULL,NULL),(10163,'sys/um/sys_user_info.html','HTML','','','Y','N',1,-1,-1,-1,'2016-12-26 19:31:28',-1,'2016-12-26 19:31:28',-1,NULL,NULL,NULL,NULL,NULL,NULL,NULL,NULL,NULL,NULL,NULL,NULL,NULL,NULL,NULL,NULL),(10164,'sys/um/updatePassword','SERVICE','','','Y','N',1,-1,-1,-1,'2016-12-26 19:31:28',-1,'2016-12-26 19:31:28',-1,NULL,NULL,NULL,NULL,NULL,NULL,NULL,NULL,NULL,NULL,NULL,NULL,NULL,NULL,NULL,NULL),(10165,'sys/um/updateUserInfo','SERVICE','','','Y','N',1,-1,-1,-1,'2016-12-26 19:31:28',-1,'2016-12-26 19:31:28',-1,NULL,NULL,NULL,NULL,NULL,NULL,NULL,NULL,NULL,NULL,NULL,NULL,NULL,NULL,NULL,NULL),(10166,'sys_icon.html','HTML','','','Y','N',1,-1,-1,-1,'2016-12-26 19:31:28',-1,'2016-12-26 19:31:28',-1,NULL,NULL,NULL,NULL,NULL,NULL,NULL,NULL,NULL,NULL,NULL,NULL,NULL,NULL,NULL,NULL),(10167,'timeout.html','HTML','','','N','N',1,-1,-1,-1,'2016-12-26 19:31:28',-1,'2016-12-26 19:31:28',-1,NULL,NULL,NULL,NULL,NULL,NULL,NULL,NULL,NULL,NULL,NULL,NULL,NULL,NULL,NULL,NULL),(10168,'verifiCode','SERVICE','','','N','N',1,-1,-1,-1,'2016-12-26 19:31:28',-1,'2016-12-26 19:31:28',-1,NULL,NULL,NULL,NULL,NULL,NULL,NULL,NULL,NULL,NULL,NULL,NULL,NULL,NULL,NULL,NULL),(10169,'fnd/company.html','HTML','','','Y','Y',1,-1,-1,-1,'2016-12-26 19:31:28',-1,'2016-12-26 19:31:28',-1,NULL,NULL,NULL,NULL,NULL,NULL,NULL,NULL,NULL,NULL,NULL,NULL,NULL,NULL,NULL,NULL),(10170,'fnd/company/update','SERVICE','','','Y','Y',1,-1,-1,-1,'2016-12-26 19:31:28',-1,'2016-12-26 19:31:28',-1,NULL,NULL,NULL,NULL,NULL,NULL,NULL,NULL,NULL,NULL,NULL,NULL,NULL,NULL,NULL,NULL),(10171,'fnd/company/query','SERVICE','','','Y','Y',1,-1,-1,-1,'2016-12-26 19:31:28',-1,'2016-12-26 19:31:28',-1,NULL,NULL,NULL,NULL,NULL,NULL,NULL,NULL,NULL,NULL,NULL,NULL,NULL,NULL,NULL,NULL),(10172,'fnd/company/remove','SERVICE','','','Y','Y',1,-1,-1,-1,'2016-12-26 19:31:28',-1,'2016-12-26 19:31:28',-1,NULL,NULL,NULL,NULL,NULL,NULL,NULL,NULL,NULL,NULL,NULL,NULL,NULL,NULL,NULL,NULL),(10173,'fnd/company_edit.html','HTML','','','Y','Y',1,-1,-1,-1,'2016-12-26 19:31:28',-1,'2016-12-26 19:31:28',-1,NULL,NULL,NULL,NULL,NULL,NULL,NULL,NULL,NULL,NULL,NULL,NULL,NULL,NULL,NULL,NULL),(10174,'sys/sys_dashboard.html','HTML','','','Y','Y',1,-1,-1,-1,'2016-12-26 19:31:28',-1,'2016-12-26 19:31:28',-1,NULL,NULL,NULL,NULL,NULL,NULL,NULL,NULL,NULL,NULL,NULL,NULL,NULL,NULL,NULL,NULL),(10175,'sys/sys_dashboard/query','SERVICE','','','Y','Y',1,-1,-1,-1,'2016-12-26 19:31:28',-1,'2016-12-26 19:31:28',-1,NULL,NULL,NULL,NULL,NULL,NULL,NULL,NULL,NULL,NULL,NULL,NULL,NULL,NULL,NULL,NULL),(10176,'sys/sys_dashboard/submit','SERVICE','','','Y','Y',1,-1,-1,-1,'2016-12-26 19:31:28',-1,'2016-12-26 19:31:28',-1,NULL,NULL,NULL,NULL,NULL,NULL,NULL,NULL,NULL,NULL,NULL,NULL,NULL,NULL,NULL,NULL),(10177,'sys/sys_dashboard/remove','SERVICE','','','Y','Y',1,-1,-1,-1,'2016-12-26 19:31:28',-1,'2016-12-26 19:31:28',-1,NULL,NULL,NULL,NULL,NULL,NULL,NULL,NULL,NULL,NULL,NULL,NULL,NULL,NULL,NULL,NULL),(10178,'dashboard/task.html','SERVICE','','','Y','N',1,-1,-1,-1,'2016-12-26 19:31:28',-1,'2016-12-26 19:31:28',-1,NULL,NULL,NULL,NULL,NULL,NULL,NULL,NULL,NULL,NULL,NULL,NULL,NULL,NULL,NULL,NULL),(10179,'sys/sys_jvm_metrics.html','HTML','JVM','JVM','Y','N',1,-1,-1,-1,'2016-12-26 19:31:28',-1,'2016-12-26 19:31:28',-1,NULL,NULL,NULL,NULL,NULL,NULL,NULL,NULL,NULL,NULL,NULL,NULL,NULL,NULL,NULL,NULL),(10180,'mail/message_status.html','HTML','','','Y','Y',1,-1,-1,-1,'2016-12-26 19:31:28',-1,'2016-12-26 19:31:28',-1,NULL,NULL,NULL,NULL,NULL,NULL,NULL,NULL,NULL,NULL,NULL,NULL,NULL,NULL,NULL,NULL),(10181,'intergration/sys_interface_invoke.html','HTML','','','Y','Y',1,-1,-1,-1,'2016-12-26 19:31:28',-1,'2016-12-26 19:31:28',-1,NULL,NULL,NULL,NULL,NULL,NULL,NULL,NULL,NULL,NULL,NULL,NULL,NULL,NULL,NULL,NULL),(10182,'intergration/sys_interface_header.html','HTML','','','Y','Y',1,-1,-1,-1,'2016-12-26 19:31:28',-1,'2016-12-26 19:31:28',-1,NULL,NULL,NULL,NULL,NULL,NULL,NULL,NULL,NULL,NULL,NULL,NULL,NULL,NULL,NULL,NULL),(10183,'intergration/sys_interface_header_edit.html','HTML','','','Y','Y',1,-1,-1,-1,'2016-12-26 19:31:28',-1,'2016-12-26 19:31:28',-1,NULL,NULL,NULL,NULL,NULL,NULL,NULL,NULL,NULL,NULL,NULL,NULL,NULL,NULL,NULL,NULL),(10184,'intergration/sys_interface_line_edit.html','HTML','','','Y','Y',1,-1,-1,-1,'2016-12-26 19:31:28',-1,'2016-12-26 19:31:28',-1,NULL,NULL,NULL,NULL,NULL,NULL,NULL,NULL,NULL,NULL,NULL,NULL,NULL,NULL,NULL,NULL),(10185,'sys/sys_detail_metrics.html','HTML','','','Y','Y',1,-1,-1,-1,'2016-12-26 19:31:28',-1,'2016-12-26 19:31:28',-1,NULL,NULL,NULL,NULL,NULL,NULL,NULL,NULL,NULL,NULL,NULL,NULL,NULL,NULL,NULL,NULL),(10186,'sys/message/query','SERVICE','','','Y','Y',1,-1,-1,-1,'2016-12-26 19:31:28',-1,'2016-12-26 19:31:28',-1,NULL,NULL,NULL,NULL,NULL,NULL,NULL,NULL,NULL,NULL,NULL,NULL,NULL,NULL,NULL,NULL),(10187,'message/error_mess','SERVICE','','','Y','Y',1,-1,-1,-1,'2016-12-26 19:31:28',-1,'2016-12-26 19:31:28',-1,NULL,NULL,NULL,NULL,NULL,NULL,NULL,NULL,NULL,NULL,NULL,NULL,NULL,NULL,NULL,NULL),(10188,'film.html','HTML','aaa','dfsfds','N','N',4,-1,-1,10001,'2016-12-27 17:23:55',10001,'2016-12-27 18:06:35',10001,NULL,NULL,NULL,NULL,NULL,NULL,NULL,NULL,NULL,NULL,NULL,NULL,NULL,NULL,NULL,NULL),(10189,'sale/saleorder.html','HTML','',NULL,'Y','N',1,-1,-1,10001,'2017-01-10 11:18:31',10001,'2017-01-10 11:18:31',10001,NULL,NULL,NULL,NULL,NULL,NULL,NULL,NULL,NULL,NULL,NULL,NULL,NULL,NULL,NULL,NULL);

/*Table structure for table `sys_resource_customization` */

DROP TABLE IF EXISTS `sys_resource_customization`;

CREATE TABLE `sys_resource_customization` (
  `RESOURCE_CUSTOMIZATION_ID` bigint(20) NOT NULL AUTO_INCREMENT,
  `RESOURCE_ID` bigint(20) NOT NULL COMMENT 'ID',
  `URL` varchar(255) NOT NULL COMMENT 'URL',
  `SEQUENCE` int(11) NOT NULL COMMENT '',
  `ENABLE_FLAG` varchar(1) NOT NULL DEFAULT 'N' COMMENT '',
  `DESCRIPTION` varchar(240) DEFAULT NULL COMMENT '',
  `OBJECT_VERSION_NUMBER` bigint(20) DEFAULT '1',
  `REQUEST_ID` bigint(20) DEFAULT '-1',
  `PROGRAM_ID` bigint(20) DEFAULT '-1',
  `CREATED_BY` bigint(20) DEFAULT '-1',
  `CREATION_DATE` datetime DEFAULT CURRENT_TIMESTAMP,
  `LAST_UPDATED_BY` bigint(20) DEFAULT '-1',
  `LAST_UPDATE_DATE` datetime DEFAULT CURRENT_TIMESTAMP,
  `LAST_UPDATE_LOGIN` bigint(20) DEFAULT '-1',
  PRIMARY KEY (`RESOURCE_CUSTOMIZATION_ID`),
  KEY `SYS_RESOURCE_CUSTOMIZATION_N1` (`RESOURCE_ID`)
) ENGINE=InnoDB DEFAULT CHARSET=utf8;

/*Data for the table `sys_resource_customization` */

/*Table structure for table `sys_resource_item_b` */

DROP TABLE IF EXISTS `sys_resource_item_b`;

CREATE TABLE `sys_resource_item_b` (
  `RESOURCE_ITEM_ID` bigint(20) NOT NULL AUTO_INCREMENT,
  `OWNER_RESOURCE_ID` bigint(20) DEFAULT NULL COMMENT 'ID',
  `TARGET_RESOURCE_ID` bigint(20) DEFAULT NULL COMMENT 'ID',
  `ITEM_ID` varchar(50) DEFAULT NULL COMMENT 'HTMLID',
  `ITEM_NAME` varchar(50) DEFAULT NULL COMMENT '',
  `DESCRIPTION` varchar(240) DEFAULT NULL COMMENT '',
  `ITEM_TYPE` varchar(10) DEFAULT NULL COMMENT '',
  `OBJECT_VERSION_NUMBER` bigint(20) DEFAULT '1',
  `REQUEST_ID` bigint(20) DEFAULT '-1',
  `PROGRAM_ID` bigint(20) DEFAULT '-1',
  `CREATED_BY` bigint(20) DEFAULT '-1',
  `CREATION_DATE` datetime DEFAULT CURRENT_TIMESTAMP,
  `LAST_UPDATED_BY` bigint(20) DEFAULT '-1',
  `LAST_UPDATE_DATE` datetime DEFAULT CURRENT_TIMESTAMP,
  `LAST_UPDATE_LOGIN` bigint(20) DEFAULT '-1',
  `ATTRIBUTE_CATEGORY` varchar(30) DEFAULT NULL,
  `ATTRIBUTE1` varchar(240) DEFAULT NULL,
  `ATTRIBUTE2` varchar(240) DEFAULT NULL,
  `ATTRIBUTE3` varchar(240) DEFAULT NULL,
  `ATTRIBUTE4` varchar(240) DEFAULT NULL,
  `ATTRIBUTE5` varchar(240) DEFAULT NULL,
  `ATTRIBUTE6` varchar(240) DEFAULT NULL,
  `ATTRIBUTE7` varchar(240) DEFAULT NULL,
  `ATTRIBUTE8` varchar(240) DEFAULT NULL,
  `ATTRIBUTE9` varchar(240) DEFAULT NULL,
  `ATTRIBUTE10` varchar(240) DEFAULT NULL,
  `ATTRIBUTE11` varchar(240) DEFAULT NULL,
  `ATTRIBUTE12` varchar(240) DEFAULT NULL,
  `ATTRIBUTE13` varchar(240) DEFAULT NULL,
  `ATTRIBUTE14` varchar(240) DEFAULT NULL,
  `ATTRIBUTE15` varchar(240) DEFAULT NULL,
  PRIMARY KEY (`RESOURCE_ITEM_ID`),
  UNIQUE KEY `SYS_RESOURCE_ITEM_B_U1` (`ITEM_ID`,`OWNER_RESOURCE_ID`),
  KEY `SYS_RESOURCE_ITEM_B_N1` (`OWNER_RESOURCE_ID`)
) ENGINE=InnoDB DEFAULT CHARSET=utf8;

/*Data for the table `sys_resource_item_b` */

/*Table structure for table `sys_resource_item_tl` */

DROP TABLE IF EXISTS `sys_resource_item_tl`;

CREATE TABLE `sys_resource_item_tl` (
  `RESOURCE_ITEM_ID` bigint(20) NOT NULL,
  `LANG` varchar(10) NOT NULL,
  `ITEM_NAME` varchar(150) DEFAULT NULL COMMENT '',
  `DESCRIPTION` varchar(240) DEFAULT NULL COMMENT '',
  `OBJECT_VERSION_NUMBER` bigint(20) DEFAULT '1',
  `REQUEST_ID` bigint(20) DEFAULT '-1',
  `PROGRAM_ID` bigint(20) DEFAULT '-1',
  `CREATED_BY` bigint(20) DEFAULT '-1',
  `CREATION_DATE` datetime DEFAULT CURRENT_TIMESTAMP,
  `LAST_UPDATED_BY` bigint(20) DEFAULT '-1',
  `LAST_UPDATE_DATE` datetime DEFAULT CURRENT_TIMESTAMP,
  `LAST_UPDATE_LOGIN` bigint(20) DEFAULT '-1',
  `ATTRIBUTE_CATEGORY` varchar(30) DEFAULT NULL,
  `ATTRIBUTE1` varchar(240) DEFAULT NULL,
  `ATTRIBUTE2` varchar(240) DEFAULT NULL,
  `ATTRIBUTE3` varchar(240) DEFAULT NULL,
  `ATTRIBUTE4` varchar(240) DEFAULT NULL,
  `ATTRIBUTE5` varchar(240) DEFAULT NULL,
  `ATTRIBUTE6` varchar(240) DEFAULT NULL,
  `ATTRIBUTE7` varchar(240) DEFAULT NULL,
  `ATTRIBUTE8` varchar(240) DEFAULT NULL,
  `ATTRIBUTE9` varchar(240) DEFAULT NULL,
  `ATTRIBUTE10` varchar(240) DEFAULT NULL,
  `ATTRIBUTE11` varchar(240) DEFAULT NULL,
  `ATTRIBUTE12` varchar(240) DEFAULT NULL,
  `ATTRIBUTE13` varchar(240) DEFAULT NULL,
  `ATTRIBUTE14` varchar(240) DEFAULT NULL,
  `ATTRIBUTE15` varchar(240) DEFAULT NULL,
  PRIMARY KEY (`RESOURCE_ITEM_ID`,`LANG`)
) ENGINE=InnoDB DEFAULT CHARSET=utf8;

/*Data for the table `sys_resource_item_tl` */

/*Table structure for table `sys_resource_tl` */

DROP TABLE IF EXISTS `sys_resource_tl`;

CREATE TABLE `sys_resource_tl` (
  `RESOURCE_ID` bigint(20) NOT NULL,
  `LANG` varchar(10) NOT NULL,
  `NAME` varchar(40) DEFAULT NULL COMMENT '',
  `DESCRIPTION` varchar(240) DEFAULT NULL COMMENT '',
  `OBJECT_VERSION_NUMBER` bigint(20) DEFAULT '1',
  `REQUEST_ID` bigint(20) DEFAULT '-1',
  `PROGRAM_ID` bigint(20) DEFAULT '-1',
  `CREATED_BY` bigint(20) DEFAULT '-1',
  `CREATION_DATE` datetime DEFAULT CURRENT_TIMESTAMP,
  `LAST_UPDATED_BY` bigint(20) DEFAULT '-1',
  `LAST_UPDATE_DATE` datetime DEFAULT CURRENT_TIMESTAMP,
  `LAST_UPDATE_LOGIN` bigint(20) DEFAULT '-1',
  `ATTRIBUTE_CATEGORY` varchar(30) DEFAULT NULL,
  `ATTRIBUTE1` varchar(240) DEFAULT NULL,
  `ATTRIBUTE2` varchar(240) DEFAULT NULL,
  `ATTRIBUTE3` varchar(240) DEFAULT NULL,
  `ATTRIBUTE4` varchar(240) DEFAULT NULL,
  `ATTRIBUTE5` varchar(240) DEFAULT NULL,
  `ATTRIBUTE6` varchar(240) DEFAULT NULL,
  `ATTRIBUTE7` varchar(240) DEFAULT NULL,
  `ATTRIBUTE8` varchar(240) DEFAULT NULL,
  `ATTRIBUTE9` varchar(240) DEFAULT NULL,
  `ATTRIBUTE10` varchar(240) DEFAULT NULL,
  `ATTRIBUTE11` varchar(240) DEFAULT NULL,
  `ATTRIBUTE12` varchar(240) DEFAULT NULL,
  `ATTRIBUTE13` varchar(240) DEFAULT NULL,
  `ATTRIBUTE14` varchar(240) DEFAULT NULL,
  `ATTRIBUTE15` varchar(240) DEFAULT NULL,
  PRIMARY KEY (`RESOURCE_ID`,`LANG`)
) ENGINE=InnoDB DEFAULT CHARSET=utf8;

/*Data for the table `sys_resource_tl` */

insert  into `sys_resource_tl`(`RESOURCE_ID`,`LANG`,`NAME`,`DESCRIPTION`,`OBJECT_VERSION_NUMBER`,`REQUEST_ID`,`PROGRAM_ID`,`CREATED_BY`,`CREATION_DATE`,`LAST_UPDATED_BY`,`LAST_UPDATE_DATE`,`LAST_UPDATE_LOGIN`,`ATTRIBUTE_CATEGORY`,`ATTRIBUTE1`,`ATTRIBUTE2`,`ATTRIBUTE3`,`ATTRIBUTE4`,`ATTRIBUTE5`,`ATTRIBUTE6`,`ATTRIBUTE7`,`ATTRIBUTE8`,`ATTRIBUTE9`,`ATTRIBUTE10`,`ATTRIBUTE11`,`ATTRIBUTE12`,`ATTRIBUTE13`,`ATTRIBUTE14`,`ATTRIBUTE15`) values (10001,'en_GB','403','403',1,-1,-1,-1,'2016-12-26 19:31:25',-1,'2016-12-26 19:31:25',-1,NULL,NULL,NULL,NULL,NULL,NULL,NULL,NULL,NULL,NULL,NULL,NULL,NULL,NULL,NULL,NULL),(10001,'zh_CN','403','403',1,-1,-1,-1,'2016-12-26 19:31:25',-1,'2016-12-26 19:31:25',-1,NULL,NULL,NULL,NULL,NULL,NULL,NULL,NULL,NULL,NULL,NULL,NULL,NULL,NULL,NULL,NULL),(10002,'en_GB','404','404',1,-1,-1,-1,'2016-12-26 19:31:25',-1,'2016-12-26 19:31:25',-1,NULL,NULL,NULL,NULL,NULL,NULL,NULL,NULL,NULL,NULL,NULL,NULL,NULL,NULL,NULL,NULL),(10002,'zh_CN','404','404',1,-1,-1,-1,'2016-12-26 19:31:25',-1,'2016-12-26 19:31:25',-1,NULL,NULL,NULL,NULL,NULL,NULL,NULL,NULL,NULL,NULL,NULL,NULL,NULL,NULL,NULL,NULL),(10003,'en_GB','500','500',1,-1,-1,-1,'2016-12-26 19:31:25',-1,'2016-12-26 19:31:25',-1,NULL,NULL,NULL,NULL,NULL,NULL,NULL,NULL,NULL,NULL,NULL,NULL,NULL,NULL,NULL,NULL),(10003,'zh_CN','500','500',1,-1,-1,-1,'2016-12-26 19:31:25',-1,'2016-12-26 19:31:25',-1,NULL,NULL,NULL,NULL,NULL,NULL,NULL,NULL,NULL,NULL,NULL,NULL,NULL,NULL,NULL,NULL),(10004,'en_GB','Process Design',NULL,1,-1,-1,-1,'2016-12-26 19:31:25',-1,'2016-12-26 19:31:25',-1,NULL,NULL,NULL,NULL,NULL,NULL,NULL,NULL,NULL,NULL,NULL,NULL,NULL,NULL,NULL,NULL),(10004,'zh_CN','',NULL,1,-1,-1,-1,'2016-12-26 19:31:25',-1,'2016-12-26 19:31:25',-1,NULL,NULL,NULL,NULL,NULL,NULL,NULL,NULL,NULL,NULL,NULL,NULL,NULL,NULL,NULL,NULL),(10005,'en_GB','My Tasks',NULL,1,-1,-1,-1,'2016-12-26 19:31:25',-1,'2016-12-26 19:31:25',-1,NULL,NULL,NULL,NULL,NULL,NULL,NULL,NULL,NULL,NULL,NULL,NULL,NULL,NULL,NULL,NULL),(10005,'zh_CN','',NULL,1,-1,-1,-1,'2016-12-26 19:31:25',-1,'2016-12-26 19:31:25',-1,NULL,NULL,NULL,NULL,NULL,NULL,NULL,NULL,NULL,NULL,NULL,NULL,NULL,NULL,NULL,NULL),(10006,'en_GB','Deployments',NULL,1,-1,-1,-1,'2016-12-26 19:31:25',-1,'2016-12-26 19:31:25',-1,NULL,NULL,NULL,NULL,NULL,NULL,NULL,NULL,NULL,NULL,NULL,NULL,NULL,NULL,NULL,NULL),(10006,'zh_CN','',NULL,1,-1,-1,-1,'2016-12-26 19:31:25',-1,'2016-12-26 19:31:25',-1,NULL,NULL,NULL,NULL,NULL,NULL,NULL,NULL,NULL,NULL,NULL,NULL,NULL,NULL,NULL,NULL),(10007,'en_GB','Process History',NULL,1,-1,-1,-1,'2016-12-26 19:31:25',-1,'2016-12-26 19:31:25',-1,NULL,NULL,NULL,NULL,NULL,NULL,NULL,NULL,NULL,NULL,NULL,NULL,NULL,NULL,NULL,NULL),(10007,'zh_CN','',NULL,1,-1,-1,-1,'2016-12-26 19:31:25',-1,'2016-12-26 19:31:25',-1,NULL,NULL,NULL,NULL,NULL,NULL,NULL,NULL,NULL,NULL,NULL,NULL,NULL,NULL,NULL,NULL),(10008,'en_GB','Process Test',NULL,1,-1,-1,-1,'2016-12-26 19:31:25',-1,'2016-12-26 19:31:25',-1,NULL,NULL,NULL,NULL,NULL,NULL,NULL,NULL,NULL,NULL,NULL,NULL,NULL,NULL,NULL,NULL),(10008,'zh_CN','',NULL,1,-1,-1,-1,'2016-12-26 19:31:25',-1,'2016-12-26 19:31:25',-1,NULL,NULL,NULL,NULL,NULL,NULL,NULL,NULL,NULL,NULL,NULL,NULL,NULL,NULL,NULL,NULL),(10009,'en_GB','Tasks (ADMIN)',NULL,1,-1,-1,-1,'2016-12-26 19:31:25',-1,'2016-12-26 19:31:25',-1,NULL,NULL,NULL,NULL,NULL,NULL,NULL,NULL,NULL,NULL,NULL,NULL,NULL,NULL,NULL,NULL),(10009,'zh_CN','()',NULL,1,-1,-1,-1,'2016-12-26 19:31:25',-1,'2016-12-26 19:31:25',-1,NULL,NULL,NULL,NULL,NULL,NULL,NULL,NULL,NULL,NULL,NULL,NULL,NULL,NULL,NULL,NULL),(10010,'en_GB','Home','Home',1,-1,-1,-1,'2016-12-26 19:31:25',-1,'2016-12-26 19:31:25',-1,NULL,NULL,NULL,NULL,NULL,NULL,NULL,NULL,NULL,NULL,NULL,NULL,NULL,NULL,NULL,NULL),(10010,'zh_CN','','',1,-1,-1,-1,'2016-12-26 19:31:25',-1,'2016-12-26 19:31:25',-1,NULL,NULL,NULL,NULL,NULL,NULL,NULL,NULL,NULL,NULL,NULL,NULL,NULL,NULL,NULL,NULL),(10011,'en_GB','Employee','Employee',1,-1,-1,-1,'2016-12-26 19:31:25',-1,'2016-12-26 19:31:25',-1,NULL,NULL,NULL,NULL,NULL,NULL,NULL,NULL,NULL,NULL,NULL,NULL,NULL,NULL,NULL,NULL),(10011,'zh_CN','','',1,-1,-1,-1,'2016-12-26 19:31:25',-1,'2016-12-26 19:31:25',-1,NULL,NULL,NULL,NULL,NULL,NULL,NULL,NULL,NULL,NULL,NULL,NULL,NULL,NULL,NULL,NULL),(10012,'en_GB','Query Employee','Query Employee',1,-1,-1,-1,'2016-12-26 19:31:25',-1,'2016-12-26 19:31:25',-1,NULL,NULL,NULL,NULL,NULL,NULL,NULL,NULL,NULL,NULL,NULL,NULL,NULL,NULL,NULL,NULL),(10012,'zh_CN','','',1,-1,-1,-1,'2016-12-26 19:31:25',-1,'2016-12-26 19:31:25',-1,NULL,NULL,NULL,NULL,NULL,NULL,NULL,NULL,NULL,NULL,NULL,NULL,NULL,NULL,NULL,NULL),(10013,'en_GB','Update Employee','Update Employee',1,-1,-1,-1,'2016-12-26 19:31:25',-1,'2016-12-26 19:31:25',-1,NULL,NULL,NULL,NULL,NULL,NULL,NULL,NULL,NULL,NULL,NULL,NULL,NULL,NULL,NULL,NULL),(10013,'zh_CN','','',1,-1,-1,-1,'2016-12-26 19:31:25',-1,'2016-12-26 19:31:25',-1,NULL,NULL,NULL,NULL,NULL,NULL,NULL,NULL,NULL,NULL,NULL,NULL,NULL,NULL,NULL,NULL),(10014,'en_GB','Position','Unit Position',1,-1,-1,-1,'2016-12-26 19:31:25',-1,'2016-12-26 19:31:25',-1,NULL,NULL,NULL,NULL,NULL,NULL,NULL,NULL,NULL,NULL,NULL,NULL,NULL,NULL,NULL,NULL),(10014,'zh_CN','','',1,-1,-1,-1,'2016-12-26 19:31:25',-1,'2016-12-26 19:31:25',-1,NULL,NULL,NULL,NULL,NULL,NULL,NULL,NULL,NULL,NULL,NULL,NULL,NULL,NULL,NULL,NULL),(10015,'en_GB','Query Position','Query Position',1,-1,-1,-1,'2016-12-26 19:31:25',-1,'2016-12-26 19:31:25',-1,NULL,NULL,NULL,NULL,NULL,NULL,NULL,NULL,NULL,NULL,NULL,NULL,NULL,NULL,NULL,NULL),(10015,'zh_CN','','',1,-1,-1,-1,'2016-12-26 19:31:25',-1,'2016-12-26 19:31:25',-1,NULL,NULL,NULL,NULL,NULL,NULL,NULL,NULL,NULL,NULL,NULL,NULL,NULL,NULL,NULL,NULL),(10016,'en_GB','Remove Position','Remove Position',1,-1,-1,-1,'2016-12-26 19:31:25',-1,'2016-12-26 19:31:25',-1,NULL,NULL,NULL,NULL,NULL,NULL,NULL,NULL,NULL,NULL,NULL,NULL,NULL,NULL,NULL,NULL),(10016,'zh_CN','','',1,-1,-1,-1,'2016-12-26 19:31:25',-1,'2016-12-26 19:31:25',-1,NULL,NULL,NULL,NULL,NULL,NULL,NULL,NULL,NULL,NULL,NULL,NULL,NULL,NULL,NULL,NULL),(10017,'en_GB','Modify Position','Modify Position',1,-1,-1,-1,'2016-12-26 19:31:25',-1,'2016-12-26 19:31:25',-1,NULL,NULL,NULL,NULL,NULL,NULL,NULL,NULL,NULL,NULL,NULL,NULL,NULL,NULL,NULL,NULL),(10017,'zh_CN','','',1,-1,-1,-1,'2016-12-26 19:31:25',-1,'2016-12-26 19:31:25',-1,NULL,NULL,NULL,NULL,NULL,NULL,NULL,NULL,NULL,NULL,NULL,NULL,NULL,NULL,NULL,NULL),(10018,'en_GB','unit','unit',1,-1,-1,-1,'2016-12-26 19:31:25',-1,'2016-12-26 19:31:25',-1,NULL,NULL,NULL,NULL,NULL,NULL,NULL,NULL,NULL,NULL,NULL,NULL,NULL,NULL,NULL,NULL),(10018,'zh_CN','','',1,-1,-1,-1,'2016-12-26 19:31:25',-1,'2016-12-26 19:31:25',-1,NULL,NULL,NULL,NULL,NULL,NULL,NULL,NULL,NULL,NULL,NULL,NULL,NULL,NULL,NULL,NULL),(10019,'en_GB','query unit','query unit',1,-1,-1,-1,'2016-12-26 19:31:25',-1,'2016-12-26 19:31:25',-1,NULL,NULL,NULL,NULL,NULL,NULL,NULL,NULL,NULL,NULL,NULL,NULL,NULL,NULL,NULL,NULL),(10019,'zh_CN','','',1,-1,-1,-1,'2016-12-26 19:31:25',-1,'2016-12-26 19:31:25',-1,NULL,NULL,NULL,NULL,NULL,NULL,NULL,NULL,NULL,NULL,NULL,NULL,NULL,NULL,NULL,NULL),(10020,'en_GB','remove unit','remove unit',1,-1,-1,-1,'2016-12-26 19:31:25',-1,'2016-12-26 19:31:25',-1,NULL,NULL,NULL,NULL,NULL,NULL,NULL,NULL,NULL,NULL,NULL,NULL,NULL,NULL,NULL,NULL),(10020,'zh_CN','','',1,-1,-1,-1,'2016-12-26 19:31:25',-1,'2016-12-26 19:31:25',-1,NULL,NULL,NULL,NULL,NULL,NULL,NULL,NULL,NULL,NULL,NULL,NULL,NULL,NULL,NULL,NULL),(10021,'en_GB','submit unit change','submit unit change',1,-1,-1,-1,'2016-12-26 19:31:25',-1,'2016-12-26 19:31:25',-1,NULL,NULL,NULL,NULL,NULL,NULL,NULL,NULL,NULL,NULL,NULL,NULL,NULL,NULL,NULL,NULL),(10021,'zh_CN','','',1,-1,-1,-1,'2016-12-26 19:31:25',-1,'2016-12-26 19:31:25',-1,NULL,NULL,NULL,NULL,NULL,NULL,NULL,NULL,NULL,NULL,NULL,NULL,NULL,NULL,NULL,NULL),(10022,'en_GB','Index','Index',1,-1,-1,-1,'2016-12-26 19:31:25',-1,'2016-12-26 19:31:25',-1,NULL,NULL,NULL,NULL,NULL,NULL,NULL,NULL,NULL,NULL,NULL,NULL,NULL,NULL,NULL,NULL),(10022,'zh_CN','','',1,-1,-1,-1,'2016-12-26 19:31:25',-1,'2016-12-26 19:31:25',-1,NULL,NULL,NULL,NULL,NULL,NULL,NULL,NULL,NULL,NULL,NULL,NULL,NULL,NULL,NULL,NULL),(10023,'en_GB','Job Details','Job Details',1,-1,-1,-1,'2016-12-26 19:31:25',-1,'2016-12-26 19:31:25',-1,NULL,NULL,NULL,NULL,NULL,NULL,NULL,NULL,NULL,NULL,NULL,NULL,NULL,NULL,NULL,NULL),(10023,'zh_CN','','',1,-1,-1,-1,'2016-12-26 19:31:25',-1,'2016-12-26 19:31:25',-1,NULL,NULL,NULL,NULL,NULL,NULL,NULL,NULL,NULL,NULL,NULL,NULL,NULL,NULL,NULL,NULL),(10024,'en_GB','Add Cron Job','Add Cron Job',1,-1,-1,-1,'2016-12-26 19:31:25',-1,'2016-12-26 19:31:25',-1,NULL,NULL,NULL,NULL,NULL,NULL,NULL,NULL,NULL,NULL,NULL,NULL,NULL,NULL,NULL,NULL),(10024,'zh_CN',' CRON ','CRON ',1,-1,-1,-1,'2016-12-26 19:31:25',-1,'2016-12-26 19:31:25',-1,NULL,NULL,NULL,NULL,NULL,NULL,NULL,NULL,NULL,NULL,NULL,NULL,NULL,NULL,NULL,NULL),(10025,'en_GB','Add Simple Job','Add Simple Job',1,-1,-1,-1,'2016-12-26 19:31:25',-1,'2016-12-26 19:31:25',-1,NULL,NULL,NULL,NULL,NULL,NULL,NULL,NULL,NULL,NULL,NULL,NULL,NULL,NULL,NULL,NULL),(10025,'zh_CN','','',1,-1,-1,-1,'2016-12-26 19:31:25',-1,'2016-12-26 19:31:25',-1,NULL,NULL,NULL,NULL,NULL,NULL,NULL,NULL,NULL,NULL,NULL,NULL,NULL,NULL,NULL,NULL),(10026,'en_GB','Job Detail Info','Job Detail Info',1,-1,-1,-1,'2016-12-26 19:31:25',-1,'2016-12-26 19:31:25',-1,NULL,NULL,NULL,NULL,NULL,NULL,NULL,NULL,NULL,NULL,NULL,NULL,NULL,NULL,NULL,NULL),(10026,'zh_CN','','',1,-1,-1,-1,'2016-12-26 19:31:25',-1,'2016-12-26 19:31:25',-1,NULL,NULL,NULL,NULL,NULL,NULL,NULL,NULL,NULL,NULL,NULL,NULL,NULL,NULL,NULL,NULL),(10027,'en_GB','Create Job','Create Job',1,-1,-1,-1,'2016-12-26 19:31:25',-1,'2016-12-26 19:31:25',-1,NULL,NULL,NULL,NULL,NULL,NULL,NULL,NULL,NULL,NULL,NULL,NULL,NULL,NULL,NULL,NULL),(10027,'zh_CN','','',1,-1,-1,-1,'2016-12-26 19:31:25',-1,'2016-12-26 19:31:25',-1,NULL,NULL,NULL,NULL,NULL,NULL,NULL,NULL,NULL,NULL,NULL,NULL,NULL,NULL,NULL,NULL),(10028,'en_GB','Delete Job','Delete Job',1,-1,-1,-1,'2016-12-26 19:31:25',-1,'2016-12-26 19:31:25',-1,NULL,NULL,NULL,NULL,NULL,NULL,NULL,NULL,NULL,NULL,NULL,NULL,NULL,NULL,NULL,NULL),(10028,'zh_CN','','',1,-1,-1,-1,'2016-12-26 19:31:25',-1,'2016-12-26 19:31:25',-1,NULL,NULL,NULL,NULL,NULL,NULL,NULL,NULL,NULL,NULL,NULL,NULL,NULL,NULL,NULL,NULL),(10029,'en_GB','Pause Job','Pause Job',1,-1,-1,-1,'2016-12-26 19:31:25',-1,'2016-12-26 19:31:25',-1,NULL,NULL,NULL,NULL,NULL,NULL,NULL,NULL,NULL,NULL,NULL,NULL,NULL,NULL,NULL,NULL),(10029,'zh_CN','','',1,-1,-1,-1,'2016-12-26 19:31:25',-1,'2016-12-26 19:31:25',-1,NULL,NULL,NULL,NULL,NULL,NULL,NULL,NULL,NULL,NULL,NULL,NULL,NULL,NULL,NULL,NULL),(10030,'en_GB','Query Job','Query Job',1,-1,-1,-1,'2016-12-26 19:31:25',-1,'2016-12-26 19:31:25',-1,NULL,NULL,NULL,NULL,NULL,NULL,NULL,NULL,NULL,NULL,NULL,NULL,NULL,NULL,NULL,NULL),(10030,'zh_CN','','',1,-1,-1,-1,'2016-12-26 19:31:25',-1,'2016-12-26 19:31:25',-1,NULL,NULL,NULL,NULL,NULL,NULL,NULL,NULL,NULL,NULL,NULL,NULL,NULL,NULL,NULL,NULL),(10031,'en_GB','Query Job Info','Query Job Info',1,-1,-1,-1,'2016-12-26 19:31:25',-1,'2016-12-26 19:31:25',-1,NULL,NULL,NULL,NULL,NULL,NULL,NULL,NULL,NULL,NULL,NULL,NULL,NULL,NULL,NULL,NULL),(10031,'zh_CN','','',1,-1,-1,-1,'2016-12-26 19:31:25',-1,'2016-12-26 19:31:25',-1,NULL,NULL,NULL,NULL,NULL,NULL,NULL,NULL,NULL,NULL,NULL,NULL,NULL,NULL,NULL,NULL),(10032,'en_GB','Resume Job','Resume Job',1,-1,-1,-1,'2016-12-26 19:31:25',-1,'2016-12-26 19:31:25',-1,NULL,NULL,NULL,NULL,NULL,NULL,NULL,NULL,NULL,NULL,NULL,NULL,NULL,NULL,NULL,NULL),(10032,'zh_CN','','',1,-1,-1,-1,'2016-12-26 19:31:25',-1,'2016-12-26 19:31:25',-1,NULL,NULL,NULL,NULL,NULL,NULL,NULL,NULL,NULL,NULL,NULL,NULL,NULL,NULL,NULL,NULL),(10033,'en_GB','Execution Summary','Execution Summary',1,-1,-1,-1,'2016-12-26 19:31:25',-1,'2016-12-26 19:31:25',-1,NULL,NULL,NULL,NULL,NULL,NULL,NULL,NULL,NULL,NULL,NULL,NULL,NULL,NULL,NULL,NULL),(10033,'zh_CN','','',1,-1,-1,-1,'2016-12-26 19:31:25',-1,'2016-12-26 19:31:25',-1,NULL,NULL,NULL,NULL,NULL,NULL,NULL,NULL,NULL,NULL,NULL,NULL,NULL,NULL,NULL,NULL),(10034,'en_GB','Query Job Log','Query Job Log',1,-1,-1,-1,'2016-12-26 19:31:25',-1,'2016-12-26 19:31:25',-1,NULL,NULL,NULL,NULL,NULL,NULL,NULL,NULL,NULL,NULL,NULL,NULL,NULL,NULL,NULL,NULL),(10034,'zh_CN','','',1,-1,-1,-1,'2016-12-26 19:31:25',-1,'2016-12-26 19:31:25',-1,NULL,NULL,NULL,NULL,NULL,NULL,NULL,NULL,NULL,NULL,NULL,NULL,NULL,NULL,NULL,NULL),(10035,'en_GB','Scheduler','Scheduler',1,-1,-1,-1,'2016-12-26 19:31:25',-1,'2016-12-26 19:31:25',-1,NULL,NULL,NULL,NULL,NULL,NULL,NULL,NULL,NULL,NULL,NULL,NULL,NULL,NULL,NULL,NULL),(10035,'zh_CN','','',1,-1,-1,-1,'2016-12-26 19:31:25',-1,'2016-12-26 19:31:25',-1,NULL,NULL,NULL,NULL,NULL,NULL,NULL,NULL,NULL,NULL,NULL,NULL,NULL,NULL,NULL,NULL),(10036,'en_GB','Scheduler Info','Scheduler Info',1,-1,-1,-1,'2016-12-26 19:31:25',-1,'2016-12-26 19:31:25',-1,NULL,NULL,NULL,NULL,NULL,NULL,NULL,NULL,NULL,NULL,NULL,NULL,NULL,NULL,NULL,NULL),(10036,'zh_CN','','',1,-1,-1,-1,'2016-12-26 19:31:25',-1,'2016-12-26 19:31:25',-1,NULL,NULL,NULL,NULL,NULL,NULL,NULL,NULL,NULL,NULL,NULL,NULL,NULL,NULL,NULL,NULL),(10037,'en_GB','Pause All Jobs','Pause All Jobs',1,-1,-1,-1,'2016-12-26 19:31:25',-1,'2016-12-26 19:31:25',-1,NULL,NULL,NULL,NULL,NULL,NULL,NULL,NULL,NULL,NULL,NULL,NULL,NULL,NULL,NULL,NULL),(10037,'zh_CN','','',1,-1,-1,-1,'2016-12-26 19:31:25',-1,'2016-12-26 19:31:25',-1,NULL,NULL,NULL,NULL,NULL,NULL,NULL,NULL,NULL,NULL,NULL,NULL,NULL,NULL,NULL,NULL),(10038,'en_GB','Query Scheduler','Query Schedulers',1,-1,-1,-1,'2016-12-26 19:31:25',-1,'2016-12-26 19:31:25',-1,NULL,NULL,NULL,NULL,NULL,NULL,NULL,NULL,NULL,NULL,NULL,NULL,NULL,NULL,NULL,NULL),(10038,'zh_CN','','',1,-1,-1,-1,'2016-12-26 19:31:25',-1,'2016-12-26 19:31:25',-1,NULL,NULL,NULL,NULL,NULL,NULL,NULL,NULL,NULL,NULL,NULL,NULL,NULL,NULL,NULL,NULL),(10039,'en_GB','Resume All Jobs','Resume All Jobs',1,-1,-1,-1,'2016-12-26 19:31:25',-1,'2016-12-26 19:31:25',-1,NULL,NULL,NULL,NULL,NULL,NULL,NULL,NULL,NULL,NULL,NULL,NULL,NULL,NULL,NULL,NULL),(10039,'zh_CN','','',1,-1,-1,-1,'2016-12-26 19:31:25',-1,'2016-12-26 19:31:25',-1,NULL,NULL,NULL,NULL,NULL,NULL,NULL,NULL,NULL,NULL,NULL,NULL,NULL,NULL,NULL,NULL),(10040,'en_GB','Standby Scheduler','Standby Scheduler',1,-1,-1,-1,'2016-12-26 19:31:25',-1,'2016-12-26 19:31:25',-1,NULL,NULL,NULL,NULL,NULL,NULL,NULL,NULL,NULL,NULL,NULL,NULL,NULL,NULL,NULL,NULL),(10040,'zh_CN','','',1,-1,-1,-1,'2016-12-26 19:31:25',-1,'2016-12-26 19:31:25',-1,NULL,NULL,NULL,NULL,NULL,NULL,NULL,NULL,NULL,NULL,NULL,NULL,NULL,NULL,NULL,NULL),(10041,'en_GB','Start Scheduler','Start Scheduler',1,-1,-1,-1,'2016-12-26 19:31:26',-1,'2016-12-26 19:31:26',-1,NULL,NULL,NULL,NULL,NULL,NULL,NULL,NULL,NULL,NULL,NULL,NULL,NULL,NULL,NULL,NULL),(10041,'zh_CN','','',1,-1,-1,-1,'2016-12-26 19:31:26',-1,'2016-12-26 19:31:26',-1,NULL,NULL,NULL,NULL,NULL,NULL,NULL,NULL,NULL,NULL,NULL,NULL,NULL,NULL,NULL,NULL),(10042,'en_GB','Login','Login',1,-1,-1,-1,'2016-12-26 19:31:26',-1,'2016-12-26 19:31:26',-1,NULL,NULL,NULL,NULL,NULL,NULL,NULL,NULL,NULL,NULL,NULL,NULL,NULL,NULL,NULL,NULL),(10042,'zh_CN','','',1,-1,-1,-1,'2016-12-26 19:31:26',-1,'2016-12-26 19:31:26',-1,NULL,NULL,NULL,NULL,NULL,NULL,NULL,NULL,NULL,NULL,NULL,NULL,NULL,NULL,NULL,NULL),(10043,'en_GB','Role Select','Role Select',1,-1,-1,-1,'2016-12-26 19:31:26',-1,'2016-12-26 19:31:26',-1,NULL,NULL,NULL,NULL,NULL,NULL,NULL,NULL,NULL,NULL,NULL,NULL,NULL,NULL,NULL,NULL),(10043,'zh_CN','','',1,-1,-1,-1,'2016-12-26 19:31:26',-1,'2016-12-26 19:31:26',-1,NULL,NULL,NULL,NULL,NULL,NULL,NULL,NULL,NULL,NULL,NULL,NULL,NULL,NULL,NULL,NULL),(10044,'en_GB','Category Edit','Category Edit',1,-1,-1,-1,'2016-12-26 19:31:26',-1,'2016-12-26 19:31:26',-1,NULL,NULL,NULL,NULL,NULL,NULL,NULL,NULL,NULL,NULL,NULL,NULL,NULL,NULL,NULL,NULL),(10044,'zh_CN','','',1,-1,-1,-1,'2016-12-26 19:31:26',-1,'2016-12-26 19:31:26',-1,NULL,NULL,NULL,NULL,NULL,NULL,NULL,NULL,NULL,NULL,NULL,NULL,NULL,NULL,NULL,NULL),(10045,'en_GB','Category','Category',1,-1,-1,-1,'2016-12-26 19:31:26',-1,'2016-12-26 19:31:26',-1,NULL,NULL,NULL,NULL,NULL,NULL,NULL,NULL,NULL,NULL,NULL,NULL,NULL,NULL,NULL,NULL),(10045,'zh_CN','','',1,-1,-1,-1,'2016-12-26 19:31:26',-1,'2016-12-26 19:31:26',-1,NULL,NULL,NULL,NULL,NULL,NULL,NULL,NULL,NULL,NULL,NULL,NULL,NULL,NULL,NULL,NULL),(10046,'en_GB','Query Category','Query Category',1,-1,-1,-1,'2016-12-26 19:31:26',-1,'2016-12-26 19:31:26',-1,NULL,NULL,NULL,NULL,NULL,NULL,NULL,NULL,NULL,NULL,NULL,NULL,NULL,NULL,NULL,NULL),(10046,'zh_CN','','',1,-1,-1,-1,'2016-12-26 19:31:26',-1,'2016-12-26 19:31:26',-1,NULL,NULL,NULL,NULL,NULL,NULL,NULL,NULL,NULL,NULL,NULL,NULL,NULL,NULL,NULL,NULL),(10047,'en_GB','Delete Category','Delete Category',1,-1,-1,-1,'2016-12-26 19:31:26',-1,'2016-12-26 19:31:26',-1,NULL,NULL,NULL,NULL,NULL,NULL,NULL,NULL,NULL,NULL,NULL,NULL,NULL,NULL,NULL,NULL),(10047,'zh_CN','','',1,-1,-1,-1,'2016-12-26 19:31:26',-1,'2016-12-26 19:31:26',-1,NULL,NULL,NULL,NULL,NULL,NULL,NULL,NULL,NULL,NULL,NULL,NULL,NULL,NULL,NULL,NULL),(10048,'en_GB','Update Category','Update Category',1,-1,-1,-1,'2016-12-26 19:31:26',-1,'2016-12-26 19:31:26',-1,NULL,NULL,NULL,NULL,NULL,NULL,NULL,NULL,NULL,NULL,NULL,NULL,NULL,NULL,NULL,NULL),(10048,'zh_CN','','',1,-1,-1,-1,'2016-12-26 19:31:26',-1,'2016-12-26 19:31:26',-1,NULL,NULL,NULL,NULL,NULL,NULL,NULL,NULL,NULL,NULL,NULL,NULL,NULL,NULL,NULL,NULL),(10049,'en_GB','Files','Files',1,-1,-1,-1,'2016-12-26 19:31:26',-1,'2016-12-26 19:31:26',-1,NULL,NULL,NULL,NULL,NULL,NULL,NULL,NULL,NULL,NULL,NULL,NULL,NULL,NULL,NULL,NULL),(10049,'zh_CN','','',1,-1,-1,-1,'2016-12-26 19:31:26',-1,'2016-12-26 19:31:26',-1,NULL,NULL,NULL,NULL,NULL,NULL,NULL,NULL,NULL,NULL,NULL,NULL,NULL,NULL,NULL,NULL),(10050,'en_GB','Query Category Tree','Query Category Tree',1,-1,-1,-1,'2016-12-26 19:31:26',-1,'2016-12-26 19:31:26',-1,NULL,NULL,NULL,NULL,NULL,NULL,NULL,NULL,NULL,NULL,NULL,NULL,NULL,NULL,NULL,NULL),(10050,'zh_CN','','',1,-1,-1,-1,'2016-12-26 19:31:26',-1,'2016-12-26 19:31:26',-1,NULL,NULL,NULL,NULL,NULL,NULL,NULL,NULL,NULL,NULL,NULL,NULL,NULL,NULL,NULL,NULL),(10051,'en_GB','Query Files','Query Files',1,-1,-1,-1,'2016-12-26 19:31:26',-1,'2016-12-26 19:31:26',-1,NULL,NULL,NULL,NULL,NULL,NULL,NULL,NULL,NULL,NULL,NULL,NULL,NULL,NULL,NULL,NULL),(10051,'zh_CN','','',1,-1,-1,-1,'2016-12-26 19:31:26',-1,'2016-12-26 19:31:26',-1,NULL,NULL,NULL,NULL,NULL,NULL,NULL,NULL,NULL,NULL,NULL,NULL,NULL,NULL,NULL,NULL),(10052,'en_GB','Delete File','Delete Files',1,-1,-1,-1,'2016-12-26 19:31:26',-1,'2016-12-26 19:31:26',-1,NULL,NULL,NULL,NULL,NULL,NULL,NULL,NULL,NULL,NULL,NULL,NULL,NULL,NULL,NULL,NULL),(10052,'zh_CN','','',1,-1,-1,-1,'2016-12-26 19:31:26',-1,'2016-12-26 19:31:26',-1,NULL,NULL,NULL,NULL,NULL,NULL,NULL,NULL,NULL,NULL,NULL,NULL,NULL,NULL,NULL,NULL),(10053,'en_GB','Attachment Detail','Attachment Detail',1,-1,-1,-1,'2016-12-26 19:31:26',-1,'2016-12-26 19:31:26',-1,NULL,NULL,NULL,NULL,NULL,NULL,NULL,NULL,NULL,NULL,NULL,NULL,NULL,NULL,NULL,NULL),(10053,'zh_CN','','',1,-1,-1,-1,'2016-12-26 19:31:26',-1,'2016-12-26 19:31:26',-1,NULL,NULL,NULL,NULL,NULL,NULL,NULL,NULL,NULL,NULL,NULL,NULL,NULL,NULL,NULL,NULL),(10054,'en_GB','View Attachment','View Attachment',1,-1,-1,-1,'2016-12-26 19:31:26',-1,'2016-12-26 19:31:26',-1,NULL,NULL,NULL,NULL,NULL,NULL,NULL,NULL,NULL,NULL,NULL,NULL,NULL,NULL,NULL,NULL),(10054,'zh_CN','','',1,-1,-1,-1,'2016-12-26 19:31:26',-1,'2016-12-26 19:31:26',-1,NULL,NULL,NULL,NULL,NULL,NULL,NULL,NULL,NULL,NULL,NULL,NULL,NULL,NULL,NULL,NULL),(10055,'en_GB','Delete Attachment','Delete Attachment',1,-1,-1,-1,'2016-12-26 19:31:26',-1,'2016-12-26 19:31:26',-1,NULL,NULL,NULL,NULL,NULL,NULL,NULL,NULL,NULL,NULL,NULL,NULL,NULL,NULL,NULL,NULL),(10055,'zh_CN','','',1,-1,-1,-1,'2016-12-26 19:31:26',-1,'2016-12-26 19:31:26',-1,NULL,NULL,NULL,NULL,NULL,NULL,NULL,NULL,NULL,NULL,NULL,NULL,NULL,NULL,NULL,NULL),(10056,'en_GB','Query Category Files','Query Category Files',1,-1,-1,-1,'2016-12-26 19:31:26',-1,'2016-12-26 19:31:26',-1,NULL,NULL,NULL,NULL,NULL,NULL,NULL,NULL,NULL,NULL,NULL,NULL,NULL,NULL,NULL,NULL),(10056,'zh_CN','','',1,-1,-1,-1,'2016-12-26 19:31:26',-1,'2016-12-26 19:31:26',-1,NULL,NULL,NULL,NULL,NULL,NULL,NULL,NULL,NULL,NULL,NULL,NULL,NULL,NULL,NULL,NULL),(10057,'en_GB','Attachment List','Attachment List',1,-1,-1,-1,'2016-12-26 19:31:26',-1,'2016-12-26 19:31:26',-1,NULL,NULL,NULL,NULL,NULL,NULL,NULL,NULL,NULL,NULL,NULL,NULL,NULL,NULL,NULL,NULL),(10057,'zh_CN','','',1,-1,-1,-1,'2016-12-26 19:31:26',-1,'2016-12-26 19:31:26',-1,NULL,NULL,NULL,NULL,NULL,NULL,NULL,NULL,NULL,NULL,NULL,NULL,NULL,NULL,NULL,NULL),(10058,'en_GB','Upload Test','Upload Test',1,-1,-1,-1,'2016-12-26 19:31:26',-1,'2016-12-26 19:31:26',-1,NULL,NULL,NULL,NULL,NULL,NULL,NULL,NULL,NULL,NULL,NULL,NULL,NULL,NULL,NULL,NULL),(10058,'zh_CN','','',1,-1,-1,-1,'2016-12-26 19:31:26',-1,'2016-12-26 19:31:26',-1,NULL,NULL,NULL,NULL,NULL,NULL,NULL,NULL,NULL,NULL,NULL,NULL,NULL,NULL,NULL,NULL),(10059,'en_GB','Attachment Upload','Attachment Upload',1,-1,-1,-1,'2016-12-26 19:31:26',-1,'2016-12-26 19:31:26',-1,NULL,NULL,NULL,NULL,NULL,NULL,NULL,NULL,NULL,NULL,NULL,NULL,NULL,NULL,NULL,NULL),(10059,'zh_CN','','',1,-1,-1,-1,'2016-12-26 19:31:26',-1,'2016-12-26 19:31:26',-1,NULL,NULL,NULL,NULL,NULL,NULL,NULL,NULL,NULL,NULL,NULL,NULL,NULL,NULL,NULL,NULL),(10060,'en_GB','Query Code','Query Code',1,-1,-1,-1,'2016-12-26 19:31:26',-1,'2016-12-26 19:31:26',-1,NULL,NULL,NULL,NULL,NULL,NULL,NULL,NULL,NULL,NULL,NULL,NULL,NULL,NULL,NULL,NULL),(10060,'zh_CN','','',1,-1,-1,-1,'2016-12-26 19:31:26',-1,'2016-12-26 19:31:26',-1,NULL,NULL,NULL,NULL,NULL,NULL,NULL,NULL,NULL,NULL,NULL,NULL,NULL,NULL,NULL,NULL),(10061,'en_GB','Delete Code','Delete Code',1,-1,-1,-1,'2016-12-26 19:31:26',-1,'2016-12-26 19:31:26',-1,NULL,NULL,NULL,NULL,NULL,NULL,NULL,NULL,NULL,NULL,NULL,NULL,NULL,NULL,NULL,NULL),(10061,'zh_CN','','',1,-1,-1,-1,'2016-12-26 19:31:26',-1,'2016-12-26 19:31:26',-1,NULL,NULL,NULL,NULL,NULL,NULL,NULL,NULL,NULL,NULL,NULL,NULL,NULL,NULL,NULL,NULL),(10062,'en_GB','Update Code','Update Code',1,-1,-1,-1,'2016-12-26 19:31:26',-1,'2016-12-26 19:31:26',-1,NULL,NULL,NULL,NULL,NULL,NULL,NULL,NULL,NULL,NULL,NULL,NULL,NULL,NULL,NULL,NULL),(10062,'zh_CN','','',1,-1,-1,-1,'2016-12-26 19:31:26',-1,'2016-12-26 19:31:26',-1,NULL,NULL,NULL,NULL,NULL,NULL,NULL,NULL,NULL,NULL,NULL,NULL,NULL,NULL,NULL,NULL),(10063,'en_GB','Query Code Value','Query Code Value',1,-1,-1,-1,'2016-12-26 19:31:26',-1,'2016-12-26 19:31:26',-1,NULL,NULL,NULL,NULL,NULL,NULL,NULL,NULL,NULL,NULL,NULL,NULL,NULL,NULL,NULL,NULL),(10063,'zh_CN','','',1,-1,-1,-1,'2016-12-26 19:31:26',-1,'2016-12-26 19:31:26',-1,NULL,NULL,NULL,NULL,NULL,NULL,NULL,NULL,NULL,NULL,NULL,NULL,NULL,NULL,NULL,NULL),(10064,'en_GB','Delete Code Value','Query Code Value',1,-1,-1,-1,'2016-12-26 19:31:26',-1,'2016-12-26 19:31:26',-1,NULL,NULL,NULL,NULL,NULL,NULL,NULL,NULL,NULL,NULL,NULL,NULL,NULL,NULL,NULL,NULL),(10064,'zh_CN','','',1,-1,-1,-1,'2016-12-26 19:31:26',-1,'2016-12-26 19:31:26',-1,NULL,NULL,NULL,NULL,NULL,NULL,NULL,NULL,NULL,NULL,NULL,NULL,NULL,NULL,NULL,NULL),(10065,'en_GB','Function','Function',1,-1,-1,-1,'2016-12-26 19:31:26',-1,'2016-12-26 19:31:26',-1,NULL,NULL,NULL,NULL,NULL,NULL,NULL,NULL,NULL,NULL,NULL,NULL,NULL,NULL,NULL,NULL),(10065,'zh_CN','','',1,-1,-1,-1,'2016-12-26 19:31:26',-1,'2016-12-26 19:31:26',-1,NULL,NULL,NULL,NULL,NULL,NULL,NULL,NULL,NULL,NULL,NULL,NULL,NULL,NULL,NULL,NULL),(10066,'en_GB','Function Resource','Function Resource',1,-1,-1,-1,'2016-12-26 19:31:26',-1,'2016-12-26 19:31:26',-1,NULL,NULL,NULL,NULL,NULL,NULL,NULL,NULL,NULL,NULL,NULL,NULL,NULL,NULL,NULL,NULL),(10066,'zh_CN','','',1,-1,-1,-1,'2016-12-26 19:31:26',-1,'2016-12-26 19:31:26',-1,NULL,NULL,NULL,NULL,NULL,NULL,NULL,NULL,NULL,NULL,NULL,NULL,NULL,NULL,NULL,NULL),(10067,'en_GB','Add Resource','Add Resource',1,-1,-1,-1,'2016-12-26 19:31:26',-1,'2016-12-26 19:31:26',-1,NULL,NULL,NULL,NULL,NULL,NULL,NULL,NULL,NULL,NULL,NULL,NULL,NULL,NULL,NULL,NULL),(10067,'zh_CN','','',1,-1,-1,-1,'2016-12-26 19:31:26',-1,'2016-12-26 19:31:26',-1,NULL,NULL,NULL,NULL,NULL,NULL,NULL,NULL,NULL,NULL,NULL,NULL,NULL,NULL,NULL,NULL),(10068,'en_GB','Fetch Unassigned Resource','Fetch Unassigned Resource',1,-1,-1,-1,'2016-12-26 19:31:26',-1,'2016-12-26 19:31:26',-1,NULL,NULL,NULL,NULL,NULL,NULL,NULL,NULL,NULL,NULL,NULL,NULL,NULL,NULL,NULL,NULL),(10068,'zh_CN','','',1,-1,-1,-1,'2016-12-26 19:31:26',-1,'2016-12-26 19:31:26',-1,NULL,NULL,NULL,NULL,NULL,NULL,NULL,NULL,NULL,NULL,NULL,NULL,NULL,NULL,NULL,NULL),(10069,'en_GB','Fetch Assigned Resource','Fetch Assigned Resouce',1,-1,-1,-1,'2016-12-26 19:31:26',-1,'2016-12-26 19:31:26',-1,NULL,NULL,NULL,NULL,NULL,NULL,NULL,NULL,NULL,NULL,NULL,NULL,NULL,NULL,NULL,NULL),(10069,'zh_CN','','',1,-1,-1,-1,'2016-12-26 19:31:26',-1,'2016-12-26 19:31:26',-1,NULL,NULL,NULL,NULL,NULL,NULL,NULL,NULL,NULL,NULL,NULL,NULL,NULL,NULL,NULL,NULL),(10070,'en_GB','Menus','Get Menus',1,-1,-1,-1,'2016-12-26 19:31:26',-1,'2016-12-26 19:31:26',-1,NULL,NULL,NULL,NULL,NULL,NULL,NULL,NULL,NULL,NULL,NULL,NULL,NULL,NULL,NULL,NULL),(10070,'zh_CN','','',1,-1,-1,-1,'2016-12-26 19:31:26',-1,'2016-12-26 19:31:26',-1,NULL,NULL,NULL,NULL,NULL,NULL,NULL,NULL,NULL,NULL,NULL,NULL,NULL,NULL,NULL,NULL),(10071,'en_GB','Query Funcitons','Query Functions',1,-1,-1,-1,'2016-12-26 19:31:26',-1,'2016-12-26 19:31:26',-1,NULL,NULL,NULL,NULL,NULL,NULL,NULL,NULL,NULL,NULL,NULL,NULL,NULL,NULL,NULL,NULL),(10071,'zh_CN','','',1,-1,-1,-1,'2016-12-26 19:31:26',-1,'2016-12-26 19:31:26',-1,NULL,NULL,NULL,NULL,NULL,NULL,NULL,NULL,NULL,NULL,NULL,NULL,NULL,NULL,NULL,NULL),(10072,'en_GB','Delete Function','Delete Functions',1,-1,-1,-1,'2016-12-26 19:31:26',-1,'2016-12-26 19:31:26',-1,NULL,NULL,NULL,NULL,NULL,NULL,NULL,NULL,NULL,NULL,NULL,NULL,NULL,NULL,NULL,NULL),(10072,'zh_CN','','',1,-1,-1,-1,'2016-12-26 19:31:26',-1,'2016-12-26 19:31:26',-1,NULL,NULL,NULL,NULL,NULL,NULL,NULL,NULL,NULL,NULL,NULL,NULL,NULL,NULL,NULL,NULL),(10073,'en_GB','Update Fuction','Update Function',1,-1,-1,-1,'2016-12-26 19:31:26',-1,'2016-12-26 19:31:26',-1,NULL,NULL,NULL,NULL,NULL,NULL,NULL,NULL,NULL,NULL,NULL,NULL,NULL,NULL,NULL,NULL),(10073,'zh_CN','','',1,-1,-1,-1,'2016-12-26 19:31:26',-1,'2016-12-26 19:31:26',-1,NULL,NULL,NULL,NULL,NULL,NULL,NULL,NULL,NULL,NULL,NULL,NULL,NULL,NULL,NULL,NULL),(10074,'en_GB','Update Function Resource','Update Function Resource',1,-1,-1,-1,'2016-12-26 19:31:26',-1,'2016-12-26 19:31:26',-1,NULL,NULL,NULL,NULL,NULL,NULL,NULL,NULL,NULL,NULL,NULL,NULL,NULL,NULL,NULL,NULL),(10074,'zh_CN','','',1,-1,-1,-1,'2016-12-26 19:31:26',-1,'2016-12-26 19:31:26',-1,NULL,NULL,NULL,NULL,NULL,NULL,NULL,NULL,NULL,NULL,NULL,NULL,NULL,NULL,NULL,NULL),(10075,'en_GB','Language','Language',1,-1,-1,-1,'2016-12-26 19:31:26',-1,'2016-12-26 19:31:26',-1,NULL,NULL,NULL,NULL,NULL,NULL,NULL,NULL,NULL,NULL,NULL,NULL,NULL,NULL,NULL,NULL),(10075,'zh_CN','','',1,-1,-1,-1,'2016-12-26 19:31:26',-1,'2016-12-26 19:31:26',-1,NULL,NULL,NULL,NULL,NULL,NULL,NULL,NULL,NULL,NULL,NULL,NULL,NULL,NULL,NULL,NULL),(10076,'en_GB','Delete Language','Delete Language',1,-1,-1,-1,'2016-12-26 19:31:26',-1,'2016-12-26 19:31:26',-1,NULL,NULL,NULL,NULL,NULL,NULL,NULL,NULL,NULL,NULL,NULL,NULL,NULL,NULL,NULL,NULL),(10076,'zh_CN','','',1,-1,-1,-1,'2016-12-26 19:31:26',-1,'2016-12-26 19:31:26',-1,NULL,NULL,NULL,NULL,NULL,NULL,NULL,NULL,NULL,NULL,NULL,NULL,NULL,NULL,NULL,NULL),(10077,'en_GB','Query Language','Query Language',1,-1,-1,-1,'2016-12-26 19:31:26',-1,'2016-12-26 19:31:26',-1,NULL,NULL,NULL,NULL,NULL,NULL,NULL,NULL,NULL,NULL,NULL,NULL,NULL,NULL,NULL,NULL),(10077,'zh_CN','','',1,-1,-1,-1,'2016-12-26 19:31:26',-1,'2016-12-26 19:31:26',-1,NULL,NULL,NULL,NULL,NULL,NULL,NULL,NULL,NULL,NULL,NULL,NULL,NULL,NULL,NULL,NULL),(10078,'en_GB','Update Language','Update Language',1,-1,-1,-1,'2016-12-26 19:31:26',-1,'2016-12-26 19:31:26',-1,NULL,NULL,NULL,NULL,NULL,NULL,NULL,NULL,NULL,NULL,NULL,NULL,NULL,NULL,NULL,NULL),(10078,'zh_CN','','',1,-1,-1,-1,'2016-12-26 19:31:26',-1,'2016-12-26 19:31:26',-1,NULL,NULL,NULL,NULL,NULL,NULL,NULL,NULL,NULL,NULL,NULL,NULL,NULL,NULL,NULL,NULL),(10079,'en_GB','Load Lov','Load Lov',1,-1,-1,-1,'2016-12-26 19:31:26',-1,'2016-12-26 19:31:26',-1,NULL,NULL,NULL,NULL,NULL,NULL,NULL,NULL,NULL,NULL,NULL,NULL,NULL,NULL,NULL,NULL),(10079,'zh_CN',' LOV',' LOV',1,-1,-1,-1,'2016-12-26 19:31:26',-1,'2016-12-26 19:31:26',-1,NULL,NULL,NULL,NULL,NULL,NULL,NULL,NULL,NULL,NULL,NULL,NULL,NULL,NULL,NULL,NULL),(10080,'en_GB','Query Lov','Query Lov',1,-1,-1,-1,'2016-12-26 19:31:26',-1,'2016-12-26 19:31:26',-1,NULL,NULL,NULL,NULL,NULL,NULL,NULL,NULL,NULL,NULL,NULL,NULL,NULL,NULL,NULL,NULL),(10080,'zh_CN',' LOV',' LOV',1,-1,-1,-1,'2016-12-26 19:31:26',-1,'2016-12-26 19:31:26',-1,NULL,NULL,NULL,NULL,NULL,NULL,NULL,NULL,NULL,NULL,NULL,NULL,NULL,NULL,NULL,NULL),(10081,'en_GB','Delete Lov','Delete Lov',1,-1,-1,-1,'2016-12-26 19:31:26',-1,'2016-12-26 19:31:26',-1,NULL,NULL,NULL,NULL,NULL,NULL,NULL,NULL,NULL,NULL,NULL,NULL,NULL,NULL,NULL,NULL),(10081,'zh_CN',' LOV',' LOV',1,-1,-1,-1,'2016-12-26 19:31:26',-1,'2016-12-26 19:31:26',-1,NULL,NULL,NULL,NULL,NULL,NULL,NULL,NULL,NULL,NULL,NULL,NULL,NULL,NULL,NULL,NULL),(10082,'en_GB','Update Lov','Update Lov',1,-1,-1,-1,'2016-12-26 19:31:26',-1,'2016-12-26 19:31:26',-1,NULL,NULL,NULL,NULL,NULL,NULL,NULL,NULL,NULL,NULL,NULL,NULL,NULL,NULL,NULL,NULL),(10082,'zh_CN',' LOV',' LOV',1,-1,-1,-1,'2016-12-26 19:31:26',-1,'2016-12-26 19:31:26',-1,NULL,NULL,NULL,NULL,NULL,NULL,NULL,NULL,NULL,NULL,NULL,NULL,NULL,NULL,NULL,NULL),(10083,'en_GB','Query Lov Item','Query Lov Item',1,-1,-1,-1,'2016-12-26 19:31:26',-1,'2016-12-26 19:31:26',-1,NULL,NULL,NULL,NULL,NULL,NULL,NULL,NULL,NULL,NULL,NULL,NULL,NULL,NULL,NULL,NULL),(10083,'zh_CN',' LOV ',' LOV ',1,-1,-1,-1,'2016-12-26 19:31:26',-1,'2016-12-26 19:31:26',-1,NULL,NULL,NULL,NULL,NULL,NULL,NULL,NULL,NULL,NULL,NULL,NULL,NULL,NULL,NULL,NULL),(10084,'en_GB','Delete Lov Item','Delete Lov Item',1,-1,-1,-1,'2016-12-26 19:31:26',-1,'2016-12-26 19:31:26',-1,NULL,NULL,NULL,NULL,NULL,NULL,NULL,NULL,NULL,NULL,NULL,NULL,NULL,NULL,NULL,NULL),(10084,'zh_CN',' LOV ',' LOV ',1,-1,-1,-1,'2016-12-26 19:31:26',-1,'2016-12-26 19:31:26',-1,NULL,NULL,NULL,NULL,NULL,NULL,NULL,NULL,NULL,NULL,NULL,NULL,NULL,NULL,NULL,NULL),(10085,'en_GB','Email Account','Email Account',1,-1,-1,-1,'2016-12-26 19:31:26',-1,'2016-12-26 19:31:26',-1,NULL,NULL,NULL,NULL,NULL,NULL,NULL,NULL,NULL,NULL,NULL,NULL,NULL,NULL,NULL,NULL),(10085,'zh_CN','','',1,-1,-1,-1,'2016-12-26 19:31:26',-1,'2016-12-26 19:31:26',-1,NULL,NULL,NULL,NULL,NULL,NULL,NULL,NULL,NULL,NULL,NULL,NULL,NULL,NULL,NULL,NULL),(10086,'en_GB','Edit Email Config','Edit Email Config',1,-1,-1,-1,'2016-12-26 19:31:26',-1,'2016-12-26 19:31:26',-1,NULL,NULL,NULL,NULL,NULL,NULL,NULL,NULL,NULL,NULL,NULL,NULL,NULL,NULL,NULL,NULL),(10086,'zh_CN','','',1,-1,-1,-1,'2016-12-26 19:31:26',-1,'2016-12-26 19:31:26',-1,NULL,NULL,NULL,NULL,NULL,NULL,NULL,NULL,NULL,NULL,NULL,NULL,NULL,NULL,NULL,NULL),(10087,'en_GB','Query Email Account','Query Email Acount',1,-1,-1,-1,'2016-12-26 19:31:26',-1,'2016-12-26 19:31:26',-1,NULL,NULL,NULL,NULL,NULL,NULL,NULL,NULL,NULL,NULL,NULL,NULL,NULL,NULL,NULL,NULL),(10087,'zh_CN','','',1,-1,-1,-1,'2016-12-26 19:31:26',-1,'2016-12-26 19:31:26',-1,NULL,NULL,NULL,NULL,NULL,NULL,NULL,NULL,NULL,NULL,NULL,NULL,NULL,NULL,NULL,NULL),(10088,'en_GB','Delete Email Account','Delete Email Account',1,-1,-1,-1,'2016-12-26 19:31:26',-1,'2016-12-26 19:31:26',-1,NULL,NULL,NULL,NULL,NULL,NULL,NULL,NULL,NULL,NULL,NULL,NULL,NULL,NULL,NULL,NULL),(10088,'zh_CN','','',1,-1,-1,-1,'2016-12-26 19:31:26',-1,'2016-12-26 19:31:26',-1,NULL,NULL,NULL,NULL,NULL,NULL,NULL,NULL,NULL,NULL,NULL,NULL,NULL,NULL,NULL,NULL),(10089,'en_GB','Load Email Config','Load Email Config',1,-1,-1,-1,'2016-12-26 19:31:26',-1,'2016-12-26 19:31:26',-1,NULL,NULL,NULL,NULL,NULL,NULL,NULL,NULL,NULL,NULL,NULL,NULL,NULL,NULL,NULL,NULL),(10089,'zh_CN','','',1,-1,-1,-1,'2016-12-26 19:31:26',-1,'2016-12-26 19:31:26',-1,NULL,NULL,NULL,NULL,NULL,NULL,NULL,NULL,NULL,NULL,NULL,NULL,NULL,NULL,NULL,NULL),(10090,'en_GB','Query Email Config','Query Email Config',1,-1,-1,-1,'2016-12-26 19:31:26',-1,'2016-12-26 19:31:26',-1,NULL,NULL,NULL,NULL,NULL,NULL,NULL,NULL,NULL,NULL,NULL,NULL,NULL,NULL,NULL,NULL),(10090,'zh_CN','','',1,-1,-1,-1,'2016-12-26 19:31:26',-1,'2016-12-26 19:31:26',-1,NULL,NULL,NULL,NULL,NULL,NULL,NULL,NULL,NULL,NULL,NULL,NULL,NULL,NULL,NULL,NULL),(10091,'en_GB','Query Config Count','Query Config Count',1,-1,-1,-1,'2016-12-26 19:31:26',-1,'2016-12-26 19:31:26',-1,NULL,NULL,NULL,NULL,NULL,NULL,NULL,NULL,NULL,NULL,NULL,NULL,NULL,NULL,NULL,NULL),(10091,'zh_CN','','',1,-1,-1,-1,'2016-12-26 19:31:26',-1,'2016-12-26 19:31:26',-1,NULL,NULL,NULL,NULL,NULL,NULL,NULL,NULL,NULL,NULL,NULL,NULL,NULL,NULL,NULL,NULL),(10092,'en_GB','Delete Email Config','Delete Email Config',1,-1,-1,-1,'2016-12-26 19:31:26',-1,'2016-12-26 19:31:26',-1,NULL,NULL,NULL,NULL,NULL,NULL,NULL,NULL,NULL,NULL,NULL,NULL,NULL,NULL,NULL,NULL),(10092,'zh_CN','','',1,-1,-1,-1,'2016-12-26 19:31:26',-1,'2016-12-26 19:31:26',-1,NULL,NULL,NULL,NULL,NULL,NULL,NULL,NULL,NULL,NULL,NULL,NULL,NULL,NULL,NULL,NULL),(10093,'en_GB','Update Email Config','Update Email Config',1,-1,-1,-1,'2016-12-26 19:31:26',-1,'2016-12-26 19:31:26',-1,NULL,NULL,NULL,NULL,NULL,NULL,NULL,NULL,NULL,NULL,NULL,NULL,NULL,NULL,NULL,NULL),(10093,'zh_CN','','',1,-1,-1,-1,'2016-12-26 19:31:26',-1,'2016-12-26 19:31:26',-1,NULL,NULL,NULL,NULL,NULL,NULL,NULL,NULL,NULL,NULL,NULL,NULL,NULL,NULL,NULL,NULL),(10094,'en_GB','Query White List','Query Email White List',1,-1,-1,-1,'2016-12-26 19:31:26',-1,'2016-12-26 19:31:26',-1,NULL,NULL,NULL,NULL,NULL,NULL,NULL,NULL,NULL,NULL,NULL,NULL,NULL,NULL,NULL,NULL),(10094,'zh_CN','','',1,-1,-1,-1,'2016-12-26 19:31:26',-1,'2016-12-26 19:31:26',-1,NULL,NULL,NULL,NULL,NULL,NULL,NULL,NULL,NULL,NULL,NULL,NULL,NULL,NULL,NULL,NULL),(10095,'en_GB','Delete White List','Delete White List',1,-1,-1,-1,'2016-12-26 19:31:26',-1,'2016-12-26 19:31:26',-1,NULL,NULL,NULL,NULL,NULL,NULL,NULL,NULL,NULL,NULL,NULL,NULL,NULL,NULL,NULL,NULL),(10095,'zh_CN','','',1,-1,-1,-1,'2016-12-26 19:31:26',-1,'2016-12-26 19:31:26',-1,NULL,NULL,NULL,NULL,NULL,NULL,NULL,NULL,NULL,NULL,NULL,NULL,NULL,NULL,NULL,NULL),(10096,'en_GB','Email Template','Email Template',1,-1,-1,-1,'2016-12-26 19:31:26',-1,'2016-12-26 19:31:26',-1,NULL,NULL,NULL,NULL,NULL,NULL,NULL,NULL,NULL,NULL,NULL,NULL,NULL,NULL,NULL,NULL),(10096,'zh_CN','','',1,-1,-1,-1,'2016-12-26 19:31:26',-1,'2016-12-26 19:31:26',-1,NULL,NULL,NULL,NULL,NULL,NULL,NULL,NULL,NULL,NULL,NULL,NULL,NULL,NULL,NULL,NULL),(10097,'en_GB','Edit Template','Edit Template',1,-1,-1,-1,'2016-12-26 19:31:27',-1,'2016-12-26 19:31:27',-1,NULL,NULL,NULL,NULL,NULL,NULL,NULL,NULL,NULL,NULL,NULL,NULL,NULL,NULL,NULL,NULL),(10097,'zh_CN','','',1,-1,-1,-1,'2016-12-26 19:31:27',-1,'2016-12-26 19:31:27',-1,NULL,NULL,NULL,NULL,NULL,NULL,NULL,NULL,NULL,NULL,NULL,NULL,NULL,NULL,NULL,NULL),(10098,'en_GB','Add Template','Add Template',1,-1,-1,-1,'2016-12-26 19:31:27',-1,'2016-12-26 19:31:27',-1,NULL,NULL,NULL,NULL,NULL,NULL,NULL,NULL,NULL,NULL,NULL,NULL,NULL,NULL,NULL,NULL),(10098,'zh_CN','','',1,-1,-1,-1,'2016-12-26 19:31:27',-1,'2016-12-26 19:31:27',-1,NULL,NULL,NULL,NULL,NULL,NULL,NULL,NULL,NULL,NULL,NULL,NULL,NULL,NULL,NULL,NULL),(10099,'en_GB','Query Template','Query Template',1,-1,-1,-1,'2016-12-26 19:31:27',-1,'2016-12-26 19:31:27',-1,NULL,NULL,NULL,NULL,NULL,NULL,NULL,NULL,NULL,NULL,NULL,NULL,NULL,NULL,NULL,NULL),(10099,'zh_CN','','',1,-1,-1,-1,'2016-12-26 19:31:27',-1,'2016-12-26 19:31:27',-1,NULL,NULL,NULL,NULL,NULL,NULL,NULL,NULL,NULL,NULL,NULL,NULL,NULL,NULL,NULL,NULL),(10100,'en_GB','Delete Template','Delete Template',1,-1,-1,-1,'2016-12-26 19:31:27',-1,'2016-12-26 19:31:27',-1,NULL,NULL,NULL,NULL,NULL,NULL,NULL,NULL,NULL,NULL,NULL,NULL,NULL,NULL,NULL,NULL),(10100,'zh_CN','','',1,-1,-1,-1,'2016-12-26 19:31:27',-1,'2016-12-26 19:31:27',-1,NULL,NULL,NULL,NULL,NULL,NULL,NULL,NULL,NULL,NULL,NULL,NULL,NULL,NULL,NULL,NULL),(10101,'en_GB','Update Tempate','Update Template',1,-1,-1,-1,'2016-12-26 19:31:27',-1,'2016-12-26 19:31:27',-1,NULL,NULL,NULL,NULL,NULL,NULL,NULL,NULL,NULL,NULL,NULL,NULL,NULL,NULL,NULL,NULL),(10101,'zh_CN','','',1,-1,-1,-1,'2016-12-26 19:31:27',-1,'2016-12-26 19:31:27',-1,NULL,NULL,NULL,NULL,NULL,NULL,NULL,NULL,NULL,NULL,NULL,NULL,NULL,NULL,NULL,NULL),(10102,'en_GB','Email Test','Email Test',1,-1,-1,-1,'2016-12-26 19:31:27',-1,'2016-12-26 19:31:27',-1,NULL,NULL,NULL,NULL,NULL,NULL,NULL,NULL,NULL,NULL,NULL,NULL,NULL,NULL,NULL,NULL),(10102,'zh_CN','','',1,-1,-1,-1,'2016-12-26 19:31:27',-1,'2016-12-26 19:31:27',-1,NULL,NULL,NULL,NULL,NULL,NULL,NULL,NULL,NULL,NULL,NULL,NULL,NULL,NULL,NULL,NULL),(10103,'en_GB','Email Send Test','Email Send Test',1,-1,-1,-1,'2016-12-26 19:31:27',-1,'2016-12-26 19:31:27',-1,NULL,NULL,NULL,NULL,NULL,NULL,NULL,NULL,NULL,NULL,NULL,NULL,NULL,NULL,NULL,NULL),(10103,'zh_CN','','',1,-1,-1,-1,'2016-12-26 19:31:27',-1,'2016-12-26 19:31:27',-1,NULL,NULL,NULL,NULL,NULL,NULL,NULL,NULL,NULL,NULL,NULL,NULL,NULL,NULL,NULL,NULL),(10104,'en_GB','Query Preference','Query Preference',1,-1,-1,-1,'2016-12-26 19:31:27',-1,'2016-12-26 19:31:27',-1,NULL,NULL,NULL,NULL,NULL,NULL,NULL,NULL,NULL,NULL,NULL,NULL,NULL,NULL,NULL,NULL),(10104,'zh_CN','','',1,-1,-1,-1,'2016-12-26 19:31:27',-1,'2016-12-26 19:31:27',-1,NULL,NULL,NULL,NULL,NULL,NULL,NULL,NULL,NULL,NULL,NULL,NULL,NULL,NULL,NULL,NULL),(10105,'en_GB','Save Preference','Save Preference',1,-1,-1,-1,'2016-12-26 19:31:27',-1,'2016-12-26 19:31:27',-1,NULL,NULL,NULL,NULL,NULL,NULL,NULL,NULL,NULL,NULL,NULL,NULL,NULL,NULL,NULL,NULL),(10105,'zh_CN','','',1,-1,-1,-1,'2016-12-26 19:31:27',-1,'2016-12-26 19:31:27',-1,NULL,NULL,NULL,NULL,NULL,NULL,NULL,NULL,NULL,NULL,NULL,NULL,NULL,NULL,NULL,NULL),(10106,'en_GB','Query Profile','Query Profile',1,-1,-1,-1,'2016-12-26 19:31:27',-1,'2016-12-26 19:31:27',-1,NULL,NULL,NULL,NULL,NULL,NULL,NULL,NULL,NULL,NULL,NULL,NULL,NULL,NULL,NULL,NULL),(10106,'zh_CN','','',1,-1,-1,-1,'2016-12-26 19:31:27',-1,'2016-12-26 19:31:27',-1,NULL,NULL,NULL,NULL,NULL,NULL,NULL,NULL,NULL,NULL,NULL,NULL,NULL,NULL,NULL,NULL),(10107,'en_GB','Delete Profile','Delete Profile',1,-1,-1,-1,'2016-12-26 19:31:27',-1,'2016-12-26 19:31:27',-1,NULL,NULL,NULL,NULL,NULL,NULL,NULL,NULL,NULL,NULL,NULL,NULL,NULL,NULL,NULL,NULL),(10107,'zh_CN','','',1,-1,-1,-1,'2016-12-26 19:31:27',-1,'2016-12-26 19:31:27',-1,NULL,NULL,NULL,NULL,NULL,NULL,NULL,NULL,NULL,NULL,NULL,NULL,NULL,NULL,NULL,NULL),(10108,'en_GB','Update Profile','Update Profile',1,-1,-1,-1,'2016-12-26 19:31:27',-1,'2016-12-26 19:31:27',-1,NULL,NULL,NULL,NULL,NULL,NULL,NULL,NULL,NULL,NULL,NULL,NULL,NULL,NULL,NULL,NULL),(10108,'zh_CN','','',1,-1,-1,-1,'2016-12-26 19:31:27',-1,'2016-12-26 19:31:27',-1,NULL,NULL,NULL,NULL,NULL,NULL,NULL,NULL,NULL,NULL,NULL,NULL,NULL,NULL,NULL,NULL),(10109,'en_GB','Query Profile Value','Query Profile Value',1,-1,-1,-1,'2016-12-26 19:31:27',-1,'2016-12-26 19:31:27',-1,NULL,NULL,NULL,NULL,NULL,NULL,NULL,NULL,NULL,NULL,NULL,NULL,NULL,NULL,NULL,NULL),(10109,'zh_CN','','',1,-1,-1,-1,'2016-12-26 19:31:27',-1,'2016-12-26 19:31:27',-1,NULL,NULL,NULL,NULL,NULL,NULL,NULL,NULL,NULL,NULL,NULL,NULL,NULL,NULL,NULL,NULL),(10110,'en_GB','Query Profile Level Value','Query Profile Level Value',1,-1,-1,-1,'2016-12-26 19:31:27',-1,'2016-12-26 19:31:27',-1,NULL,NULL,NULL,NULL,NULL,NULL,NULL,NULL,NULL,NULL,NULL,NULL,NULL,NULL,NULL,NULL),(10110,'zh_CN','','',1,-1,-1,-1,'2016-12-26 19:31:27',-1,'2016-12-26 19:31:27',-1,NULL,NULL,NULL,NULL,NULL,NULL,NULL,NULL,NULL,NULL,NULL,NULL,NULL,NULL,NULL,NULL),(10111,'en_GB','Delete Profile Value','Delete Profile Value',1,-1,-1,-1,'2016-12-26 19:31:27',-1,'2016-12-26 19:31:27',-1,NULL,NULL,NULL,NULL,NULL,NULL,NULL,NULL,NULL,NULL,NULL,NULL,NULL,NULL,NULL,NULL),(10111,'zh_CN','','',1,-1,-1,-1,'2016-12-26 19:31:27',-1,'2016-12-26 19:31:27',-1,NULL,NULL,NULL,NULL,NULL,NULL,NULL,NULL,NULL,NULL,NULL,NULL,NULL,NULL,NULL,NULL),(10112,'en_GB','Query Prompt','Query Prompt',1,-1,-1,-1,'2016-12-26 19:31:27',-1,'2016-12-26 19:31:27',-1,NULL,NULL,NULL,NULL,NULL,NULL,NULL,NULL,NULL,NULL,NULL,NULL,NULL,NULL,NULL,NULL),(10112,'zh_CN','','',1,-1,-1,-1,'2016-12-26 19:31:27',-1,'2016-12-26 19:31:27',-1,NULL,NULL,NULL,NULL,NULL,NULL,NULL,NULL,NULL,NULL,NULL,NULL,NULL,NULL,NULL,NULL),(10113,'en_GB','Delete Prompt','Delete Prompt',1,-1,-1,-1,'2016-12-26 19:31:27',-1,'2016-12-26 19:31:27',-1,NULL,NULL,NULL,NULL,NULL,NULL,NULL,NULL,NULL,NULL,NULL,NULL,NULL,NULL,NULL,NULL),(10113,'zh_CN','','',1,-1,-1,-1,'2016-12-26 19:31:27',-1,'2016-12-26 19:31:27',-1,NULL,NULL,NULL,NULL,NULL,NULL,NULL,NULL,NULL,NULL,NULL,NULL,NULL,NULL,NULL,NULL),(10114,'en_GB','Update Prompt','Update Prompt',1,-1,-1,-1,'2016-12-26 19:31:27',-1,'2016-12-26 19:31:27',-1,NULL,NULL,NULL,NULL,NULL,NULL,NULL,NULL,NULL,NULL,NULL,NULL,NULL,NULL,NULL,NULL),(10114,'zh_CN','','',1,-1,-1,-1,'2016-12-26 19:31:27',-1,'2016-12-26 19:31:27',-1,NULL,NULL,NULL,NULL,NULL,NULL,NULL,NULL,NULL,NULL,NULL,NULL,NULL,NULL,NULL,NULL),(10115,'en_GB','Resource','Resource',1,-1,-1,-1,'2016-12-26 19:31:27',-1,'2016-12-26 19:31:27',-1,NULL,NULL,NULL,NULL,NULL,NULL,NULL,NULL,NULL,NULL,NULL,NULL,NULL,NULL,NULL,NULL),(10115,'zh_CN','','',1,-1,-1,-1,'2016-12-26 19:31:27',-1,'2016-12-26 19:31:27',-1,NULL,NULL,NULL,NULL,NULL,NULL,NULL,NULL,NULL,NULL,NULL,NULL,NULL,NULL,NULL,NULL),(10116,'en_GB','Update Personalization','Update Personalization',1,-1,-1,-1,'2016-12-26 19:31:27',-1,'2016-12-26 19:31:27',-1,NULL,NULL,NULL,NULL,NULL,NULL,NULL,NULL,NULL,NULL,NULL,NULL,NULL,NULL,NULL,NULL),(10116,'zh_CN','','',1,-1,-1,-1,'2016-12-26 19:31:27',-1,'2016-12-26 19:31:27',-1,NULL,NULL,NULL,NULL,NULL,NULL,NULL,NULL,NULL,NULL,NULL,NULL,NULL,NULL,NULL,NULL),(10117,'en_GB','Query Personalization','Query Personalization',1,-1,-1,-1,'2016-12-26 19:31:27',-1,'2016-12-26 19:31:27',-1,NULL,NULL,NULL,NULL,NULL,NULL,NULL,NULL,NULL,NULL,NULL,NULL,NULL,NULL,NULL,NULL),(10117,'zh_CN','','',1,-1,-1,-1,'2016-12-26 19:31:27',-1,'2016-12-26 19:31:27',-1,NULL,NULL,NULL,NULL,NULL,NULL,NULL,NULL,NULL,NULL,NULL,NULL,NULL,NULL,NULL,NULL),(10118,'en_GB','Delete Personalization','Delete Personalization',1,-1,-1,-1,'2016-12-26 19:31:27',-1,'2016-12-26 19:31:27',-1,NULL,NULL,NULL,NULL,NULL,NULL,NULL,NULL,NULL,NULL,NULL,NULL,NULL,NULL,NULL,NULL),(10118,'zh_CN','','',1,-1,-1,-1,'2016-12-26 19:31:27',-1,'2016-12-26 19:31:27',-1,NULL,NULL,NULL,NULL,NULL,NULL,NULL,NULL,NULL,NULL,NULL,NULL,NULL,NULL,NULL,NULL),(10119,'en_GB','Personalization','Personalization',1,-1,-1,-1,'2016-12-26 19:31:27',-1,'2016-12-26 19:31:27',-1,NULL,NULL,NULL,NULL,NULL,NULL,NULL,NULL,NULL,NULL,NULL,NULL,NULL,NULL,NULL,NULL),(10119,'zh_CN','','',1,-1,-1,-1,'2016-12-26 19:31:27',-1,'2016-12-26 19:31:27',-1,NULL,NULL,NULL,NULL,NULL,NULL,NULL,NULL,NULL,NULL,NULL,NULL,NULL,NULL,NULL,NULL),(10120,'en_GB','Resource Item','Resource Item',1,-1,-1,-1,'2016-12-26 19:31:27',-1,'2016-12-26 19:31:27',-1,NULL,NULL,NULL,NULL,NULL,NULL,NULL,NULL,NULL,NULL,NULL,NULL,NULL,NULL,NULL,NULL),(10120,'zh_CN','','',1,-1,-1,-1,'2016-12-26 19:31:27',-1,'2016-12-26 19:31:27',-1,NULL,NULL,NULL,NULL,NULL,NULL,NULL,NULL,NULL,NULL,NULL,NULL,NULL,NULL,NULL,NULL),(10121,'en_GB','Role Resource Item','Role Resource Item',1,-1,-1,-1,'2016-12-26 19:31:27',-1,'2016-12-26 19:31:27',-1,NULL,NULL,NULL,NULL,NULL,NULL,NULL,NULL,NULL,NULL,NULL,NULL,NULL,NULL,NULL,NULL),(10121,'zh_CN','','',1,-1,-1,-1,'2016-12-26 19:31:27',-1,'2016-12-26 19:31:27',-1,NULL,NULL,NULL,NULL,NULL,NULL,NULL,NULL,NULL,NULL,NULL,NULL,NULL,NULL,NULL,NULL),(10122,'en_GB','Query Resource','Query Resource',1,-1,-1,-1,'2016-12-26 19:31:27',-1,'2016-12-26 19:31:27',-1,NULL,NULL,NULL,NULL,NULL,NULL,NULL,NULL,NULL,NULL,NULL,NULL,NULL,NULL,NULL,NULL),(10122,'zh_CN','','',1,-1,-1,-1,'2016-12-26 19:31:27',-1,'2016-12-26 19:31:27',-1,NULL,NULL,NULL,NULL,NULL,NULL,NULL,NULL,NULL,NULL,NULL,NULL,NULL,NULL,NULL,NULL),(10123,'en_GB','Delete Resource','Delete Resource',1,-1,-1,-1,'2016-12-26 19:31:27',-1,'2016-12-26 19:31:27',-1,NULL,NULL,NULL,NULL,NULL,NULL,NULL,NULL,NULL,NULL,NULL,NULL,NULL,NULL,NULL,NULL),(10123,'zh_CN','','',1,-1,-1,-1,'2016-12-26 19:31:27',-1,'2016-12-26 19:31:27',-1,NULL,NULL,NULL,NULL,NULL,NULL,NULL,NULL,NULL,NULL,NULL,NULL,NULL,NULL,NULL,NULL),(10124,'en_GB','Update Resource','Update Resource',1,-1,-1,-1,'2016-12-26 19:31:27',-1,'2016-12-26 19:31:27',-1,NULL,NULL,NULL,NULL,NULL,NULL,NULL,NULL,NULL,NULL,NULL,NULL,NULL,NULL,NULL,NULL),(10124,'zh_CN','','',1,-1,-1,-1,'2016-12-26 19:31:27',-1,'2016-12-26 19:31:27',-1,NULL,NULL,NULL,NULL,NULL,NULL,NULL,NULL,NULL,NULL,NULL,NULL,NULL,NULL,NULL,NULL),(10125,'en_GB','Query Resource Item','Query Resource Item',1,-1,-1,-1,'2016-12-26 19:31:27',-1,'2016-12-26 19:31:27',-1,NULL,NULL,NULL,NULL,NULL,NULL,NULL,NULL,NULL,NULL,NULL,NULL,NULL,NULL,NULL,NULL),(10125,'zh_CN','','',1,-1,-1,-1,'2016-12-26 19:31:27',-1,'2016-12-26 19:31:27',-1,NULL,NULL,NULL,NULL,NULL,NULL,NULL,NULL,NULL,NULL,NULL,NULL,NULL,NULL,NULL,NULL),(10126,'en_GB','Delete Resource Item','Delete Resource Item',1,-1,-1,-1,'2016-12-26 19:31:27',-1,'2016-12-26 19:31:27',-1,NULL,NULL,NULL,NULL,NULL,NULL,NULL,NULL,NULL,NULL,NULL,NULL,NULL,NULL,NULL,NULL),(10126,'zh_CN','','',1,-1,-1,-1,'2016-12-26 19:31:27',-1,'2016-12-26 19:31:27',-1,NULL,NULL,NULL,NULL,NULL,NULL,NULL,NULL,NULL,NULL,NULL,NULL,NULL,NULL,NULL,NULL),(10127,'en_GB','Update Resoruce Item','Update Resource Item',1,-1,-1,-1,'2016-12-26 19:31:27',-1,'2016-12-26 19:31:27',-1,NULL,NULL,NULL,NULL,NULL,NULL,NULL,NULL,NULL,NULL,NULL,NULL,NULL,NULL,NULL,NULL),(10127,'zh_CN','','',1,-1,-1,-1,'2016-12-26 19:31:27',-1,'2016-12-26 19:31:27',-1,NULL,NULL,NULL,NULL,NULL,NULL,NULL,NULL,NULL,NULL,NULL,NULL,NULL,NULL,NULL,NULL),(10128,'en_GB','Select Role','Select role not present',1,-1,-1,-1,'2016-12-26 19:31:27',-1,'2016-12-26 19:31:27',-1,NULL,NULL,NULL,NULL,NULL,NULL,NULL,NULL,NULL,NULL,NULL,NULL,NULL,NULL,NULL,NULL),(10128,'zh_CN','','',1,-1,-1,-1,'2016-12-26 19:31:27',-1,'2016-12-26 19:31:27',-1,NULL,NULL,NULL,NULL,NULL,NULL,NULL,NULL,NULL,NULL,NULL,NULL,NULL,NULL,NULL,NULL),(10129,'en_GB','Function Assign','Function Assign',1,-1,-1,-1,'2016-12-26 19:31:27',-1,'2016-12-26 19:31:27',-1,NULL,NULL,NULL,NULL,NULL,NULL,NULL,NULL,NULL,NULL,NULL,NULL,NULL,NULL,NULL,NULL),(10129,'zh_CN','','',1,-1,-1,-1,'2016-12-26 19:31:27',-1,'2016-12-26 19:31:27',-1,NULL,NULL,NULL,NULL,NULL,NULL,NULL,NULL,NULL,NULL,NULL,NULL,NULL,NULL,NULL,NULL),(10130,'en_GB','Query Role Function','Query Role Function',1,-1,-1,-1,'2016-12-26 19:31:27',-1,'2016-12-26 19:31:27',-1,NULL,NULL,NULL,NULL,NULL,NULL,NULL,NULL,NULL,NULL,NULL,NULL,NULL,NULL,NULL,NULL),(10130,'zh_CN','','',1,-1,-1,-1,'2016-12-26 19:31:27',-1,'2016-12-26 19:31:27',-1,NULL,NULL,NULL,NULL,NULL,NULL,NULL,NULL,NULL,NULL,NULL,NULL,NULL,NULL,NULL,NULL),(10131,'en_GB','Query Function Resource Item','Query Function Resource Items',1,-1,-1,-1,'2016-12-26 19:31:27',-1,'2016-12-26 19:31:27',-1,NULL,NULL,NULL,NULL,NULL,NULL,NULL,NULL,NULL,NULL,NULL,NULL,NULL,NULL,NULL,NULL),(10131,'zh_CN','','',1,-1,-1,-1,'2016-12-26 19:31:27',-1,'2016-12-26 19:31:27',-1,NULL,NULL,NULL,NULL,NULL,NULL,NULL,NULL,NULL,NULL,NULL,NULL,NULL,NULL,NULL,NULL),(10132,'en_GB','Update Role Function','Update Role Function',1,-1,-1,-1,'2016-12-26 19:31:27',-1,'2016-12-26 19:31:27',-1,NULL,NULL,NULL,NULL,NULL,NULL,NULL,NULL,NULL,NULL,NULL,NULL,NULL,NULL,NULL,NULL),(10132,'zh_CN','','',1,-1,-1,-1,'2016-12-26 19:31:27',-1,'2016-12-26 19:31:27',-1,NULL,NULL,NULL,NULL,NULL,NULL,NULL,NULL,NULL,NULL,NULL,NULL,NULL,NULL,NULL,NULL),(10133,'en_GB','Update Function Resource Items','Update Function Resource Items',1,-1,-1,-1,'2016-12-26 19:31:27',-1,'2016-12-26 19:31:27',-1,NULL,NULL,NULL,NULL,NULL,NULL,NULL,NULL,NULL,NULL,NULL,NULL,NULL,NULL,NULL,NULL),(10133,'zh_CN','','',1,-1,-1,-1,'2016-12-26 19:31:27',-1,'2016-12-26 19:31:27',-1,NULL,NULL,NULL,NULL,NULL,NULL,NULL,NULL,NULL,NULL,NULL,NULL,NULL,NULL,NULL,NULL),(10134,'en_GB','Code','Code',1,-1,-1,-1,'2016-12-26 19:31:27',-1,'2016-12-26 19:31:27',-1,NULL,NULL,NULL,NULL,NULL,NULL,NULL,NULL,NULL,NULL,NULL,NULL,NULL,NULL,NULL,NULL),(10134,'zh_CN','','',1,-1,-1,-1,'2016-12-26 19:31:27',-1,'2016-12-26 19:31:27',-1,NULL,NULL,NULL,NULL,NULL,NULL,NULL,NULL,NULL,NULL,NULL,NULL,NULL,NULL,NULL,NULL),(10135,'en_GB','Edit Code','Edit Code',1,-1,-1,-1,'2016-12-26 19:31:27',-1,'2016-12-26 19:31:27',-1,NULL,NULL,NULL,NULL,NULL,NULL,NULL,NULL,NULL,NULL,NULL,NULL,NULL,NULL,NULL,NULL),(10135,'zh_CN','','',1,-1,-1,-1,'2016-12-26 19:31:27',-1,'2016-12-26 19:31:27',-1,NULL,NULL,NULL,NULL,NULL,NULL,NULL,NULL,NULL,NULL,NULL,NULL,NULL,NULL,NULL,NULL),(10136,'en_GB','System Config','System Config',1,-1,-1,-1,'2016-12-26 19:31:27',-1,'2016-12-26 19:31:27',-1,NULL,NULL,NULL,NULL,NULL,NULL,NULL,NULL,NULL,NULL,NULL,NULL,NULL,NULL,NULL,NULL),(10136,'zh_CN','','',1,-1,-1,-1,'2016-12-26 19:31:27',-1,'2016-12-26 19:31:27',-1,NULL,NULL,NULL,NULL,NULL,NULL,NULL,NULL,NULL,NULL,NULL,NULL,NULL,NULL,NULL,NULL),(10137,'en_GB','LOV','LOV',1,-1,-1,-1,'2016-12-26 19:31:27',-1,'2016-12-26 19:31:27',-1,NULL,NULL,NULL,NULL,NULL,NULL,NULL,NULL,NULL,NULL,NULL,NULL,NULL,NULL,NULL,NULL),(10137,'zh_CN','LOV','LOV',1,-1,-1,-1,'2016-12-26 19:31:27',-1,'2016-12-26 19:31:27',-1,NULL,NULL,NULL,NULL,NULL,NULL,NULL,NULL,NULL,NULL,NULL,NULL,NULL,NULL,NULL,NULL),(10138,'en_GB','Edit Lov','Edit Lov',1,-1,-1,-1,'2016-12-26 19:31:27',-1,'2016-12-26 19:31:27',-1,NULL,NULL,NULL,NULL,NULL,NULL,NULL,NULL,NULL,NULL,NULL,NULL,NULL,NULL,NULL,NULL),(10138,'zh_CN',' LOV',' LOV',1,-1,-1,-1,'2016-12-26 19:31:27',-1,'2016-12-26 19:31:27',-1,NULL,NULL,NULL,NULL,NULL,NULL,NULL,NULL,NULL,NULL,NULL,NULL,NULL,NULL,NULL,NULL),(10139,'en_GB','Lov Preview','Lov Preview',1,-1,-1,-1,'2016-12-26 19:31:27',-1,'2016-12-26 19:31:27',-1,NULL,NULL,NULL,NULL,NULL,NULL,NULL,NULL,NULL,NULL,NULL,NULL,NULL,NULL,NULL,NULL),(10139,'zh_CN','LOV ','LOV ',1,-1,-1,-1,'2016-12-26 19:31:27',-1,'2016-12-26 19:31:27',-1,NULL,NULL,NULL,NULL,NULL,NULL,NULL,NULL,NULL,NULL,NULL,NULL,NULL,NULL,NULL,NULL),(10140,'en_GB','MultiLanguage Editor','MultiLangauge Editor',1,-1,-1,-1,'2016-12-26 19:31:27',-1,'2016-12-26 19:31:27',-1,NULL,NULL,NULL,NULL,NULL,NULL,NULL,NULL,NULL,NULL,NULL,NULL,NULL,NULL,NULL,NULL),(10140,'zh_CN','','',1,-1,-1,-1,'2016-12-26 19:31:27',-1,'2016-12-26 19:31:27',-1,NULL,NULL,NULL,NULL,NULL,NULL,NULL,NULL,NULL,NULL,NULL,NULL,NULL,NULL,NULL,NULL),(10141,'en_GB','Profile','Profile',1,-1,-1,-1,'2016-12-26 19:31:27',-1,'2016-12-26 19:31:27',-1,NULL,NULL,NULL,NULL,NULL,NULL,NULL,NULL,NULL,NULL,NULL,NULL,NULL,NULL,NULL,NULL),(10141,'zh_CN','','',1,-1,-1,-1,'2016-12-26 19:31:27',-1,'2016-12-26 19:31:27',-1,NULL,NULL,NULL,NULL,NULL,NULL,NULL,NULL,NULL,NULL,NULL,NULL,NULL,NULL,NULL,NULL),(10142,'en_GB','Edit Profile','Edit Profile',1,-1,-1,-1,'2016-12-26 19:31:27',-1,'2016-12-26 19:31:27',-1,NULL,NULL,NULL,NULL,NULL,NULL,NULL,NULL,NULL,NULL,NULL,NULL,NULL,NULL,NULL,NULL),(10142,'zh_CN','','',1,-1,-1,-1,'2016-12-26 19:31:27',-1,'2016-12-26 19:31:27',-1,NULL,NULL,NULL,NULL,NULL,NULL,NULL,NULL,NULL,NULL,NULL,NULL,NULL,NULL,NULL,NULL),(10143,'en_GB','Prompt','Prompt',1,-1,-1,-1,'2016-12-26 19:31:27',-1,'2016-12-26 19:31:27',-1,NULL,NULL,NULL,NULL,NULL,NULL,NULL,NULL,NULL,NULL,NULL,NULL,NULL,NULL,NULL,NULL),(10143,'zh_CN','','',1,-1,-1,-1,'2016-12-26 19:31:27',-1,'2016-12-26 19:31:27',-1,NULL,NULL,NULL,NULL,NULL,NULL,NULL,NULL,NULL,NULL,NULL,NULL,NULL,NULL,NULL,NULL),(10144,'en_GB','Role','Role',1,-1,-1,-1,'2016-12-26 19:31:27',-1,'2016-12-26 19:31:27',-1,NULL,NULL,NULL,NULL,NULL,NULL,NULL,NULL,NULL,NULL,NULL,NULL,NULL,NULL,NULL,NULL),(10144,'zh_CN','','',1,-1,-1,-1,'2016-12-26 19:31:27',-1,'2016-12-26 19:31:27',-1,NULL,NULL,NULL,NULL,NULL,NULL,NULL,NULL,NULL,NULL,NULL,NULL,NULL,NULL,NULL,NULL),(10145,'en_GB','Delete Role','Delete Role',1,-1,-1,-1,'2016-12-26 19:31:27',-1,'2016-12-26 19:31:27',-1,NULL,NULL,NULL,NULL,NULL,NULL,NULL,NULL,NULL,NULL,NULL,NULL,NULL,NULL,NULL,NULL),(10145,'zh_CN','','',1,-1,-1,-1,'2016-12-26 19:31:27',-1,'2016-12-26 19:31:27',-1,NULL,NULL,NULL,NULL,NULL,NULL,NULL,NULL,NULL,NULL,NULL,NULL,NULL,NULL,NULL,NULL),(10146,'en_GB','Query Role','Query Role',1,-1,-1,-1,'2016-12-26 19:31:27',-1,'2016-12-26 19:31:27',-1,NULL,NULL,NULL,NULL,NULL,NULL,NULL,NULL,NULL,NULL,NULL,NULL,NULL,NULL,NULL,NULL),(10146,'zh_CN','','',1,-1,-1,-1,'2016-12-26 19:31:27',-1,'2016-12-26 19:31:27',-1,NULL,NULL,NULL,NULL,NULL,NULL,NULL,NULL,NULL,NULL,NULL,NULL,NULL,NULL,NULL,NULL),(10147,'en_GB','Update Role','Update Role',1,-1,-1,-1,'2016-12-26 19:31:27',-1,'2016-12-26 19:31:27',-1,NULL,NULL,NULL,NULL,NULL,NULL,NULL,NULL,NULL,NULL,NULL,NULL,NULL,NULL,NULL,NULL),(10147,'zh_CN','','',1,-1,-1,-1,'2016-12-26 19:31:27',-1,'2016-12-26 19:31:27',-1,NULL,NULL,NULL,NULL,NULL,NULL,NULL,NULL,NULL,NULL,NULL,NULL,NULL,NULL,NULL,NULL),(10148,'en_GB','User','User',1,-1,-1,-1,'2016-12-26 19:31:27',-1,'2016-12-26 19:31:27',-1,NULL,NULL,NULL,NULL,NULL,NULL,NULL,NULL,NULL,NULL,NULL,NULL,NULL,NULL,NULL,NULL),(10148,'zh_CN','','',1,-1,-1,-1,'2016-12-26 19:31:27',-1,'2016-12-26 19:31:27',-1,NULL,NULL,NULL,NULL,NULL,NULL,NULL,NULL,NULL,NULL,NULL,NULL,NULL,NULL,NULL,NULL),(10149,'en_GB','Role Assign','Role Assign',1,-1,-1,-1,'2016-12-26 19:31:27',-1,'2016-12-26 19:31:27',-1,NULL,NULL,NULL,NULL,NULL,NULL,NULL,NULL,NULL,NULL,NULL,NULL,NULL,NULL,NULL,NULL),(10149,'zh_CN','','',1,-1,-1,-1,'2016-12-26 19:31:27',-1,'2016-12-26 19:31:27',-1,NULL,NULL,NULL,NULL,NULL,NULL,NULL,NULL,NULL,NULL,NULL,NULL,NULL,NULL,NULL,NULL),(10150,'en_GB','Select Role','Role Select',1,-1,-1,-1,'2016-12-26 19:31:27',-1,'2016-12-26 19:31:27',-1,NULL,NULL,NULL,NULL,NULL,NULL,NULL,NULL,NULL,NULL,NULL,NULL,NULL,NULL,NULL,NULL),(10150,'zh_CN','','',1,-1,-1,-1,'2016-12-26 19:31:27',-1,'2016-12-26 19:31:27',-1,NULL,NULL,NULL,NULL,NULL,NULL,NULL,NULL,NULL,NULL,NULL,NULL,NULL,NULL,NULL,NULL),(10151,'en_GB','Query User','Query User',1,-1,-1,-1,'2016-12-26 19:31:27',-1,'2016-12-26 19:31:27',-1,NULL,NULL,NULL,NULL,NULL,NULL,NULL,NULL,NULL,NULL,NULL,NULL,NULL,NULL,NULL,NULL),(10151,'zh_CN','','',1,-1,-1,-1,'2016-12-26 19:31:28',-1,'2016-12-26 19:31:28',-1,NULL,NULL,NULL,NULL,NULL,NULL,NULL,NULL,NULL,NULL,NULL,NULL,NULL,NULL,NULL,NULL),(10152,'en_GB','Delete User','Delete User',1,-1,-1,-1,'2016-12-26 19:31:28',-1,'2016-12-26 19:31:28',-1,NULL,NULL,NULL,NULL,NULL,NULL,NULL,NULL,NULL,NULL,NULL,NULL,NULL,NULL,NULL,NULL),(10152,'zh_CN','','',1,-1,-1,-1,'2016-12-26 19:31:28',-1,'2016-12-26 19:31:28',-1,NULL,NULL,NULL,NULL,NULL,NULL,NULL,NULL,NULL,NULL,NULL,NULL,NULL,NULL,NULL,NULL),(10153,'en_GB','Update User','Update User',1,-1,-1,-1,'2016-12-26 19:31:28',-1,'2016-12-26 19:31:28',-1,NULL,NULL,NULL,NULL,NULL,NULL,NULL,NULL,NULL,NULL,NULL,NULL,NULL,NULL,NULL,NULL),(10153,'zh_CN','','',1,-1,-1,-1,'2016-12-26 19:31:28',-1,'2016-12-26 19:31:28',-1,NULL,NULL,NULL,NULL,NULL,NULL,NULL,NULL,NULL,NULL,NULL,NULL,NULL,NULL,NULL,NULL),(10154,'en_GB','Query User Role','Query User Role',1,-1,-1,-1,'2016-12-26 19:31:28',-1,'2016-12-26 19:31:28',-1,NULL,NULL,NULL,NULL,NULL,NULL,NULL,NULL,NULL,NULL,NULL,NULL,NULL,NULL,NULL,NULL),(10154,'zh_CN','','',1,-1,-1,-1,'2016-12-26 19:31:28',-1,'2016-12-26 19:31:28',-1,NULL,NULL,NULL,NULL,NULL,NULL,NULL,NULL,NULL,NULL,NULL,NULL,NULL,NULL,NULL,NULL),(10155,'en_GB','Update User Role','Update User Role',1,-1,-1,-1,'2016-12-26 19:31:28',-1,'2016-12-26 19:31:28',-1,NULL,NULL,NULL,NULL,NULL,NULL,NULL,NULL,NULL,NULL,NULL,NULL,NULL,NULL,NULL,NULL),(10155,'zh_CN','','',1,-1,-1,-1,'2016-12-26 19:31:28',-1,'2016-12-26 19:31:28',-1,NULL,NULL,NULL,NULL,NULL,NULL,NULL,NULL,NULL,NULL,NULL,NULL,NULL,NULL,NULL,NULL),(10156,'en_GB','Single User Info','Single User Info',1,-1,-1,-1,'2016-12-26 19:31:28',-1,'2016-12-26 19:31:28',-1,NULL,NULL,NULL,NULL,NULL,NULL,NULL,NULL,NULL,NULL,NULL,NULL,NULL,NULL,NULL,NULL),(10156,'zh_CN','','',1,-1,-1,-1,'2016-12-26 19:31:28',-1,'2016-12-26 19:31:28',-1,NULL,NULL,NULL,NULL,NULL,NULL,NULL,NULL,NULL,NULL,NULL,NULL,NULL,NULL,NULL,NULL),(10157,'en_GB','User email Check','User Email Check',1,-1,-1,-1,'2016-12-26 19:31:28',-1,'2016-12-26 19:31:28',-1,NULL,NULL,NULL,NULL,NULL,NULL,NULL,NULL,NULL,NULL,NULL,NULL,NULL,NULL,NULL,NULL),(10157,'zh_CN','','',1,-1,-1,-1,'2016-12-26 19:31:28',-1,'2016-12-26 19:31:28',-1,NULL,NULL,NULL,NULL,NULL,NULL,NULL,NULL,NULL,NULL,NULL,NULL,NULL,NULL,NULL,NULL),(10158,'en_GB','User Phone Check','User Phone Check',1,-1,-1,-1,'2016-12-26 19:31:28',-1,'2016-12-26 19:31:28',-1,NULL,NULL,NULL,NULL,NULL,NULL,NULL,NULL,NULL,NULL,NULL,NULL,NULL,NULL,NULL,NULL),(10158,'zh_CN','','',1,-1,-1,-1,'2016-12-26 19:31:28',-1,'2016-12-26 19:31:28',-1,NULL,NULL,NULL,NULL,NULL,NULL,NULL,NULL,NULL,NULL,NULL,NULL,NULL,NULL,NULL,NULL),(10159,'en_GB','User Exists check','User Exists check',1,-1,-1,-1,'2016-12-26 19:31:28',-1,'2016-12-26 19:31:28',-1,NULL,NULL,NULL,NULL,NULL,NULL,NULL,NULL,NULL,NULL,NULL,NULL,NULL,NULL,NULL,NULL),(10159,'zh_CN','','',1,-1,-1,-1,'2016-12-26 19:31:28',-1,'2016-12-26 19:31:28',-1,NULL,NULL,NULL,NULL,NULL,NULL,NULL,NULL,NULL,NULL,NULL,NULL,NULL,NULL,NULL,NULL),(10160,'en_GB','Query User Info','Query User Info',1,-1,-1,-1,'2016-12-26 19:31:28',-1,'2016-12-26 19:31:28',-1,NULL,NULL,NULL,NULL,NULL,NULL,NULL,NULL,NULL,NULL,NULL,NULL,NULL,NULL,NULL,NULL),(10160,'zh_CN','','',1,-1,-1,-1,'2016-12-26 19:31:28',-1,'2016-12-26 19:31:28',-1,NULL,NULL,NULL,NULL,NULL,NULL,NULL,NULL,NULL,NULL,NULL,NULL,NULL,NULL,NULL,NULL),(10161,'en_GB','Login Success','Login Success',1,-1,-1,-1,'2016-12-26 19:31:28',-1,'2016-12-26 19:31:28',-1,NULL,NULL,NULL,NULL,NULL,NULL,NULL,NULL,NULL,NULL,NULL,NULL,NULL,NULL,NULL,NULL),(10161,'zh_CN','','',1,-1,-1,-1,'2016-12-26 19:31:28',-1,'2016-12-26 19:31:28',-1,NULL,NULL,NULL,NULL,NULL,NULL,NULL,NULL,NULL,NULL,NULL,NULL,NULL,NULL,NULL,NULL),(10162,'en_GB','Update Password','Update Password',1,-1,-1,-1,'2016-12-26 19:31:28',-1,'2016-12-26 19:31:28',-1,NULL,NULL,NULL,NULL,NULL,NULL,NULL,NULL,NULL,NULL,NULL,NULL,NULL,NULL,NULL,NULL),(10162,'zh_CN','','',1,-1,-1,-1,'2016-12-26 19:31:28',-1,'2016-12-26 19:31:28',-1,NULL,NULL,NULL,NULL,NULL,NULL,NULL,NULL,NULL,NULL,NULL,NULL,NULL,NULL,NULL,NULL),(10163,'en_GB','User Info','User Info',1,-1,-1,-1,'2016-12-26 19:31:28',-1,'2016-12-26 19:31:28',-1,NULL,NULL,NULL,NULL,NULL,NULL,NULL,NULL,NULL,NULL,NULL,NULL,NULL,NULL,NULL,NULL),(10163,'zh_CN','','',1,-1,-1,-1,'2016-12-26 19:31:28',-1,'2016-12-26 19:31:28',-1,NULL,NULL,NULL,NULL,NULL,NULL,NULL,NULL,NULL,NULL,NULL,NULL,NULL,NULL,NULL,NULL),(10164,'en_GB','Update Password','Update Password',1,-1,-1,-1,'2016-12-26 19:31:28',-1,'2016-12-26 19:31:28',-1,NULL,NULL,NULL,NULL,NULL,NULL,NULL,NULL,NULL,NULL,NULL,NULL,NULL,NULL,NULL,NULL),(10164,'zh_CN','','',1,-1,-1,-1,'2016-12-26 19:31:28',-1,'2016-12-26 19:31:28',-1,NULL,NULL,NULL,NULL,NULL,NULL,NULL,NULL,NULL,NULL,NULL,NULL,NULL,NULL,NULL,NULL),(10165,'en_GB','Update User Info','Update User Info',1,-1,-1,-1,'2016-12-26 19:31:28',-1,'2016-12-26 19:31:28',-1,NULL,NULL,NULL,NULL,NULL,NULL,NULL,NULL,NULL,NULL,NULL,NULL,NULL,NULL,NULL,NULL),(10165,'zh_CN','','',1,-1,-1,-1,'2016-12-26 19:31:28',-1,'2016-12-26 19:31:28',-1,NULL,NULL,NULL,NULL,NULL,NULL,NULL,NULL,NULL,NULL,NULL,NULL,NULL,NULL,NULL,NULL),(10166,'en_GB','Icon Select','Icon Select',1,-1,-1,-1,'2016-12-26 19:31:28',-1,'2016-12-26 19:31:28',-1,NULL,NULL,NULL,NULL,NULL,NULL,NULL,NULL,NULL,NULL,NULL,NULL,NULL,NULL,NULL,NULL),(10166,'zh_CN','','',1,-1,-1,-1,'2016-12-26 19:31:28',-1,'2016-12-26 19:31:28',-1,NULL,NULL,NULL,NULL,NULL,NULL,NULL,NULL,NULL,NULL,NULL,NULL,NULL,NULL,NULL,NULL),(10167,'en_GB','Timeout','Timeout',1,-1,-1,-1,'2016-12-26 19:31:28',-1,'2016-12-26 19:31:28',-1,NULL,NULL,NULL,NULL,NULL,NULL,NULL,NULL,NULL,NULL,NULL,NULL,NULL,NULL,NULL,NULL),(10167,'zh_CN','','',1,-1,-1,-1,'2016-12-26 19:31:28',-1,'2016-12-26 19:31:28',-1,NULL,NULL,NULL,NULL,NULL,NULL,NULL,NULL,NULL,NULL,NULL,NULL,NULL,NULL,NULL,NULL),(10168,'en_GB','Captcha Service','Captcha Service',1,-1,-1,-1,'2016-12-26 19:31:28',-1,'2016-12-26 19:31:28',-1,NULL,NULL,NULL,NULL,NULL,NULL,NULL,NULL,NULL,NULL,NULL,NULL,NULL,NULL,NULL,NULL),(10168,'zh_CN','','',1,-1,-1,-1,'2016-12-26 19:31:28',-1,'2016-12-26 19:31:28',-1,NULL,NULL,NULL,NULL,NULL,NULL,NULL,NULL,NULL,NULL,NULL,NULL,NULL,NULL,NULL,NULL),(10169,'en_GB','company','company',1,-1,-1,-1,'2016-12-26 19:31:28',-1,'2016-12-26 19:31:28',-1,NULL,NULL,NULL,NULL,NULL,NULL,NULL,NULL,NULL,NULL,NULL,NULL,NULL,NULL,NULL,NULL),(10169,'zh_CN','','',1,-1,-1,-1,'2016-12-26 19:31:28',-1,'2016-12-26 19:31:28',-1,NULL,NULL,NULL,NULL,NULL,NULL,NULL,NULL,NULL,NULL,NULL,NULL,NULL,NULL,NULL,NULL),(10170,'en_GB','company info update','company info update',1,-1,-1,-1,'2016-12-26 19:31:28',-1,'2016-12-26 19:31:28',-1,NULL,NULL,NULL,NULL,NULL,NULL,NULL,NULL,NULL,NULL,NULL,NULL,NULL,NULL,NULL,NULL),(10170,'zh_CN','','',1,-1,-1,-1,'2016-12-26 19:31:28',-1,'2016-12-26 19:31:28',-1,NULL,NULL,NULL,NULL,NULL,NULL,NULL,NULL,NULL,NULL,NULL,NULL,NULL,NULL,NULL,NULL),(10171,'en_GB','company info query','company info query',1,-1,-1,-1,'2016-12-26 19:31:28',-1,'2016-12-26 19:31:28',-1,NULL,NULL,NULL,NULL,NULL,NULL,NULL,NULL,NULL,NULL,NULL,NULL,NULL,NULL,NULL,NULL),(10171,'zh_CN','','',1,-1,-1,-1,'2016-12-26 19:31:28',-1,'2016-12-26 19:31:28',-1,NULL,NULL,NULL,NULL,NULL,NULL,NULL,NULL,NULL,NULL,NULL,NULL,NULL,NULL,NULL,NULL),(10172,'en_GB','company info delete','company info delete',1,-1,-1,-1,'2016-12-26 19:31:28',-1,'2016-12-26 19:31:28',-1,NULL,NULL,NULL,NULL,NULL,NULL,NULL,NULL,NULL,NULL,NULL,NULL,NULL,NULL,NULL,NULL),(10172,'zh_CN','','',1,-1,-1,-1,'2016-12-26 19:31:28',-1,'2016-12-26 19:31:28',-1,NULL,NULL,NULL,NULL,NULL,NULL,NULL,NULL,NULL,NULL,NULL,NULL,NULL,NULL,NULL,NULL),(10173,'en_GB','company edit page','company edit page',1,-1,-1,-1,'2016-12-26 19:31:28',-1,'2016-12-26 19:31:28',-1,NULL,NULL,NULL,NULL,NULL,NULL,NULL,NULL,NULL,NULL,NULL,NULL,NULL,NULL,NULL,NULL),(10173,'zh_CN','','',1,-1,-1,-1,'2016-12-26 19:31:28',-1,'2016-12-26 19:31:28',-1,NULL,NULL,NULL,NULL,NULL,NULL,NULL,NULL,NULL,NULL,NULL,NULL,NULL,NULL,NULL,NULL),(10174,'en_GB','Dashboard Config Page','Dashboard Config Page',1,-1,-1,-1,'2016-12-26 19:31:28',-1,'2016-12-26 19:31:28',-1,NULL,NULL,NULL,NULL,NULL,NULL,NULL,NULL,NULL,NULL,NULL,NULL,NULL,NULL,NULL,NULL),(10174,'zh_CN','','',1,-1,-1,-1,'2016-12-26 19:31:28',-1,'2016-12-26 19:31:28',-1,NULL,NULL,NULL,NULL,NULL,NULL,NULL,NULL,NULL,NULL,NULL,NULL,NULL,NULL,NULL,NULL),(10175,'en_GB','Query dashboard info','Query dashboard info',1,-1,-1,-1,'2016-12-26 19:31:28',-1,'2016-12-26 19:31:28',-1,NULL,NULL,NULL,NULL,NULL,NULL,NULL,NULL,NULL,NULL,NULL,NULL,NULL,NULL,NULL,NULL),(10175,'zh_CN','','',1,-1,-1,-1,'2016-12-26 19:31:28',-1,'2016-12-26 19:31:28',-1,NULL,NULL,NULL,NULL,NULL,NULL,NULL,NULL,NULL,NULL,NULL,NULL,NULL,NULL,NULL,NULL),(10176,'en_GB','Update dashboard info','Update dashboard info',1,-1,-1,-1,'2016-12-26 19:31:28',-1,'2016-12-26 19:31:28',-1,NULL,NULL,NULL,NULL,NULL,NULL,NULL,NULL,NULL,NULL,NULL,NULL,NULL,NULL,NULL,NULL),(10176,'zh_CN','','',1,-1,-1,-1,'2016-12-26 19:31:28',-1,'2016-12-26 19:31:28',-1,NULL,NULL,NULL,NULL,NULL,NULL,NULL,NULL,NULL,NULL,NULL,NULL,NULL,NULL,NULL,NULL),(10177,'en_GB','Delete dashboard info','Delete dashboard info',1,-1,-1,-1,'2016-12-26 19:31:28',-1,'2016-12-26 19:31:28',-1,NULL,NULL,NULL,NULL,NULL,NULL,NULL,NULL,NULL,NULL,NULL,NULL,NULL,NULL,NULL,NULL),(10177,'zh_CN','','',1,-1,-1,-1,'2016-12-26 19:31:28',-1,'2016-12-26 19:31:28',-1,NULL,NULL,NULL,NULL,NULL,NULL,NULL,NULL,NULL,NULL,NULL,NULL,NULL,NULL,NULL,NULL),(10178,'en_GB','User Task','User Task',1,-1,-1,-1,'2016-12-26 19:31:28',-1,'2016-12-26 19:31:28',-1,NULL,NULL,NULL,NULL,NULL,NULL,NULL,NULL,NULL,NULL,NULL,NULL,NULL,NULL,NULL,NULL),(10178,'zh_CN','','',1,-1,-1,-1,'2016-12-26 19:31:28',-1,'2016-12-26 19:31:28',-1,NULL,NULL,NULL,NULL,NULL,NULL,NULL,NULL,NULL,NULL,NULL,NULL,NULL,NULL,NULL,NULL),(10179,'en_GB','system JVM metrics','system JVM metrics',1,-1,-1,-1,'2016-12-26 19:31:28',-1,'2016-12-26 19:31:28',-1,NULL,NULL,NULL,NULL,NULL,NULL,NULL,NULL,NULL,NULL,NULL,NULL,NULL,NULL,NULL,NULL),(10179,'zh_CN','JVM','JVM',1,-1,-1,-1,'2016-12-26 19:31:28',-1,'2016-12-26 19:31:28',-1,NULL,NULL,NULL,NULL,NULL,NULL,NULL,NULL,NULL,NULL,NULL,NULL,NULL,NULL,NULL,NULL),(10180,'en_GB','mail status search','mail status search',1,-1,-1,-1,'2016-12-26 19:31:28',-1,'2016-12-26 19:31:28',-1,NULL,NULL,NULL,NULL,NULL,NULL,NULL,NULL,NULL,NULL,NULL,NULL,NULL,NULL,NULL,NULL),(10180,'zh_CN','','',1,-1,-1,-1,'2016-12-26 19:31:28',-1,'2016-12-26 19:31:28',-1,NULL,NULL,NULL,NULL,NULL,NULL,NULL,NULL,NULL,NULL,NULL,NULL,NULL,NULL,NULL,NULL),(10181,'en_GB','Interface invoke records','Interface invoke records',1,-1,-1,-1,'2016-12-26 19:31:28',-1,'2016-12-26 19:31:28',-1,NULL,NULL,NULL,NULL,NULL,NULL,NULL,NULL,NULL,NULL,NULL,NULL,NULL,NULL,NULL,NULL),(10181,'zh_CN','','',1,-1,-1,-1,'2016-12-26 19:31:28',-1,'2016-12-26 19:31:28',-1,NULL,NULL,NULL,NULL,NULL,NULL,NULL,NULL,NULL,NULL,NULL,NULL,NULL,NULL,NULL,NULL),(10182,'en_GB','The interface definition interface','The interface definition interface',1,-1,-1,-1,'2016-12-26 19:31:28',-1,'2016-12-26 19:31:28',-1,NULL,NULL,NULL,NULL,NULL,NULL,NULL,NULL,NULL,NULL,NULL,NULL,NULL,NULL,NULL,NULL),(10182,'zh_CN','','',1,-1,-1,-1,'2016-12-26 19:31:28',-1,'2016-12-26 19:31:28',-1,NULL,NULL,NULL,NULL,NULL,NULL,NULL,NULL,NULL,NULL,NULL,NULL,NULL,NULL,NULL,NULL),(10183,'en_GB','Interface system information','Interface system information',1,-1,-1,-1,'2016-12-26 19:31:28',-1,'2016-12-26 19:31:28',-1,NULL,NULL,NULL,NULL,NULL,NULL,NULL,NULL,NULL,NULL,NULL,NULL,NULL,NULL,NULL,NULL),(10183,'zh_CN','','',1,-1,-1,-1,'2016-12-26 19:31:28',-1,'2016-12-26 19:31:28',-1,NULL,NULL,NULL,NULL,NULL,NULL,NULL,NULL,NULL,NULL,NULL,NULL,NULL,NULL,NULL,NULL),(10184,'en_GB','Interface to modify the page','Interface to modify the page',1,-1,-1,-1,'2016-12-26 19:31:28',-1,'2016-12-26 19:31:28',-1,NULL,NULL,NULL,NULL,NULL,NULL,NULL,NULL,NULL,NULL,NULL,NULL,NULL,NULL,NULL,NULL),(10184,'zh_CN','','',1,-1,-1,-1,'2016-12-26 19:31:28',-1,'2016-12-26 19:31:28',-1,NULL,NULL,NULL,NULL,NULL,NULL,NULL,NULL,NULL,NULL,NULL,NULL,NULL,NULL,NULL,NULL),(10185,'en_GB','System index page for details','System index page for details',1,-1,-1,-1,'2016-12-26 19:31:28',-1,'2016-12-26 19:31:28',-1,NULL,NULL,NULL,NULL,NULL,NULL,NULL,NULL,NULL,NULL,NULL,NULL,NULL,NULL,NULL,NULL),(10185,'zh_CN','','',1,-1,-1,-1,'2016-12-26 19:31:28',-1,'2016-12-26 19:31:28',-1,NULL,NULL,NULL,NULL,NULL,NULL,NULL,NULL,NULL,NULL,NULL,NULL,NULL,NULL,NULL,NULL),(10186,'en_GB','Email Status','Email Status',1,-1,-1,-1,'2016-12-26 19:31:28',-1,'2016-12-26 19:31:28',-1,NULL,NULL,NULL,NULL,NULL,NULL,NULL,NULL,NULL,NULL,NULL,NULL,NULL,NULL,NULL,NULL),(10186,'zh_CN','','',1,-1,-1,-1,'2016-12-26 19:31:28',-1,'2016-12-26 19:31:28',-1,NULL,NULL,NULL,NULL,NULL,NULL,NULL,NULL,NULL,NULL,NULL,NULL,NULL,NULL,NULL,NULL),(10187,'en_GB','Email Error','Email Error',1,-1,-1,-1,'2016-12-26 19:31:28',-1,'2016-12-26 19:31:28',-1,NULL,NULL,NULL,NULL,NULL,NULL,NULL,NULL,NULL,NULL,NULL,NULL,NULL,NULL,NULL,NULL),(10187,'zh_CN','','',1,-1,-1,-1,'2016-12-26 19:31:28',-1,'2016-12-26 19:31:28',-1,NULL,NULL,NULL,NULL,NULL,NULL,NULL,NULL,NULL,NULL,NULL,NULL,NULL,NULL,NULL,NULL),(10188,'en_GB','aaa','sfdfs',1,-1,-1,10001,'2016-12-27 17:23:54',10001,'2016-12-27 17:24:16',-1,NULL,NULL,NULL,NULL,NULL,NULL,NULL,NULL,NULL,NULL,NULL,NULL,NULL,NULL,NULL,NULL),(10188,'zh_CN','aaa','dfsfds',1,-1,-1,10001,'2016-12-27 17:23:54',10001,'2016-12-27 18:06:35',-1,NULL,NULL,NULL,NULL,NULL,NULL,NULL,NULL,NULL,NULL,NULL,NULL,NULL,NULL,NULL,NULL),(10189,'en_GB','',NULL,1,-1,-1,10001,'2017-01-10 11:18:30',10001,'2017-01-10 11:18:30',-1,NULL,NULL,NULL,NULL,NULL,NULL,NULL,NULL,NULL,NULL,NULL,NULL,NULL,NULL,NULL,NULL),(10189,'zh_CN','',NULL,1,-1,-1,10001,'2017-01-10 11:18:30',10001,'2017-01-10 11:18:30',-1,NULL,NULL,NULL,NULL,NULL,NULL,NULL,NULL,NULL,NULL,NULL,NULL,NULL,NULL,NULL,NULL);

/*Table structure for table `sys_role_b` */

DROP TABLE IF EXISTS `sys_role_b`;

CREATE TABLE `sys_role_b` (
  `ROLE_ID` bigint(20) NOT NULL AUTO_INCREMENT,
  `ROLE_CODE` varchar(40) NOT NULL COMMENT '',
  `ROLE_NAME` varchar(150) NOT NULL COMMENT '',
  `ROLE_DESCRIPTION` varchar(240) DEFAULT NULL COMMENT '',
  `START_ACTIVE_DATE` date DEFAULT NULL COMMENT '',
  `END_ACTIVE_DATE` date DEFAULT NULL COMMENT '',
  `ENABLE_FLAG` varchar(1) DEFAULT 'Y' COMMENT '',
  `OBJECT_VERSION_NUMBER` bigint(20) DEFAULT '1',
  `REQUEST_ID` bigint(20) DEFAULT '-1',
  `PROGRAM_ID` bigint(20) DEFAULT '-1',
  `CREATED_BY` bigint(20) DEFAULT '-1',
  `CREATION_DATE` datetime DEFAULT CURRENT_TIMESTAMP,
  `LAST_UPDATED_BY` bigint(20) DEFAULT '-1',
  `LAST_UPDATE_DATE` datetime DEFAULT CURRENT_TIMESTAMP,
  `LAST_UPDATE_LOGIN` bigint(20) DEFAULT '-1',
  `ATTRIBUTE_CATEGORY` varchar(30) DEFAULT NULL,
  `ATTRIBUTE1` varchar(240) DEFAULT NULL,
  `ATTRIBUTE2` varchar(240) DEFAULT NULL,
  `ATTRIBUTE3` varchar(240) DEFAULT NULL,
  `ATTRIBUTE4` varchar(240) DEFAULT NULL,
  `ATTRIBUTE5` varchar(240) DEFAULT NULL,
  `ATTRIBUTE6` varchar(240) DEFAULT NULL,
  `ATTRIBUTE7` varchar(240) DEFAULT NULL,
  `ATTRIBUTE8` varchar(240) DEFAULT NULL,
  `ATTRIBUTE9` varchar(240) DEFAULT NULL,
  `ATTRIBUTE10` varchar(240) DEFAULT NULL,
  `ATTRIBUTE11` varchar(240) DEFAULT NULL,
  `ATTRIBUTE12` varchar(240) DEFAULT NULL,
  `ATTRIBUTE13` varchar(240) DEFAULT NULL,
  `ATTRIBUTE14` varchar(240) DEFAULT NULL,
  `ATTRIBUTE15` varchar(240) DEFAULT NULL,
  PRIMARY KEY (`ROLE_ID`),
  UNIQUE KEY `SYS_ROLE_B_U1` (`ROLE_CODE`)
) ENGINE=InnoDB AUTO_INCREMENT=10005 DEFAULT CHARSET=utf8;

/*Data for the table `sys_role_b` */

insert  into `sys_role_b`(`ROLE_ID`,`ROLE_CODE`,`ROLE_NAME`,`ROLE_DESCRIPTION`,`START_ACTIVE_DATE`,`END_ACTIVE_DATE`,`ENABLE_FLAG`,`OBJECT_VERSION_NUMBER`,`REQUEST_ID`,`PROGRAM_ID`,`CREATED_BY`,`CREATION_DATE`,`LAST_UPDATED_BY`,`LAST_UPDATE_DATE`,`LAST_UPDATE_LOGIN`,`ATTRIBUTE_CATEGORY`,`ATTRIBUTE1`,`ATTRIBUTE2`,`ATTRIBUTE3`,`ATTRIBUTE4`,`ATTRIBUTE5`,`ATTRIBUTE6`,`ATTRIBUTE7`,`ATTRIBUTE8`,`ATTRIBUTE9`,`ATTRIBUTE10`,`ATTRIBUTE11`,`ATTRIBUTE12`,`ATTRIBUTE13`,`ATTRIBUTE14`,`ATTRIBUTE15`) values (10001,'ADMIN','','','2016-06-15',NULL,'Y',1,-1,-1,-1,'2016-12-26 19:31:25',-1,'2016-12-26 19:31:25',-1,NULL,NULL,NULL,NULL,NULL,NULL,NULL,NULL,NULL,NULL,NULL,NULL,NULL,NULL,NULL,NULL),(10002,'EMPLOYEE','','',NULL,'2020-12-31','Y',1,-1,-1,-1,'2016-12-26 19:31:25',-1,'2016-12-26 19:31:25',-1,NULL,NULL,NULL,NULL,NULL,NULL,NULL,NULL,NULL,NULL,NULL,NULL,NULL,NULL,NULL,NULL),(10003,'salemanager','','','2017-01-09',NULL,'Y',1,-1,-1,10001,'2017-01-09 12:21:17',10001,'2017-01-09 12:21:17',10001,NULL,NULL,NULL,NULL,NULL,NULL,NULL,NULL,NULL,NULL,NULL,NULL,NULL,NULL,NULL,NULL),(10004,'saler','','','2017-01-09',NULL,'Y',1,-1,-1,10001,'2017-01-09 12:21:17',10001,'2017-01-09 12:21:17',10001,NULL,NULL,NULL,NULL,NULL,NULL,NULL,NULL,NULL,NULL,NULL,NULL,NULL,NULL,NULL,NULL);

/*Table structure for table `sys_role_function` */

DROP TABLE IF EXISTS `sys_role_function`;

CREATE TABLE `sys_role_function` (
  `SRF_ID` bigint(20) NOT NULL AUTO_INCREMENT,
  `ROLE_ID` bigint(20) DEFAULT NULL COMMENT 'ID',
  `FUNCTION_ID` bigint(20) DEFAULT NULL COMMENT 'ID',
  `OBJECT_VERSION_NUMBER` bigint(20) DEFAULT '1',
  `REQUEST_ID` bigint(20) DEFAULT '-1',
  `PROGRAM_ID` bigint(20) DEFAULT '-1',
  `CREATED_BY` bigint(20) DEFAULT '-1',
  `CREATION_DATE` datetime DEFAULT CURRENT_TIMESTAMP,
  `LAST_UPDATED_BY` bigint(20) DEFAULT '-1',
  `LAST_UPDATE_DATE` datetime DEFAULT CURRENT_TIMESTAMP,
  `LAST_UPDATE_LOGIN` bigint(20) DEFAULT '-1',
  `ATTRIBUTE_CATEGORY` varchar(30) DEFAULT NULL,
  `ATTRIBUTE1` varchar(240) DEFAULT NULL,
  `ATTRIBUTE2` varchar(240) DEFAULT NULL,
  `ATTRIBUTE3` varchar(240) DEFAULT NULL,
  `ATTRIBUTE4` varchar(240) DEFAULT NULL,
  `ATTRIBUTE5` varchar(240) DEFAULT NULL,
  `ATTRIBUTE6` varchar(240) DEFAULT NULL,
  `ATTRIBUTE7` varchar(240) DEFAULT NULL,
  `ATTRIBUTE8` varchar(240) DEFAULT NULL,
  `ATTRIBUTE9` varchar(240) DEFAULT NULL,
  `ATTRIBUTE10` varchar(240) DEFAULT NULL,
  `ATTRIBUTE11` varchar(240) DEFAULT NULL,
  `ATTRIBUTE12` varchar(240) DEFAULT NULL,
  `ATTRIBUTE13` varchar(240) DEFAULT NULL,
  `ATTRIBUTE14` varchar(240) DEFAULT NULL,
  `ATTRIBUTE15` varchar(240) DEFAULT NULL,
  PRIMARY KEY (`SRF_ID`),
  UNIQUE KEY `SYS_ROLE_FUNCTION_U1` (`ROLE_ID`,`FUNCTION_ID`)
) ENGINE=InnoDB AUTO_INCREMENT=10371 DEFAULT CHARSET=utf8;

/*Data for the table `sys_role_function` */

insert  into `sys_role_function`(`SRF_ID`,`ROLE_ID`,`FUNCTION_ID`,`OBJECT_VERSION_NUMBER`,`REQUEST_ID`,`PROGRAM_ID`,`CREATED_BY`,`CREATION_DATE`,`LAST_UPDATED_BY`,`LAST_UPDATE_DATE`,`LAST_UPDATE_LOGIN`,`ATTRIBUTE_CATEGORY`,`ATTRIBUTE1`,`ATTRIBUTE2`,`ATTRIBUTE3`,`ATTRIBUTE4`,`ATTRIBUTE5`,`ATTRIBUTE6`,`ATTRIBUTE7`,`ATTRIBUTE8`,`ATTRIBUTE9`,`ATTRIBUTE10`,`ATTRIBUTE11`,`ATTRIBUTE12`,`ATTRIBUTE13`,`ATTRIBUTE14`,`ATTRIBUTE15`) values (10038,10002,10003,1,-1,-1,-1,'2016-12-26 19:31:30',-1,'2016-12-26 19:31:30',-1,NULL,NULL,NULL,NULL,NULL,NULL,NULL,NULL,NULL,NULL,NULL,NULL,NULL,NULL,NULL,NULL),(10039,10002,10022,1,-1,-1,-1,'2016-12-26 19:31:30',-1,'2016-12-26 19:31:30',-1,NULL,NULL,NULL,NULL,NULL,NULL,NULL,NULL,NULL,NULL,NULL,NULL,NULL,NULL,NULL,NULL),(10040,10002,10023,1,-1,-1,-1,'2016-12-26 19:31:30',-1,'2016-12-26 19:31:30',-1,NULL,NULL,NULL,NULL,NULL,NULL,NULL,NULL,NULL,NULL,NULL,NULL,NULL,NULL,NULL,NULL),(10041,10002,10024,1,-1,-1,-1,'2016-12-26 19:31:30',-1,'2016-12-26 19:31:30',-1,NULL,NULL,NULL,NULL,NULL,NULL,NULL,NULL,NULL,NULL,NULL,NULL,NULL,NULL,NULL,NULL),(10042,10002,10025,1,-1,-1,-1,'2016-12-26 19:31:30',-1,'2016-12-26 19:31:30',-1,NULL,NULL,NULL,NULL,NULL,NULL,NULL,NULL,NULL,NULL,NULL,NULL,NULL,NULL,NULL,NULL),(10043,10002,10015,1,-1,-1,-1,'2016-12-26 19:31:30',-1,'2016-12-26 19:31:30',-1,NULL,NULL,NULL,NULL,NULL,NULL,NULL,NULL,NULL,NULL,NULL,NULL,NULL,NULL,NULL,NULL),(10044,10002,10016,1,-1,-1,-1,'2016-12-26 19:31:30',-1,'2016-12-26 19:31:30',-1,NULL,NULL,NULL,NULL,NULL,NULL,NULL,NULL,NULL,NULL,NULL,NULL,NULL,NULL,NULL,NULL),(10045,10002,10017,1,-1,-1,-1,'2016-12-26 19:31:30',-1,'2016-12-26 19:31:30',-1,NULL,NULL,NULL,NULL,NULL,NULL,NULL,NULL,NULL,NULL,NULL,NULL,NULL,NULL,NULL,NULL),(10046,10002,10004,1,-1,-1,-1,'2016-12-26 19:31:30',-1,'2016-12-26 19:31:30',-1,NULL,NULL,NULL,NULL,NULL,NULL,NULL,NULL,NULL,NULL,NULL,NULL,NULL,NULL,NULL,NULL),(10047,10002,10006,1,-1,-1,-1,'2016-12-26 19:31:30',-1,'2016-12-26 19:31:30',-1,NULL,NULL,NULL,NULL,NULL,NULL,NULL,NULL,NULL,NULL,NULL,NULL,NULL,NULL,NULL,NULL),(10048,10002,10002,1,-1,-1,-1,'2016-12-26 19:31:30',-1,'2016-12-26 19:31:30',-1,NULL,NULL,NULL,NULL,NULL,NULL,NULL,NULL,NULL,NULL,NULL,NULL,NULL,NULL,NULL,NULL),(10049,10002,10027,1,-1,-1,-1,'2016-12-26 19:31:30',-1,'2016-12-26 19:31:30',-1,NULL,NULL,NULL,NULL,NULL,NULL,NULL,NULL,NULL,NULL,NULL,NULL,NULL,NULL,NULL,NULL),(10050,10002,10029,1,-1,-1,-1,'2016-12-26 19:31:30',-1,'2016-12-26 19:31:30',-1,NULL,NULL,NULL,NULL,NULL,NULL,NULL,NULL,NULL,NULL,NULL,NULL,NULL,NULL,NULL,NULL),(10051,10002,10031,1,-1,-1,-1,'2016-12-26 19:31:30',-1,'2016-12-26 19:31:30',-1,NULL,NULL,NULL,NULL,NULL,NULL,NULL,NULL,NULL,NULL,NULL,NULL,NULL,NULL,NULL,NULL),(10325,10001,10048,1,-1,-1,10001,'2017-01-13 09:53:29',10001,'2017-01-13 09:53:29',10001,NULL,NULL,NULL,NULL,NULL,NULL,NULL,NULL,NULL,NULL,NULL,NULL,NULL,NULL,NULL,NULL),(10326,10001,10045,1,-1,-1,10001,'2017-01-13 09:53:29',10001,'2017-01-13 09:53:29',10001,NULL,NULL,NULL,NULL,NULL,NULL,NULL,NULL,NULL,NULL,NULL,NULL,NULL,NULL,NULL,NULL),(10327,10001,10033,1,-1,-1,10001,'2017-01-13 09:53:29',10001,'2017-01-13 09:53:29',10001,NULL,NULL,NULL,NULL,NULL,NULL,NULL,NULL,NULL,NULL,NULL,NULL,NULL,NULL,NULL,NULL),(10328,10001,10034,1,-1,-1,10001,'2017-01-13 09:53:29',10001,'2017-01-13 09:53:29',10001,NULL,NULL,NULL,NULL,NULL,NULL,NULL,NULL,NULL,NULL,NULL,NULL,NULL,NULL,NULL,NULL),(10329,10001,10036,1,-1,-1,10001,'2017-01-13 09:53:29',10001,'2017-01-13 09:53:29',10001,NULL,NULL,NULL,NULL,NULL,NULL,NULL,NULL,NULL,NULL,NULL,NULL,NULL,NULL,NULL,NULL),(10330,10001,10035,1,-1,-1,10001,'2017-01-13 09:53:29',10001,'2017-01-13 09:53:29',10001,NULL,NULL,NULL,NULL,NULL,NULL,NULL,NULL,NULL,NULL,NULL,NULL,NULL,NULL,NULL,NULL),(10331,10001,10037,1,-1,-1,10001,'2017-01-13 09:53:29',10001,'2017-01-13 09:53:29',10001,NULL,NULL,NULL,NULL,NULL,NULL,NULL,NULL,NULL,NULL,NULL,NULL,NULL,NULL,NULL,NULL),(10332,10001,10044,1,-1,-1,10001,'2017-01-13 09:53:29',10001,'2017-01-13 09:53:29',10001,NULL,NULL,NULL,NULL,NULL,NULL,NULL,NULL,NULL,NULL,NULL,NULL,NULL,NULL,NULL,NULL),(10333,10001,10018,1,-1,-1,10001,'2017-01-13 09:53:29',10001,'2017-01-13 09:53:29',10001,NULL,NULL,NULL,NULL,NULL,NULL,NULL,NULL,NULL,NULL,NULL,NULL,NULL,NULL,NULL,NULL),(10334,10001,10021,1,-1,-1,10001,'2017-01-13 09:53:29',10001,'2017-01-13 09:53:29',10001,NULL,NULL,NULL,NULL,NULL,NULL,NULL,NULL,NULL,NULL,NULL,NULL,NULL,NULL,NULL,NULL),(10335,10001,10019,1,-1,-1,10001,'2017-01-13 09:53:29',10001,'2017-01-13 09:53:29',10001,NULL,NULL,NULL,NULL,NULL,NULL,NULL,NULL,NULL,NULL,NULL,NULL,NULL,NULL,NULL,NULL),(10336,10001,10020,1,-1,-1,10001,'2017-01-13 09:53:29',10001,'2017-01-13 09:53:29',10001,NULL,NULL,NULL,NULL,NULL,NULL,NULL,NULL,NULL,NULL,NULL,NULL,NULL,NULL,NULL,NULL),(10337,10001,10015,1,-1,-1,10001,'2017-01-13 09:53:29',10001,'2017-01-13 09:53:29',10001,NULL,NULL,NULL,NULL,NULL,NULL,NULL,NULL,NULL,NULL,NULL,NULL,NULL,NULL,NULL,NULL),(10338,10001,10016,1,-1,-1,10001,'2017-01-13 09:53:29',10001,'2017-01-13 09:53:29',10001,NULL,NULL,NULL,NULL,NULL,NULL,NULL,NULL,NULL,NULL,NULL,NULL,NULL,NULL,NULL,NULL),(10339,10001,10017,1,-1,-1,10001,'2017-01-13 09:53:29',10001,'2017-01-13 09:53:29',10001,NULL,NULL,NULL,NULL,NULL,NULL,NULL,NULL,NULL,NULL,NULL,NULL,NULL,NULL,NULL,NULL),(10340,10001,10026,1,-1,-1,10001,'2017-01-13 09:53:29',10001,'2017-01-13 09:53:29',10001,NULL,NULL,NULL,NULL,NULL,NULL,NULL,NULL,NULL,NULL,NULL,NULL,NULL,NULL,NULL,NULL),(10341,10001,10027,1,-1,-1,10001,'2017-01-13 09:53:29',10001,'2017-01-13 09:53:29',10001,NULL,NULL,NULL,NULL,NULL,NULL,NULL,NULL,NULL,NULL,NULL,NULL,NULL,NULL,NULL,NULL),(10342,10001,10031,1,-1,-1,10001,'2017-01-13 09:53:29',10001,'2017-01-13 09:53:29',10001,NULL,NULL,NULL,NULL,NULL,NULL,NULL,NULL,NULL,NULL,NULL,NULL,NULL,NULL,NULL,NULL),(10343,10001,10028,1,-1,-1,10001,'2017-01-13 09:53:29',10001,'2017-01-13 09:53:29',10001,NULL,NULL,NULL,NULL,NULL,NULL,NULL,NULL,NULL,NULL,NULL,NULL,NULL,NULL,NULL,NULL),(10344,10001,10029,1,-1,-1,10001,'2017-01-13 09:53:29',10001,'2017-01-13 09:53:29',10001,NULL,NULL,NULL,NULL,NULL,NULL,NULL,NULL,NULL,NULL,NULL,NULL,NULL,NULL,NULL,NULL),(10345,10001,10030,1,-1,-1,10001,'2017-01-13 09:53:29',10001,'2017-01-13 09:53:29',10001,NULL,NULL,NULL,NULL,NULL,NULL,NULL,NULL,NULL,NULL,NULL,NULL,NULL,NULL,NULL,NULL),(10346,10001,10032,1,-1,-1,10001,'2017-01-13 09:53:29',10001,'2017-01-13 09:53:29',10001,NULL,NULL,NULL,NULL,NULL,NULL,NULL,NULL,NULL,NULL,NULL,NULL,NULL,NULL,NULL,NULL),(10347,10001,10040,1,-1,-1,10001,'2017-01-13 09:53:29',10001,'2017-01-13 09:53:29',10001,NULL,NULL,NULL,NULL,NULL,NULL,NULL,NULL,NULL,NULL,NULL,NULL,NULL,NULL,NULL,NULL),(10348,10001,10041,1,-1,-1,10001,'2017-01-13 09:53:29',10001,'2017-01-13 09:53:29',10001,NULL,NULL,NULL,NULL,NULL,NULL,NULL,NULL,NULL,NULL,NULL,NULL,NULL,NULL,NULL,NULL),(10349,10001,10042,1,-1,-1,10001,'2017-01-13 09:53:29',10001,'2017-01-13 09:53:29',10001,NULL,NULL,NULL,NULL,NULL,NULL,NULL,NULL,NULL,NULL,NULL,NULL,NULL,NULL,NULL,NULL),(10350,10001,10001,1,-1,-1,10001,'2017-01-13 09:53:29',10001,'2017-01-13 09:53:29',10001,NULL,NULL,NULL,NULL,NULL,NULL,NULL,NULL,NULL,NULL,NULL,NULL,NULL,NULL,NULL,NULL),(10351,10001,10007,1,-1,-1,10001,'2017-01-13 09:53:29',10001,'2017-01-13 09:53:29',10001,NULL,NULL,NULL,NULL,NULL,NULL,NULL,NULL,NULL,NULL,NULL,NULL,NULL,NULL,NULL,NULL),(10352,10001,10008,1,-1,-1,10001,'2017-01-13 09:53:29',10001,'2017-01-13 09:53:29',10001,NULL,NULL,NULL,NULL,NULL,NULL,NULL,NULL,NULL,NULL,NULL,NULL,NULL,NULL,NULL,NULL),(10353,10001,10009,1,-1,-1,10001,'2017-01-13 09:53:29',10001,'2017-01-13 09:53:29',10001,NULL,NULL,NULL,NULL,NULL,NULL,NULL,NULL,NULL,NULL,NULL,NULL,NULL,NULL,NULL,NULL),(10354,10001,10010,1,-1,-1,10001,'2017-01-13 09:53:29',10001,'2017-01-13 09:53:29',10001,NULL,NULL,NULL,NULL,NULL,NULL,NULL,NULL,NULL,NULL,NULL,NULL,NULL,NULL,NULL,NULL),(10355,10001,10043,1,-1,-1,10001,'2017-01-13 09:53:29',10001,'2017-01-13 09:53:29',10001,NULL,NULL,NULL,NULL,NULL,NULL,NULL,NULL,NULL,NULL,NULL,NULL,NULL,NULL,NULL,NULL),(10356,10001,10011,1,-1,-1,10001,'2017-01-13 09:53:29',10001,'2017-01-13 09:53:29',10001,NULL,NULL,NULL,NULL,NULL,NULL,NULL,NULL,NULL,NULL,NULL,NULL,NULL,NULL,NULL,NULL),(10357,10001,10013,1,-1,-1,10001,'2017-01-13 09:53:29',10001,'2017-01-13 09:53:29',10001,NULL,NULL,NULL,NULL,NULL,NULL,NULL,NULL,NULL,NULL,NULL,NULL,NULL,NULL,NULL,NULL),(10358,10001,10012,1,-1,-1,10001,'2017-01-13 09:53:29',10001,'2017-01-13 09:53:29',10001,NULL,NULL,NULL,NULL,NULL,NULL,NULL,NULL,NULL,NULL,NULL,NULL,NULL,NULL,NULL,NULL),(10359,10001,10014,1,-1,-1,10001,'2017-01-13 09:53:29',10001,'2017-01-13 09:53:29',10001,NULL,NULL,NULL,NULL,NULL,NULL,NULL,NULL,NULL,NULL,NULL,NULL,NULL,NULL,NULL,NULL),(10360,10001,10038,1,-1,-1,10001,'2017-01-13 09:53:29',10001,'2017-01-13 09:53:29',10001,NULL,NULL,NULL,NULL,NULL,NULL,NULL,NULL,NULL,NULL,NULL,NULL,NULL,NULL,NULL,NULL),(10361,10001,10002,1,-1,-1,10001,'2017-01-13 09:53:29',10001,'2017-01-13 09:53:29',10001,NULL,NULL,NULL,NULL,NULL,NULL,NULL,NULL,NULL,NULL,NULL,NULL,NULL,NULL,NULL,NULL),(10362,10001,10003,1,-1,-1,10001,'2017-01-13 09:53:29',10001,'2017-01-13 09:53:29',10001,NULL,NULL,NULL,NULL,NULL,NULL,NULL,NULL,NULL,NULL,NULL,NULL,NULL,NULL,NULL,NULL),(10363,10001,10004,1,-1,-1,10001,'2017-01-13 09:53:29',10001,'2017-01-13 09:53:29',10001,NULL,NULL,NULL,NULL,NULL,NULL,NULL,NULL,NULL,NULL,NULL,NULL,NULL,NULL,NULL,NULL),(10364,10001,10006,1,-1,-1,10001,'2017-01-13 09:53:29',10001,'2017-01-13 09:53:29',10001,NULL,NULL,NULL,NULL,NULL,NULL,NULL,NULL,NULL,NULL,NULL,NULL,NULL,NULL,NULL,NULL),(10365,10001,10005,1,-1,-1,10001,'2017-01-13 09:53:29',10001,'2017-01-13 09:53:29',10001,NULL,NULL,NULL,NULL,NULL,NULL,NULL,NULL,NULL,NULL,NULL,NULL,NULL,NULL,NULL,NULL),(10366,10001,10022,1,-1,-1,10001,'2017-01-13 09:53:29',10001,'2017-01-13 09:53:29',10001,NULL,NULL,NULL,NULL,NULL,NULL,NULL,NULL,NULL,NULL,NULL,NULL,NULL,NULL,NULL,NULL),(10367,10001,10023,1,-1,-1,10001,'2017-01-13 09:53:29',10001,'2017-01-13 09:53:29',10001,NULL,NULL,NULL,NULL,NULL,NULL,NULL,NULL,NULL,NULL,NULL,NULL,NULL,NULL,NULL,NULL),(10368,10001,10024,1,-1,-1,10001,'2017-01-13 09:53:29',10001,'2017-01-13 09:53:29',10001,NULL,NULL,NULL,NULL,NULL,NULL,NULL,NULL,NULL,NULL,NULL,NULL,NULL,NULL,NULL,NULL),(10369,10001,10025,1,-1,-1,10001,'2017-01-13 09:53:29',10001,'2017-01-13 09:53:29',10001,NULL,NULL,NULL,NULL,NULL,NULL,NULL,NULL,NULL,NULL,NULL,NULL,NULL,NULL,NULL,NULL),(10370,10001,10039,1,-1,-1,10001,'2017-01-13 09:53:29',10001,'2017-01-13 09:53:29',10001,NULL,NULL,NULL,NULL,NULL,NULL,NULL,NULL,NULL,NULL,NULL,NULL,NULL,NULL,NULL,NULL);

/*Table structure for table `sys_role_resource_item` */

DROP TABLE IF EXISTS `sys_role_resource_item`;

CREATE TABLE `sys_role_resource_item` (
  `RSI_ID` bigint(20) NOT NULL AUTO_INCREMENT,
  `ROLE_ID` bigint(20) DEFAULT NULL COMMENT 'ID',
  `RESOURCE_ITEM_ID` bigint(20) DEFAULT NULL COMMENT 'ID',
  `OBJECT_VERSION_NUMBER` bigint(20) DEFAULT '1',
  `REQUEST_ID` bigint(20) DEFAULT '-1',
  `PROGRAM_ID` bigint(20) DEFAULT '-1',
  `CREATED_BY` bigint(20) DEFAULT '-1',
  `CREATION_DATE` datetime DEFAULT CURRENT_TIMESTAMP,
  `LAST_UPDATED_BY` bigint(20) DEFAULT '-1',
  `LAST_UPDATE_DATE` datetime DEFAULT CURRENT_TIMESTAMP,
  `LAST_UPDATE_LOGIN` bigint(20) DEFAULT '-1',
  `ATTRIBUTE_CATEGORY` varchar(30) DEFAULT NULL,
  `ATTRIBUTE1` varchar(240) DEFAULT NULL,
  `ATTRIBUTE2` varchar(240) DEFAULT NULL,
  `ATTRIBUTE3` varchar(240) DEFAULT NULL,
  `ATTRIBUTE4` varchar(240) DEFAULT NULL,
  `ATTRIBUTE5` varchar(240) DEFAULT NULL,
  `ATTRIBUTE6` varchar(240) DEFAULT NULL,
  `ATTRIBUTE7` varchar(240) DEFAULT NULL,
  `ATTRIBUTE8` varchar(240) DEFAULT NULL,
  `ATTRIBUTE9` varchar(240) DEFAULT NULL,
  `ATTRIBUTE10` varchar(240) DEFAULT NULL,
  `ATTRIBUTE11` varchar(240) DEFAULT NULL,
  `ATTRIBUTE12` varchar(240) DEFAULT NULL,
  `ATTRIBUTE13` varchar(240) DEFAULT NULL,
  `ATTRIBUTE14` varchar(240) DEFAULT NULL,
  `ATTRIBUTE15` varchar(240) DEFAULT NULL,
  PRIMARY KEY (`RSI_ID`),
  UNIQUE KEY `SYS_ROLE_RESOURCE_ITEM_U1` (`ROLE_ID`,`RESOURCE_ITEM_ID`),
  KEY `SYS_ROLE_RESOURCE_ITEM_N1` (`ROLE_ID`)
) ENGINE=InnoDB DEFAULT CHARSET=utf8;

/*Data for the table `sys_role_resource_item` */

/*Table structure for table `sys_role_tl` */

DROP TABLE IF EXISTS `sys_role_tl`;

CREATE TABLE `sys_role_tl` (
  `ROLE_ID` bigint(20) NOT NULL,
  `LANG` varchar(10) NOT NULL,
  `ROLE_NAME` varchar(150) DEFAULT NULL COMMENT '',
  `ROLE_DESCRIPTION` varchar(240) DEFAULT NULL COMMENT '',
  `OBJECT_VERSION_NUMBER` bigint(20) DEFAULT '1',
  `REQUEST_ID` bigint(20) DEFAULT '-1',
  `PROGRAM_ID` bigint(20) DEFAULT '-1',
  `CREATED_BY` bigint(20) DEFAULT '-1',
  `CREATION_DATE` datetime DEFAULT CURRENT_TIMESTAMP,
  `LAST_UPDATED_BY` bigint(20) DEFAULT '-1',
  `LAST_UPDATE_DATE` datetime DEFAULT CURRENT_TIMESTAMP,
  `LAST_UPDATE_LOGIN` bigint(20) DEFAULT '-1',
  `ATTRIBUTE_CATEGORY` varchar(30) DEFAULT NULL,
  `ATTRIBUTE1` varchar(240) DEFAULT NULL,
  `ATTRIBUTE2` varchar(240) DEFAULT NULL,
  `ATTRIBUTE3` varchar(240) DEFAULT NULL,
  `ATTRIBUTE4` varchar(240) DEFAULT NULL,
  `ATTRIBUTE5` varchar(240) DEFAULT NULL,
  `ATTRIBUTE6` varchar(240) DEFAULT NULL,
  `ATTRIBUTE7` varchar(240) DEFAULT NULL,
  `ATTRIBUTE8` varchar(240) DEFAULT NULL,
  `ATTRIBUTE9` varchar(240) DEFAULT NULL,
  `ATTRIBUTE10` varchar(240) DEFAULT NULL,
  `ATTRIBUTE11` varchar(240) DEFAULT NULL,
  `ATTRIBUTE12` varchar(240) DEFAULT NULL,
  `ATTRIBUTE13` varchar(240) DEFAULT NULL,
  `ATTRIBUTE14` varchar(240) DEFAULT NULL,
  `ATTRIBUTE15` varchar(240) DEFAULT NULL,
  PRIMARY KEY (`ROLE_ID`,`LANG`)
) ENGINE=InnoDB DEFAULT CHARSET=utf8;

/*Data for the table `sys_role_tl` */

insert  into `sys_role_tl`(`ROLE_ID`,`LANG`,`ROLE_NAME`,`ROLE_DESCRIPTION`,`OBJECT_VERSION_NUMBER`,`REQUEST_ID`,`PROGRAM_ID`,`CREATED_BY`,`CREATION_DATE`,`LAST_UPDATED_BY`,`LAST_UPDATE_DATE`,`LAST_UPDATE_LOGIN`,`ATTRIBUTE_CATEGORY`,`ATTRIBUTE1`,`ATTRIBUTE2`,`ATTRIBUTE3`,`ATTRIBUTE4`,`ATTRIBUTE5`,`ATTRIBUTE6`,`ATTRIBUTE7`,`ATTRIBUTE8`,`ATTRIBUTE9`,`ATTRIBUTE10`,`ATTRIBUTE11`,`ATTRIBUTE12`,`ATTRIBUTE13`,`ATTRIBUTE14`,`ATTRIBUTE15`) values (10001,'en_GB','ADMIN','Administrator',1,-1,-1,-1,'2016-12-26 19:31:25',-1,'2016-12-26 19:31:25',-1,NULL,NULL,NULL,NULL,NULL,NULL,NULL,NULL,NULL,NULL,NULL,NULL,NULL,NULL,NULL,NULL),(10001,'zh_CN','','',1,-1,-1,-1,'2016-12-26 19:31:25',-1,'2016-12-26 19:31:25',-1,NULL,NULL,NULL,NULL,NULL,NULL,NULL,NULL,NULL,NULL,NULL,NULL,NULL,NULL,NULL,NULL),(10002,'en_GB','Employee','Employee',1,-1,-1,-1,'2016-12-26 19:31:25',-1,'2016-12-26 19:31:25',-1,NULL,NULL,NULL,NULL,NULL,NULL,NULL,NULL,NULL,NULL,NULL,NULL,NULL,NULL,NULL,NULL),(10002,'zh_CN','','',1,-1,-1,-1,'2016-12-26 19:31:25',-1,'2016-12-26 19:31:25',-1,NULL,NULL,NULL,NULL,NULL,NULL,NULL,NULL,NULL,NULL,NULL,NULL,NULL,NULL,NULL,NULL),(10003,'en_GB','','',1,-1,-1,10001,'2017-01-09 12:21:16',10001,'2017-01-09 12:21:16',-1,NULL,NULL,NULL,NULL,NULL,NULL,NULL,NULL,NULL,NULL,NULL,NULL,NULL,NULL,NULL,NULL),(10003,'zh_CN','','',1,-1,-1,10001,'2017-01-09 12:21:16',10001,'2017-01-09 12:21:16',-1,NULL,NULL,NULL,NULL,NULL,NULL,NULL,NULL,NULL,NULL,NULL,NULL,NULL,NULL,NULL,NULL),(10004,'en_GB','','',1,-1,-1,10001,'2017-01-09 12:21:16',10001,'2017-01-09 12:21:16',-1,NULL,NULL,NULL,NULL,NULL,NULL,NULL,NULL,NULL,NULL,NULL,NULL,NULL,NULL,NULL,NULL),(10004,'zh_CN','','',1,-1,-1,10001,'2017-01-09 12:21:16',10001,'2017-01-09 12:21:16',-1,NULL,NULL,NULL,NULL,NULL,NULL,NULL,NULL,NULL,NULL,NULL,NULL,NULL,NULL,NULL,NULL);

/*Table structure for table `sys_user` */

DROP TABLE IF EXISTS `sys_user`;

CREATE TABLE `sys_user` (
  `USER_ID` bigint(20) NOT NULL AUTO_INCREMENT,
  `USER_TYPE` varchar(30) DEFAULT NULL COMMENT '',
  `USER_NAME` varchar(40) NOT NULL COMMENT '',
  `PASSWORD_ENCRYPTED` varchar(80) DEFAULT NULL COMMENT '',
  `EMAIL` varchar(150) DEFAULT NULL COMMENT '',
  `PHONE` varchar(40) DEFAULT NULL COMMENT '',
  `START_ACTIVE_DATE` datetime DEFAULT NULL COMMENT '',
  `END_ACTIVE_DATE` datetime DEFAULT NULL COMMENT '',
  `STATUS` varchar(30) DEFAULT NULL COMMENT '',
  `OBJECT_VERSION_NUMBER` bigint(20) DEFAULT '1',
  `REQUEST_ID` bigint(20) DEFAULT '-1',
  `PROGRAM_ID` bigint(20) DEFAULT '-1',
  `CREATED_BY` bigint(20) DEFAULT '-1',
  `CREATION_DATE` datetime DEFAULT CURRENT_TIMESTAMP,
  `LAST_UPDATED_BY` bigint(20) DEFAULT '-1',
  `LAST_UPDATE_DATE` datetime DEFAULT CURRENT_TIMESTAMP,
  `LAST_UPDATE_LOGIN` bigint(20) DEFAULT '-1',
  `ATTRIBUTE_CATEGORY` varchar(30) DEFAULT NULL,
  `ATTRIBUTE1` varchar(240) DEFAULT NULL,
  `ATTRIBUTE2` varchar(240) DEFAULT NULL,
  `ATTRIBUTE3` varchar(240) DEFAULT NULL,
  `ATTRIBUTE4` varchar(240) DEFAULT NULL,
  `ATTRIBUTE5` varchar(240) DEFAULT NULL,
  `ATTRIBUTE6` varchar(240) DEFAULT NULL,
  `ATTRIBUTE7` varchar(240) DEFAULT NULL,
  `ATTRIBUTE8` varchar(240) DEFAULT NULL,
  `ATTRIBUTE9` varchar(240) DEFAULT NULL,
  `ATTRIBUTE10` varchar(240) DEFAULT NULL,
  `ATTRIBUTE11` varchar(240) DEFAULT NULL,
  `ATTRIBUTE12` varchar(240) DEFAULT NULL,
  `ATTRIBUTE13` varchar(240) DEFAULT NULL,
  `ATTRIBUTE14` varchar(240) DEFAULT NULL,
  `ATTRIBUTE15` varchar(240) DEFAULT NULL,
  `LAST_LOGIN_DATE` datetime DEFAULT NULL COMMENT '',
  `LAST_PASSWORD_UPDATE_DATE` datetime DEFAULT NULL COMMENT '',
  PRIMARY KEY (`USER_ID`),
  UNIQUE KEY `SYS_USER_U1` (`USER_NAME`)
) ENGINE=InnoDB AUTO_INCREMENT=10007 DEFAULT CHARSET=utf8;

/*Data for the table `sys_user` */

insert  into `sys_user`(`USER_ID`,`USER_TYPE`,`USER_NAME`,`PASSWORD_ENCRYPTED`,`EMAIL`,`PHONE`,`START_ACTIVE_DATE`,`END_ACTIVE_DATE`,`STATUS`,`OBJECT_VERSION_NUMBER`,`REQUEST_ID`,`PROGRAM_ID`,`CREATED_BY`,`CREATION_DATE`,`LAST_UPDATED_BY`,`LAST_UPDATE_DATE`,`LAST_UPDATE_LOGIN`,`ATTRIBUTE_CATEGORY`,`ATTRIBUTE1`,`ATTRIBUTE2`,`ATTRIBUTE3`,`ATTRIBUTE4`,`ATTRIBUTE5`,`ATTRIBUTE6`,`ATTRIBUTE7`,`ATTRIBUTE8`,`ATTRIBUTE9`,`ATTRIBUTE10`,`ATTRIBUTE11`,`ATTRIBUTE12`,`ATTRIBUTE13`,`ATTRIBUTE14`,`ATTRIBUTE15`,`LAST_LOGIN_DATE`,`LAST_PASSWORD_UPDATE_DATE`) values (10001,NULL,'ADMIN','59baed859597b69548f28654af4125736915ea870252f8db664e3187dcfc298ead2b761e2acb576a','hap_dev@126.com','13763784776','2016-01-01 00:00:00',NULL,'ACTV',1,-1,-1,-1,'2016-12-26 19:31:25',-1,'2016-12-26 19:31:25',-1,NULL,NULL,NULL,NULL,NULL,NULL,NULL,NULL,NULL,NULL,NULL,NULL,NULL,NULL,NULL,NULL,NULL,NULL),(10002,NULL,'JESSEN','6c3f2b4ef2a4ef2783bfc3a9cd5436c34ac9984fb00ba0586faf962908c272f641d2f2d4e5bb63e2','shengyang.zhou@hand-china.com','13764784776',NULL,NULL,'ACTV',1,-1,-1,-1,'2016-12-26 19:31:25',-1,'2016-12-26 19:31:25',-1,NULL,NULL,NULL,NULL,NULL,NULL,NULL,NULL,NULL,NULL,NULL,NULL,NULL,NULL,NULL,NULL,NULL,NULL),(10003,NULL,'HAILEN','6c3f2b4ef2a4ef2783bfc3a9cd5436c34ac9984fb00ba0586faf962908c272f641d2f2d4e5bb63e2','hailen.hap@126.com','186',NULL,NULL,'ACTV',1,-1,-1,-1,'2016-12-26 19:31:25',-1,'2016-12-26 19:31:25',-1,NULL,NULL,NULL,NULL,NULL,NULL,NULL,NULL,NULL,NULL,NULL,NULL,NULL,NULL,NULL,NULL,NULL,NULL),(10004,NULL,'ERIC','6c3f2b4ef2a4ef2783bfc3a9cd5436c34ac9984fb00ba0586faf962908c272f641d2f2d4e5bb63e2','eric.hap@126.com','1893',NULL,NULL,'ACTV',1,-1,-1,-1,'2016-12-26 19:31:25',-1,'2016-12-26 19:31:25',-1,NULL,NULL,NULL,NULL,NULL,NULL,NULL,NULL,NULL,NULL,NULL,NULL,NULL,NULL,NULL,NULL,NULL,NULL),(10005,NULL,'TONY','6c3f2b4ef2a4ef2783bfc3a9cd5436c34ac9984fb00ba0586faf962908c272f641d2f2d4e5bb63e2','tony.hap@126.com','1891',NULL,NULL,'ACTV',1,-1,-1,-1,'2016-12-26 19:31:25',-1,'2016-12-26 19:31:25',-1,NULL,NULL,NULL,NULL,NULL,NULL,NULL,NULL,NULL,NULL,NULL,NULL,NULL,NULL,NULL,NULL,NULL,NULL),(10006,NULL,'RODGERS','6c3f2b4ef2a4ef2783bfc3a9cd5436c34ac9984fb00ba0586faf962908c272f641d2f2d4e5bb63e2','Rodgers.hap@126.com','1892',NULL,NULL,'ACTV',1,-1,-1,-1,'2016-12-26 19:31:25',-1,'2016-12-26 19:31:25',-1,NULL,NULL,NULL,NULL,NULL,NULL,NULL,NULL,NULL,NULL,NULL,NULL,NULL,NULL,NULL,NULL,NULL,NULL);

/*Table structure for table `sys_user_dashboard` */

DROP TABLE IF EXISTS `sys_user_dashboard`;

CREATE TABLE `sys_user_dashboard` (
  `USER_DASHBOARD_ID` bigint(20) NOT NULL AUTO_INCREMENT,
  `USER_ID` bigint(20) NOT NULL COMMENT 'ID',
  `DASHBOARD_ID` bigint(20) NOT NULL COMMENT 'ID',
  `DASHBOARD_SEQUENCE` decimal(20,0) DEFAULT '1' COMMENT '',
  `OBJECT_VERSION_NUMBER` bigint(20) DEFAULT '1',
  `REQUEST_ID` bigint(20) DEFAULT '-1',
  `PROGRAM_ID` bigint(20) DEFAULT '-1',
  `CREATED_BY` bigint(20) DEFAULT '-1',
  `CREATION_DATE` datetime DEFAULT CURRENT_TIMESTAMP,
  `LAST_UPDATED_BY` bigint(20) DEFAULT '-1',
  `LAST_UPDATE_DATE` datetime DEFAULT CURRENT_TIMESTAMP,
  `LAST_UPDATE_LOGIN` bigint(20) DEFAULT '-1',
  PRIMARY KEY (`USER_DASHBOARD_ID`)
) ENGINE=InnoDB AUTO_INCREMENT=10004 DEFAULT CHARSET=utf8;

/*Data for the table `sys_user_dashboard` */

insert  into `sys_user_dashboard`(`USER_DASHBOARD_ID`,`USER_ID`,`DASHBOARD_ID`,`DASHBOARD_SEQUENCE`,`OBJECT_VERSION_NUMBER`,`REQUEST_ID`,`PROGRAM_ID`,`CREATED_BY`,`CREATION_DATE`,`LAST_UPDATED_BY`,`LAST_UPDATE_DATE`,`LAST_UPDATE_LOGIN`) values (10001,10001,10001,'1',1,-1,-1,-1,'2016-12-26 19:31:33',-1,'2016-12-26 19:31:33',-1),(10002,10001,10002,'2',1,-1,-1,-1,'2016-12-26 19:31:33',-1,'2016-12-26 19:31:33',-1),(10003,10001,10003,'3',1,-1,-1,-1,'2016-12-26 19:31:33',-1,'2016-12-26 19:31:33',-1);

/*Table structure for table `sys_user_demo_b` */

DROP TABLE IF EXISTS `sys_user_demo_b`;

CREATE TABLE `sys_user_demo_b` (
  `USER_ID` bigint(20) NOT NULL AUTO_INCREMENT,
  `USER_CODE` varchar(255) NOT NULL COMMENT '',
  `USER_NAME` varchar(255) NOT NULL COMMENT '',
  `USER_AGE` bigint(20) DEFAULT NULL COMMENT '',
  `USER_SEX` varchar(50) DEFAULT NULL COMMENT '',
  `USER_BIRTH` date DEFAULT NULL COMMENT '',
  `USER_EMAIL` varchar(255) DEFAULT NULL COMMENT '',
  `USER_PHONE` bigint(20) DEFAULT NULL COMMENT '',
  `ENABLE_FLAG` varchar(1) DEFAULT NULL COMMENT '',
  `DESCRIPTION` varchar(255) DEFAULT NULL COMMENT '',
  `ROLE_ID` bigint(20) DEFAULT NULL COMMENT 'ID',
  `ROLE_NAME` varchar(255) DEFAULT NULL COMMENT '',
  `START_ACTIVE_TIME` datetime DEFAULT NULL COMMENT '',
  `END_ACTIVE_TIME` datetime DEFAULT NULL COMMENT '',
  `OBJECT_VERSION_NUMBER` bigint(20) DEFAULT '1',
  `REQUEST_ID` bigint(20) DEFAULT '-1',
  `PROGRAM_ID` bigint(20) DEFAULT '-1',
  `CREATED_BY` bigint(20) DEFAULT '-1',
  `CREATION_DATE` datetime DEFAULT CURRENT_TIMESTAMP,
  `LAST_UPDATED_BY` bigint(20) DEFAULT '-1',
  `LAST_UPDATE_DATE` datetime DEFAULT CURRENT_TIMESTAMP,
  `LAST_UPDATE_LOGIN` bigint(20) DEFAULT '-1',
  PRIMARY KEY (`USER_ID`),
  UNIQUE KEY `SYS_USER_DEMO_B_U1` (`USER_CODE`)
) ENGINE=InnoDB DEFAULT CHARSET=utf8;

/*Data for the table `sys_user_demo_b` */

/*Table structure for table `sys_user_demo_tl` */

DROP TABLE IF EXISTS `sys_user_demo_tl`;

CREATE TABLE `sys_user_demo_tl` (
  `USER_ID` bigint(20) NOT NULL,
  `LANG` varchar(50) NOT NULL,
  `USER_NAME` varchar(255) DEFAULT NULL COMMENT '',
  `DESCRIPTION` varchar(255) DEFAULT NULL COMMENT '',
  `OBJECT_VERSION_NUMBER` bigint(20) DEFAULT '1',
  `REQUEST_ID` bigint(20) DEFAULT '-1',
  `PROGRAM_ID` bigint(20) DEFAULT '-1',
  `CREATED_BY` bigint(20) DEFAULT '-1',
  `CREATION_DATE` datetime DEFAULT CURRENT_TIMESTAMP,
  `LAST_UPDATED_BY` bigint(20) DEFAULT '-1',
  `LAST_UPDATE_DATE` datetime DEFAULT CURRENT_TIMESTAMP,
  `LAST_UPDATE_LOGIN` bigint(20) DEFAULT '-1',
  PRIMARY KEY (`USER_ID`,`LANG`)
) ENGINE=InnoDB DEFAULT CHARSET=utf8;

/*Data for the table `sys_user_demo_tl` */

/*Table structure for table `sys_user_login` */

DROP TABLE IF EXISTS `sys_user_login`;

CREATE TABLE `sys_user_login` (
  `login_id` bigint(20) NOT NULL AUTO_INCREMENT,
  `user_id` bigint(20) NOT NULL COMMENT 'id',
  `login_time` datetime DEFAULT NULL COMMENT '',
  `ip` varchar(40) DEFAULT NULL COMMENT 'ip',
  `referer` varchar(240) DEFAULT NULL,
  `user_agent` varchar(240) DEFAULT NULL,
  `OBJECT_VERSION_NUMBER` bigint(20) DEFAULT '1',
  `REQUEST_ID` bigint(20) DEFAULT '-1',
  `PROGRAM_ID` bigint(20) DEFAULT '-1',
  `CREATED_BY` bigint(20) DEFAULT '-1',
  `CREATION_DATE` datetime DEFAULT CURRENT_TIMESTAMP,
  `LAST_UPDATED_BY` bigint(20) DEFAULT '-1',
  `LAST_UPDATE_DATE` datetime DEFAULT CURRENT_TIMESTAMP,
  `LAST_UPDATE_LOGIN` bigint(20) DEFAULT '-1',
  PRIMARY KEY (`login_id`)
) ENGINE=InnoDB AUTO_INCREMENT=10026 DEFAULT CHARSET=utf8;

/*Data for the table `sys_user_login` */

insert  into `sys_user_login`(`login_id`,`user_id`,`login_time`,`ip`,`referer`,`user_agent`,`OBJECT_VERSION_NUMBER`,`REQUEST_ID`,`PROGRAM_ID`,`CREATED_BY`,`CREATION_DATE`,`LAST_UPDATED_BY`,`LAST_UPDATE_DATE`,`LAST_UPDATE_LOGIN`) values (10001,10001,'2016-12-26 20:35:52','192.168.32.1','http://localhost:8080/login','Mozilla/5.0 (Windows NT 10.0; WOW64) AppleWebKit/537.36 (KHTML, like Gecko) Chrome/54.0.2840.59 Safari/537.36',1,-1,-1,-1,'2016-12-26 20:35:51',-1,'2016-12-26 20:35:51',-1),(10002,10001,'2016-12-27 16:33:25','10.211.122.132','http://localhost:8080/login','Mozilla/5.0 (Windows NT 10.0; WOW64; rv:50.0) Gecko/20100101 Firefox/50.0',1,-1,-1,-1,'2016-12-27 16:33:25',-1,'2016-12-27 16:33:25',-1),(10003,10001,'2016-12-30 11:41:14','192.168.32.1','http://localhost:8080/login','Mozilla/5.0 (Windows NT 10.0; WOW64) AppleWebKit/537.36 (KHTML, like Gecko) Chrome/54.0.2840.59 Safari/537.36',1,-1,-1,-1,'2016-12-30 11:41:14',-1,'2016-12-30 11:41:14',-1),(10004,10001,'2017-01-07 10:47:12','192.168.32.1','http://localhost:8080/login','Mozilla/5.0 (Windows NT 10.0; WOW64; rv:50.0) Gecko/20100101 Firefox/50.0',1,-1,-1,-1,'2017-01-07 10:47:11',-1,'2017-01-07 10:47:11',-1),(10005,10001,'2017-01-08 16:07:39','192.168.32.1','http://localhost:8080/login','Mozilla/5.0 (Windows NT 10.0; WOW64; rv:50.0) Gecko/20100101 Firefox/50.0',1,-1,-1,-1,'2017-01-08 16:07:38',-1,'2017-01-08 16:07:38',-1),(10006,10001,'2017-01-09 16:58:53','192.168.32.1','http://localhost:8080/login','Mozilla/5.0 (Windows NT 10.0; WOW64) AppleWebKit/537.36 (KHTML, like Gecko) Chrome/55.0.2883.87 Safari/537.36',1,-1,-1,-1,'2017-01-09 16:58:52',-1,'2017-01-09 16:58:52',-1),(10007,10001,'2017-01-09 17:01:04','192.168.32.1','http://localhost:8080/login','Mozilla/5.0 (Windows NT 10.0; Win64; x64) AppleWebKit/537.36 (KHTML, like Gecko) Chrome/46.0.2486.0 Safari/537.36 Edge/13.10586',1,-1,-1,-1,'2017-01-09 17:01:03',-1,'2017-01-09 17:01:03',-1),(10008,10001,'2017-01-10 19:38:40','192.168.32.1','http://localhost:8080/login','Mozilla/5.0 (Windows NT 10.0; WOW64; rv:50.0) Gecko/20100101 Firefox/50.0',1,-1,-1,-1,'2017-01-10 19:38:39',-1,'2017-01-10 19:38:39',-1),(10009,10001,'2017-01-13 00:08:48','192.168.32.1','http://localhost:8080/login','Mozilla/5.0 (Windows NT 10.0; WOW64) AppleWebKit/537.36 (KHTML, like Gecko) Chrome/55.0.2883.87 Safari/537.36',1,-1,-1,-1,'2017-01-13 00:08:47',-1,'2017-01-13 00:08:47',-1),(10010,10001,'2017-01-13 00:09:03','192.168.32.1','http://localhost:8080/login','Mozilla/5.0 (Windows NT 10.0; WOW64) AppleWebKit/537.36 (KHTML, like Gecko) Chrome/55.0.2883.87 Safari/537.36',1,-1,-1,-1,'2017-01-13 00:09:02',-1,'2017-01-13 00:09:02',-1),(10011,10001,'2017-01-13 08:56:35','10.211.122.132','http://localhost:8080/login','Mozilla/5.0 (Windows NT 10.0; WOW64) AppleWebKit/537.36 (KHTML, like Gecko) Chrome/55.0.2883.87 Safari/537.36',1,-1,-1,-1,'2017-01-13 08:56:35',-1,'2017-01-13 08:56:35',-1),(10012,10001,'2017-01-13 19:27:02','192.168.32.1','http://localhost:8080/login','Mozilla/5.0 (Windows NT 10.0; WOW64) AppleWebKit/537.36 (KHTML, like Gecko) Chrome/55.0.2883.87 Safari/537.36',1,-1,-1,-1,'2017-01-13 19:27:02',-1,'2017-01-13 19:27:02',-1),(10013,10001,'2017-01-13 19:27:28','192.168.32.1','http://localhost:8080/login','Mozilla/5.0 (Windows NT 10.0; WOW64) AppleWebKit/537.36 (KHTML, like Gecko) Chrome/55.0.2883.87 Safari/537.36',1,-1,-1,-1,'2017-01-13 19:27:28',-1,'2017-01-13 19:27:28',-1),(10014,10001,'2017-01-13 19:28:19','192.168.32.1','http://localhost:8080/login','Mozilla/5.0 (Windows NT 10.0; WOW64) AppleWebKit/537.36 (KHTML, like Gecko) Chrome/55.0.2883.87 Safari/537.36',1,-1,-1,-1,'2017-01-13 19:28:19',-1,'2017-01-13 19:28:19',-1),(10015,10001,'2017-01-13 19:28:57','192.168.32.1','http://localhost:8080/login','Mozilla/5.0 (Windows NT 10.0; WOW64) AppleWebKit/537.36 (KHTML, like Gecko) Chrome/45.0.2454.101 Safari/537.36',1,-1,-1,-1,'2017-01-13 19:28:56',-1,'2017-01-13 19:28:56',-1),(10016,10001,'2017-01-14 15:55:13','192.168.191.4','http://localhost:8080/login','Mozilla/5.0 (Windows NT 10.0; WOW64; rv:50.0) Gecko/20100101 Firefox/50.0',1,-1,-1,-1,'2017-01-14 15:55:12',-1,'2017-01-14 15:55:12',-1),(10017,10001,'2017-01-14 17:27:46','192.168.32.1','http://localhost:8080/login','Mozilla/5.0 (Windows NT 10.0; WOW64) AppleWebKit/537.36 (KHTML, like Gecko) Chrome/45.0.2454.101 Safari/537.36',1,-1,-1,-1,'2017-01-14 17:27:45',-1,'2017-01-14 17:27:45',-1),(10018,10001,'2017-01-14 18:09:29','192.168.32.1','http://localhost:8080/login','Mozilla/5.0 (Windows NT 10.0; WOW64) AppleWebKit/537.36 (KHTML, like Gecko) Chrome/45.0.2454.101 Safari/537.36',1,-1,-1,-1,'2017-01-14 18:09:28',-1,'2017-01-14 18:09:28',-1),(10019,10001,'2017-01-14 18:13:10','192.168.32.1','http://localhost:8080/login','Mozilla/5.0 (Windows NT 10.0; WOW64) AppleWebKit/537.36 (KHTML, like Gecko) Chrome/55.0.2883.87 Safari/537.36',1,-1,-1,-1,'2017-01-14 18:13:09',-1,'2017-01-14 18:13:09',-1),(10020,10001,'2017-01-14 18:13:24','192.168.32.1','http://localhost:8080/login','Mozilla/5.0 (Windows NT 10.0; WOW64) AppleWebKit/537.36 (KHTML, like Gecko) Chrome/55.0.2883.87 Safari/537.36',1,-1,-1,-1,'2017-01-14 18:13:24',-1,'2017-01-14 18:13:24',-1),(10021,10001,'2017-01-14 18:14:03','192.168.32.1','http://localhost:8080/login','Mozilla/5.0 (Windows NT 10.0; WOW64) AppleWebKit/537.36 (KHTML, like Gecko) Chrome/55.0.2883.87 Safari/537.36',1,-1,-1,-1,'2017-01-14 18:14:02',-1,'2017-01-14 18:14:02',-1),(10022,10001,'2017-01-14 20:04:07','192.168.32.1','http://localhost:8080/login','Mozilla/5.0 (Windows NT 10.0; WOW64) AppleWebKit/537.36 (KHTML, like Gecko) Chrome/45.0.2454.101 Safari/537.36',1,-1,-1,-1,'2017-01-14 20:04:06',-1,'2017-01-14 20:04:06',-1),(10023,10001,'2017-01-14 20:37:39','192.168.32.1','http://localhost:8080/login','Mozilla/5.0 (Windows NT 10.0; WOW64) AppleWebKit/537.36 (KHTML, like Gecko) Chrome/45.0.2454.101 Safari/537.36',1,-1,-1,-1,'2017-01-14 20:37:38',-1,'2017-01-14 20:37:38',-1),(10024,10001,'2017-01-15 14:10:50','192.168.32.1','http://localhost:8080/login','Mozilla/5.0 (Windows NT 10.0; WOW64; rv:50.0) Gecko/20100101 Firefox/50.0',1,-1,-1,-1,'2017-01-15 14:10:49',-1,'2017-01-15 14:10:49',-1),(10025,10001,'2017-01-15 18:41:54','192.168.32.1','http://localhost:8080/login','Mozilla/5.0 (Windows NT 10.0; WOW64) AppleWebKit/537.36 (KHTML, like Gecko) Chrome/45.0.2454.101 Safari/537.36',1,-1,-1,-1,'2017-01-15 18:41:54',-1,'2017-01-15 18:41:54',-1);

/*Table structure for table `sys_user_role` */

DROP TABLE IF EXISTS `sys_user_role`;

CREATE TABLE `sys_user_role` (
  `SUR_ID` bigint(20) NOT NULL AUTO_INCREMENT,
  `USER_ID` bigint(20) DEFAULT NULL COMMENT 'ID',
  `ROLE_ID` bigint(20) DEFAULT NULL COMMENT 'ID',
  `OBJECT_VERSION_NUMBER` bigint(20) DEFAULT '1',
  `REQUEST_ID` bigint(20) DEFAULT '-1',
  `PROGRAM_ID` bigint(20) DEFAULT '-1',
  `CREATED_BY` bigint(20) DEFAULT '-1',
  `CREATION_DATE` datetime DEFAULT CURRENT_TIMESTAMP,
  `LAST_UPDATED_BY` bigint(20) DEFAULT '-1',
  `LAST_UPDATE_DATE` datetime DEFAULT CURRENT_TIMESTAMP,
  `LAST_UPDATE_LOGIN` bigint(20) DEFAULT '-1',
  `ATTRIBUTE_CATEGORY` varchar(30) DEFAULT NULL,
  `ATTRIBUTE1` varchar(240) DEFAULT NULL,
  `ATTRIBUTE2` varchar(240) DEFAULT NULL,
  `ATTRIBUTE3` varchar(240) DEFAULT NULL,
  `ATTRIBUTE4` varchar(240) DEFAULT NULL,
  `ATTRIBUTE5` varchar(240) DEFAULT NULL,
  `ATTRIBUTE6` varchar(240) DEFAULT NULL,
  `ATTRIBUTE7` varchar(240) DEFAULT NULL,
  `ATTRIBUTE8` varchar(240) DEFAULT NULL,
  `ATTRIBUTE9` varchar(240) DEFAULT NULL,
  `ATTRIBUTE10` varchar(240) DEFAULT NULL,
  `ATTRIBUTE11` varchar(240) DEFAULT NULL,
  `ATTRIBUTE12` varchar(240) DEFAULT NULL,
  `ATTRIBUTE13` varchar(240) DEFAULT NULL,
  `ATTRIBUTE14` varchar(240) DEFAULT NULL,
  `ATTRIBUTE15` varchar(240) DEFAULT NULL,
  PRIMARY KEY (`SUR_ID`),
  UNIQUE KEY `SYS_USER_ROLE_U1` (`ROLE_ID`,`USER_ID`)
) ENGINE=InnoDB AUTO_INCREMENT=10008 DEFAULT CHARSET=utf8;

/*Data for the table `sys_user_role` */

insert  into `sys_user_role`(`SUR_ID`,`USER_ID`,`ROLE_ID`,`OBJECT_VERSION_NUMBER`,`REQUEST_ID`,`PROGRAM_ID`,`CREATED_BY`,`CREATION_DATE`,`LAST_UPDATED_BY`,`LAST_UPDATE_DATE`,`LAST_UPDATE_LOGIN`,`ATTRIBUTE_CATEGORY`,`ATTRIBUTE1`,`ATTRIBUTE2`,`ATTRIBUTE3`,`ATTRIBUTE4`,`ATTRIBUTE5`,`ATTRIBUTE6`,`ATTRIBUTE7`,`ATTRIBUTE8`,`ATTRIBUTE9`,`ATTRIBUTE10`,`ATTRIBUTE11`,`ATTRIBUTE12`,`ATTRIBUTE13`,`ATTRIBUTE14`,`ATTRIBUTE15`) values (10001,10001,10001,1,-1,-1,-1,'2016-12-26 19:31:25',-1,'2016-12-26 19:31:25',-1,NULL,NULL,NULL,NULL,NULL,NULL,NULL,NULL,NULL,NULL,NULL,NULL,NULL,NULL,NULL,NULL),(10002,10001,10002,1,-1,-1,-1,'2016-12-26 19:31:25',-1,'2016-12-26 19:31:25',-1,NULL,NULL,NULL,NULL,NULL,NULL,NULL,NULL,NULL,NULL,NULL,NULL,NULL,NULL,NULL,NULL),(10003,10002,10002,1,-1,-1,-1,'2016-12-26 19:31:25',-1,'2016-12-26 19:31:25',-1,NULL,NULL,NULL,NULL,NULL,NULL,NULL,NULL,NULL,NULL,NULL,NULL,NULL,NULL,NULL,NULL),(10004,10003,10002,1,-1,-1,-1,'2016-12-26 19:31:25',-1,'2016-12-26 19:31:25',-1,NULL,NULL,NULL,NULL,NULL,NULL,NULL,NULL,NULL,NULL,NULL,NULL,NULL,NULL,NULL,NULL),(10005,10004,10002,1,-1,-1,-1,'2016-12-26 19:31:25',-1,'2016-12-26 19:31:25',-1,NULL,NULL,NULL,NULL,NULL,NULL,NULL,NULL,NULL,NULL,NULL,NULL,NULL,NULL,NULL,NULL),(10006,10005,10002,1,-1,-1,-1,'2016-12-26 19:31:25',-1,'2016-12-26 19:31:25',-1,NULL,NULL,NULL,NULL,NULL,NULL,NULL,NULL,NULL,NULL,NULL,NULL,NULL,NULL,NULL,NULL),(10007,10006,10002,1,-1,-1,-1,'2016-12-26 19:31:25',-1,'2016-12-26 19:31:25',-1,NULL,NULL,NULL,NULL,NULL,NULL,NULL,NULL,NULL,NULL,NULL,NULL,NULL,NULL,NULL,NULL);

/*!40101 SET SQL_MODE=@OLD_SQL_MODE */;
/*!40014 SET FOREIGN_KEY_CHECKS=@OLD_FOREIGN_KEY_CHECKS */;
/*!40014 SET UNIQUE_CHECKS=@OLD_UNIQUE_CHECKS */;
/*!40111 SET SQL_NOTES=@OLD_SQL_NOTES */;
